,gid,cctv,light,log_pa,ep,fp,yp,nb
0,れ_58ab30ba,-0.5,-0.5,2.098017927,-0.316027088,-0.33122807,-0.323076923,0.09548225679308976
1,れ_58bb30ab,-0.5,-0.5,2.050012731,-0.343115124,-0.341052632,-0.323076923,0.09548225679308976
2,れ_59aa30aa,-0.5,-0.5,2.050012731,-0.343115124,-0.341052632,-0.323076923,0.09548225679308976
3,れ_59aa30ab,-0.5,-0.5,2.050012731,-0.343115124,-0.341052632,-0.323076923,0.7524504306244418
4,れ_59ab30aa,0.0,0.0,1.930071085,-0.343115124,-0.341052632,-0.323076923,1.1559704510713553
5,れ_59ab30ab,-0.5,-0.5,1.930071085,-0.343115124,-0.341052632,-0.323076923,0.7524504306244418
6,れ_59ba30aa,-0.5,-0.5,1.846721027,-0.343115124,-0.341052632,-0.323076923,-2.205124015364859
7,れ_59ba30bb,-0.5,-0.5,1.5847353,-0.180586907,-0.303157895,-0.323076923,1.1559704510713553
8,れ_59ba31ab,-0.5,-0.5,1.455120552,-0.343115124,-0.332631579,-0.323076923,1.6805105247454442
9,れ_59bb29bb,-0.5,-0.5,1.878090059,-0.343115124,-0.341052632,-0.323076923,0.09548225679308976
10,れ_59bb30ba,-0.5,-0.5,1.614425454,-0.30248307,-0.315789474,-0.276923077,2.1768845859352064
11,れ_59bb30bb,-0.5,-0.5,1.426476151,-0.311512415,-0.33122807,-0.323076923,0.09548225679308976
12,れ_59bb31aa,-0.5,-0.5,1.374474784,-0.343115124,-0.329824561,-0.323076923,0.7524504306244418
13,れ_59bb31ab,-0.5,-0.5,1.393269975,-0.343115124,-0.329824561,-0.323076923,1.6805105247454442
14,れ_59bb31ba,-0.5,-0.5,1.393269975,-0.343115124,-0.341052632,-0.323076923,1.449334001130827
15,れ_59bb32bb,-0.5,-0.5,1.087888325,-0.343115124,-0.341052632,-0.323076923,1.1559704510713553
16,れ_60aa29ba,-0.5,-0.5,1.949475215,-0.343115124,-0.341052632,-0.323076923,1.449334001130827
17,れ_60aa29bb,-0.5,-0.5,1.846721027,-0.306997743,-0.33122807,-0.323076923,1.1559704510713553
18,れ_60aa30aa,-0.5,-0.5,1.846721027,-0.343115124,-0.341052632,-0.323076923,0.09548225679308976
19,れ_60aa30ab,-0.5,-0.5,1.614425454,-0.343115124,-0.341052632,-0.323076923,0.09548225679308976
20,れ_60aa31bb,-0.5,-0.5,1.310492648,-0.343115124,-0.341052632,-0.323076923,0.09548225679308976
21,れ_60aa32ba,-0.5,-0.5,1.022810575,-0.343115124,-0.341052632,-0.323076923,-2.205124015364859
22,れ_60aa32bb,0.0,0.0,1.087888325,-0.343115124,-0.341052632,-0.323076923,0.09548225679308976
23,れ_60ab29ba,-0.5,-0.5,1.717574571,-0.311512415,-0.322807018,-0.323076923,2.303161982697385
24,れ_60ab29bb,-0.5,-0.5,1.784063263,-0.343115124,-0.341052632,-0.323076923,0.09548225679308976
25,れ_60ab32bb,-0.5,-0.5,1.0595249,-0.343115124,-0.341052632,-0.323076923,2.0346159972975615
26,れ_60ba29ab,-0.5,-0.5,1.717574571,-0.343115124,-0.341052632,-0.323076923,0.09548225679308976
27,れ_60ba32ba,-0.5,-0.5,1.716317274,-0.248306998,-0.263859649,-0.323076923,1.1559704510713553
28,れ_60ba32bb,-0.5,-0.5,0.762673243,-0.343115124,-0.328421053,-0.323076923,0.7524504306244418
29,れ_60bb29aa,0.0,0.0,1.662978679,-0.343115124,-0.341052632,-0.323076923,0.7524504306244418
30,れ_60bb29ab,0.0,0.0,1.558775998,-0.221218962,-0.248421053,-0.253846154,1.6805105247454442
31,れ_60bb32ab,-0.5,-0.5,1.716317274,-0.343115124,-0.341052632,-0.323076923,0.09548225679308976
32,れ_60bb32ba,-0.5,-0.5,1.716317274,0.076749436,0.014035088,0.069230769,2.1768845859352064
33,れ_60bb32bb,-0.5,-0.5,2.281872051,-0.288939052,-0.18245614,-0.061538462,-2.205124015364859
34,れ_61aa29aa,-0.5,-0.5,1.662978679,-0.343115124,-0.341052632,-0.323076923,1.1559704510713553
35,れ_61aa29ab,-0.5,-0.5,1.558775998,-0.343115124,-0.311578947,-0.246153846,1.449334001130827
36,れ_61aa30bb,-0.5,-0.5,1.463255402,-0.343115124,-0.341052632,-0.323076923,1.1559704510713553
37,れ_61aa32ab,-0.5,-0.5,0.408792898,-0.343115124,-0.341052632,-0.323076923,0.09548225679308976
38,れ_61aa32ba,0.0,0.0,0.408792898,-0.0496614,-0.028070175,-0.015384615,1.1559704510713553
39,れ_61aa32bb,-0.5,-0.5,0.408792898,-0.216704289,-0.188070175,-0.146153846,-2.205124015364859
40,れ_61ab32ab,0.0,0.0,0.408792898,-0.180586907,0.067368421,0.338461538,-2.205124015364859
41,れ_61ab32ba,2.5,2.5,0.408792898,-0.279909707,-0.247017544,-0.207692308,-2.205124015364859
42,れ_61ab32bb,0.0,0.0,0.408792898,-0.139954853,-0.105263158,0.023076923,-2.205124015364859
43,れ_61ba29aa,-0.5,-0.5,1.428635202,-0.343115124,-0.341052632,-0.323076923,0.7524504306244418
44,れ_61ba32ab,0.5,0.5,0.408792898,-0.30248307,-0.220350877,-0.123076923,-2.205124015364859
45,れ_61ba32ba,4.0,4.0,0.629141851,-0.216704289,-0.179649123,-0.038461538,-2.205124015364859
46,れ_61ba32bb,0.0,0.0,0.629141851,-0.230248307,-0.186666667,-0.1,-2.205124015364859
47,れ_61ba36ab,-0.5,-0.5,1.675600115,-0.297968397,-0.317192982,-0.323076923,2.303161982697385
48,れ_61bb31bb,-0.5,-0.5,0.332177312,-0.248306998,-0.230175439,-0.215384615,-2.205124015364859
49,れ_61bb32ab,1.5,1.5,2.035097728,-0.207674944,-0.070175439,0.330769231,-2.205124015364859
50,れ_61bb32ba,3.5,3.5,0.629141851,-0.022573363,0.092631579,0.492307692,-2.205124015364859
51,れ_61bb32bb,-0.5,-0.5,0.629141851,-0.176072235,-0.202105263,-0.123076923,-2.205124015364859
52,れ_61bb36ab,-0.5,-0.5,1.490654376,-0.121896163,-0.234385965,-0.323076923,2.5199610850467526
53,れ_61bb36ba,-0.5,-0.5,1.490654376,-0.221218962,-0.252631579,-0.323076923,2.303161982697385
54,れ_62aa31ba,0.5,0.5,0.332177312,-0.176072235,-0.200701754,-0.192307692,-2.205124015364859
55,れ_62aa31bb,-0.5,-0.5,0.332177312,1.205417607,1.037192982,1.407692308,-2.205124015364859
56,れ_62aa32aa,2.0,2.0,0.037295785,0.681715576,0.919298246,1.807692308,-2.205124015364859
57,れ_62aa32ab,1.5,1.5,-0.644357016,0.501128668,0.696140351,1.1,-2.205124015364859
58,れ_62aa32ba,0.5,0.5,0.629141851,0.18510158,0.398596491,0.976923077,-2.205124015364859
59,れ_62aa32bb,1.5,1.5,2.900102043,-0.004514673,0.38877193,1.107692308,-2.205124015364859
60,れ_62aa33bb,-0.5,-0.5,1.15750993,-0.343115124,-0.341052632,-0.323076923,0.09548225679308976
61,れ_62aa34ab,-0.5,-0.5,1.682316558,-0.343115124,-0.341052632,-0.323076923,1.6805105247454442
62,れ_62aa36ab,0.0,0.0,1.490654376,-0.279909707,-0.291929825,-0.323076923,1.871591121293624
63,れ_62aa36ba,0.5,0.5,1.490654376,-0.243792325,-0.280701754,-0.323076923,2.303161982697385
64,れ_62aa36bb,0.5,0.5,1.419003536,-0.316027088,-0.324210526,-0.323076923,2.4167334156165534
65,れ_62aa37aa,-0.5,-0.5,1.446448284,-0.266365688,-0.296140351,-0.269230769,0.09548225679308976
66,れ_62ab28ab,-0.5,-0.5,1.532124809,-0.316027088,-0.33122807,-0.323076923,0.7524504306244418
67,れ_62ab30ab,-0.5,-0.5,1.125578737,-0.343115124,-0.327017544,-0.323076923,-2.205124015364859
68,れ_62ab30ba,-0.5,-0.5,1.116779593,-0.311512415,-0.324210526,-0.323076923,0.09548225679308976
69,れ_62ab31ba,-0.5,-0.5,0.332177312,0.081264108,-0.019649123,0.038461538,-2.205124015364859
70,れ_62ab31bb,0.0,0.0,-0.114289146,0.130925508,0.015438596,0.169230769,-2.205124015364859
71,れ_62ab32aa,0.5,0.5,-0.114289146,0.207674944,0.401403509,0.846153846,-2.205124015364859
72,れ_62ab32ab,0.0,0.0,-0.114289146,0.374717833,0.593684211,1.292307692,-2.205124015364859
73,れ_62ab32ba,1.5,1.5,-0.644357016,0.306997743,0.610526316,1.246153846,-2.205124015364859
74,れ_62ab32bb,1.5,1.5,2.900102043,0.018058691,0.175438596,0.292307692,-2.205124015364859
75,れ_62ab33bb,-0.5,-0.5,1.15750993,-0.343115124,-0.341052632,-0.323076923,-2.205124015364859
76,れ_62ab34ab,-0.5,-0.5,1.652497402,-0.343115124,-0.341052632,-0.323076923,1.449334001130827
77,れ_62ab35ba,-0.5,-0.5,1.585759785,-0.343115124,-0.341052632,-0.323076923,-2.205124015364859
78,れ_62ab35bb,-0.5,-0.5,1.585759785,-0.343115124,-0.341052632,-0.323076923,0.09548225679308976
79,れ_62ab36ab,-0.5,-0.5,1.898668785,-0.343115124,-0.341052632,-0.323076923,-2.205124015364859
80,れ_62ab36bb,-0.5,-0.5,1.419003536,-0.343115124,-0.341052632,-0.323076923,1.6805105247454442
81,れ_62ab37aa,-0.5,-0.5,1.446448284,-0.257336343,-0.29754386,-0.323076923,2.6146012016941915
82,れ_62ba28ab,-0.5,-0.5,1.695615609,-0.343115124,-0.341052632,-0.323076923,0.09548225679308976
83,れ_62ba30ab,-0.5,-0.5,1.08146613,-0.343115124,-0.341052632,-0.323076923,-2.205124015364859
84,れ_62ba30ba,-0.5,-0.5,1.116779593,-0.279909707,-0.317192982,-0.323076923,-2.205124015364859
85,れ_62ba30bb,-0.5,-0.5,1.116779593,-0.343115124,-0.325614035,-0.323076923,-2.205124015364859
86,れ_62ba31aa,-0.5,-0.5,1.116779593,-0.297968397,-0.32,-0.323076923,0.7524504306244418
87,れ_62ba32ab,2.0,2.0,-0.114289146,-0.198645598,-0.05754386,0.361538462,-2.205124015364859
88,れ_62ba32ba,5.0,5.0,-0.644357016,0.022573363,0.028070175,0.053846154,-2.205124015364859
89,れ_62ba32bb,5.0,5.0,2.900102043,0.112866817,0.065964912,0.053846154,-2.205124015364859
90,れ_62ba33aa,1.5,1.5,2.900102043,-0.225733634,-0.255438596,-0.230769231,-2.205124015364859
91,れ_62ba34ba,-0.5,-0.5,1.652497402,-0.343115124,-0.341052632,-0.323076923,0.09548225679308976
92,れ_62ba35ab,-0.5,-0.5,1.585759785,-0.279909707,-0.286315789,-0.323076923,1.1559704510713553
93,れ_62ba35ba,0.0,0.0,1.585759785,-0.270880361,-0.311578947,-0.323076923,1.871591121293624
94,れ_62ba35bb,-0.5,-0.5,1.585759785,-0.343115124,-0.341052632,-0.323076923,0.09548225679308976
95,れ_62bb28aa,-0.5,-0.5,1.058484498,-0.306997743,-0.321403509,-0.323076923,2.303161982697385
96,れ_62bb28ab,-0.5,-0.5,1.029262211,-0.343115124,-0.341052632,-0.323076923,0.7524504306244418
97,れ_62bb28bb,0.0,0.0,1.185401419,-0.343115124,-0.33122807,-0.323076923,1.449334001130827
98,れ_62bb29aa,-0.5,-0.5,1.185401419,-0.306997743,-0.324210526,-0.323076923,1.1559704510713553
99,れ_62bb31ba,-0.5,-0.5,1.257892646,-0.343115124,-0.33122807,-0.323076923,-2.205124015364859
100,れ_62bb32aa,0.0,0.0,0.166361537,-0.343115124,-0.341052632,-0.323076923,-2.205124015364859
101,れ_62bb32ab,1.5,1.5,0.166361537,-0.189616253,-0.056140351,0.061538462,-2.205124015364859
102,れ_62bb32ba,2.5,2.5,-1.224175512,-0.162528217,-0.095438596,-0.007692308,-2.205124015364859
103,れ_62bb32bb,1.5,1.5,-0.634878272,-0.270880361,-0.258245614,-0.261538462,-2.205124015364859
104,れ_62bb33aa,-0.5,-0.5,1.686398954,-0.306997743,-0.314385965,-0.323076923,-2.205124015364859
105,れ_62bb34aa,-0.5,-0.5,1.40585186,-0.343115124,-0.341052632,-0.323076923,0.09548225679308976
106,れ_62bb34ab,-0.5,-0.5,1.40585186,-0.343115124,-0.341052632,-0.323076923,-2.205124015364859
107,れ_62bb35ab,0.0,0.0,1.585759785,-0.306997743,-0.311578947,-0.323076923,1.6805105247454442
108,れ_62bb35ba,-0.5,-0.5,1.585759785,-0.343115124,-0.332631579,-0.323076923,0.09548225679308976
109,れ_62bb36bb,-0.5,-0.5,1.198457624,-0.343115124,-0.341052632,-0.323076923,0.09548225679308976
110,れ_63aa28aa,-0.5,-0.5,1.058484498,-0.343115124,-0.341052632,-0.323076923,0.09548225679308976
111,れ_63aa28ab,-0.5,-0.5,1.029262211,-0.343115124,-0.332631579,-0.323076923,-2.205124015364859
112,れ_63aa28ba,-0.5,-0.5,1.125903149,-0.343115124,-0.329824561,-0.323076923,0.09548225679308976
113,れ_63aa28bb,-0.5,-0.5,1.125903149,-0.343115124,-0.341052632,-0.323076923,0.09548225679308976
114,れ_63aa32aa,0.5,0.5,0.166361537,-0.306997743,-0.294736842,-0.323076923,-2.205124015364859
115,れ_63aa32ab,5.0,5.0,0.166361537,-0.099322799,-0.033684211,0.246153846,-2.205124015364859
116,れ_63aa32ba,3.0,3.0,-0.740238788,-0.239277652,-0.199298246,-0.176923077,-2.205124015364859
117,れ_63aa32bb,-0.5,-0.5,-0.634878272,-0.284424379,-0.283508772,-0.223076923,-2.205124015364859
118,れ_63aa34aa,0.0,0.0,1.40585186,-0.343115124,-0.341052632,-0.323076923,2.303161982697385
119,れ_63aa37ab,-0.5,-0.5,0.544647172,-0.203160271,-0.254035088,-0.253846154,2.859026767580517
120,れ_63ab28ab,-0.5,-0.5,1.029262211,-0.343115124,-0.33122807,-0.323076923,1.449334001130827
121,れ_63ab31ba,-0.5,-0.5,1.257892646,-0.343115124,-0.328421053,-0.323076923,-2.205124015364859
122,れ_63ab31bb,-0.5,-0.5,0.166361537,-0.18510158,-0.234385965,-0.169230769,-2.205124015364859
123,れ_63ab32aa,0.0,0.0,0.166361537,0.347629797,1.009122807,2.153846154,-2.205124015364859
124,れ_63ab32ab,0.5,0.5,0.166361537,0.148984199,0.383157895,0.646153846,-2.205124015364859
125,れ_63ab32ba,0.0,0.0,-0.740238788,0.112866817,0.22877193,0.353846154,-2.205124015364859
126,れ_63ab34ab,-0.5,-0.5,1.23051736,-0.343115124,-0.341052632,-0.323076923,-2.205124015364859
127,れ_63ab34ba,-0.5,-0.5,1.23051736,-0.343115124,-0.341052632,-0.323076923,3.232158706401343
128,れ_63ab34bb,0.0,0.0,1.412205743,-0.343115124,-0.341052632,-0.323076923,0.09548225679308976
129,れ_63ab37ab,0.5,0.5,0.544647172,-0.293453725,-0.294736842,-0.323076923,1.6805105247454442
130,れ_63ba29ba,-0.5,-0.5,1.570281197,-0.343115124,-0.341052632,-0.323076923,-2.205124015364859
131,れ_63ba31ba,-0.5,-0.5,0.771033719,-0.297968397,-0.314385965,-0.276923077,0.7524504306244418
132,れ_63ba31bb,0.0,0.0,1.106911091,-0.343115124,-0.341052632,-0.323076923,-2.205124015364859
133,れ_63ba32aa,-0.5,-0.5,0.463734016,0.812641084,1.557894737,3.230769231,-2.205124015364859
134,れ_63ba32ab,1.0,1.0,0.290428298,-0.343115124,-0.293333333,-0.323076923,-2.205124015364859
135,れ_63ba32ba,2.0,2.0,0.290428298,-0.194130926,-0.17122807,-0.176923077,-2.205124015364859
136,れ_63ba33bb,-0.5,-0.5,0.919485623,-0.248306998,-0.259649123,-0.238461538,-2.205124015364859
137,れ_63ba34ab,-0.5,-0.5,1.23051736,-0.343115124,-0.341052632,-0.323076923,1.1559704510713553
138,れ_63ba34ba,-0.5,-0.5,1.23051736,-0.343115124,-0.341052632,-0.323076923,1.1559704510713553
139,れ_63ba37aa,-0.5,-0.5,0.544647172,-0.343115124,-0.332631579,-0.323076923,1.6805105247454442
140,れ_63ba37ab,-0.5,-0.5,0.544647172,-0.343115124,-0.341052632,-0.323076923,0.7524504306244418
141,れ_63bb27bb,-0.5,-0.5,1.037091432,-0.343115124,-0.341052632,-0.323076923,0.09548225679308976
142,れ_63bb29ab,-0.5,-0.5,1.252762968,-0.343115124,-0.341052632,-0.323076923,-2.205124015364859
143,れ_63bb29ba,-0.5,-0.5,1.451613827,-0.343115124,-0.341052632,-0.323076923,-2.205124015364859
144,れ_63bb30aa,0.0,0.0,1.391530628,-0.036117381,-0.190877193,-0.246153846,2.5199610850467526
145,れ_63bb30ab,-0.5,-0.5,1.391530628,-0.176072235,-0.258245614,-0.323076923,2.0346159972975615
146,れ_63bb31ba,-0.5,-0.5,0.771033719,-0.311512415,-0.325614035,-0.323076923,1.1559704510713553
147,れ_63bb32aa,0.5,0.5,0.071389996,0.523702032,1.052631579,2.876923077,-2.205124015364859
148,れ_63bb32ab,4.5,4.5,0.290428298,-0.343115124,-0.341052632,-0.323076923,-2.205124015364859
149,れ_63bb33aa,-0.5,-0.5,0.828988403,-0.343115124,-0.341052632,-0.323076923,-2.205124015364859
150,れ_63bb33ab,1.0,1.0,0.828988403,0.23476298,0.06877193,0.238461538,-2.205124015364859
151,れ_63bb33ba,0.5,0.5,0.828988403,0.176072235,-0.007017544,0.138461538,-2.205124015364859
152,れ_63bb33bb,0.0,0.0,1.329988525,-0.085778781,-0.082807018,0.030769231,-2.205124015364859
153,れ_63bb34ba,-0.5,-0.5,1.23051736,-0.297968397,-0.321403509,-0.323076923,1.449334001130827
154,れ_63bb36ba,-0.5,-0.5,0.372941916,-0.343115124,-0.341052632,-0.323076923,0.09548225679308976
155,れ_64aa28bb,-0.5,-0.5,0.870874868,-0.275395034,-0.324210526,-0.323076923,-2.205124015364859
156,れ_64aa29ab,-0.5,-0.5,1.252762968,-0.343115124,-0.324210526,-0.323076923,1.871591121293624
157,れ_64aa29ba,-0.5,-0.5,1.451613827,-0.343115124,-0.33122807,-0.323076923,-2.205124015364859
158,れ_64aa30aa,0.0,0.0,1.391530628,-0.239277652,-0.247017544,-0.261538462,2.0346159972975615
159,れ_64aa30ab,-0.5,-0.5,1.391530628,-0.266365688,-0.293333333,-0.323076923,0.7524504306244418
160,れ_64aa31ab,-0.5,-0.5,1.185401419,-0.343115124,-0.341052632,-0.323076923,-2.205124015364859
161,れ_64aa31ba,-0.5,-0.5,1.085864716,-0.343115124,-0.341052632,-0.323076923,1.449334001130827
162,れ_64aa32aa,0.0,0.0,0.768718367,-0.121896163,0.522105263,2.384615385,-2.205124015364859
163,れ_64aa32ab,0.5,0.5,0.835514422,0.25282167,0.846315789,2.369230769,-2.205124015364859
164,れ_64aa32bb,-0.5,-0.5,1.046968056,-0.198645598,-0.192280702,-0.069230769,-2.205124015364859
165,れ_64aa33aa,-0.5,-0.5,0.828988403,0.18510158,0.179649123,0.476923077,-2.205124015364859
166,れ_64aa33ab,0.5,0.5,0.828988403,0.501128668,0.630175439,1.615384615,-2.205124015364859
167,れ_64aa33ba,2.0,2.0,1.907169321,-0.094808126,-0.044912281,0.092307692,-2.205124015364859
168,れ_64aa33bb,7.0,7.0,1.907169321,-0.261851016,-0.168421053,-0.069230769,-2.205124015364859
169,れ_64aa34ab,-0.5,-0.5,1.329988525,-0.343115124,-0.341052632,-0.323076923,1.1559704510713553
170,れ_64aa36ab,-0.5,-0.5,-0.644357016,-0.343115124,-0.341052632,-0.323076923,0.09548225679308976
171,れ_64aa36ba,-0.5,-0.5,-0.644357016,-0.036117381,0.211929825,0.553846154,-2.205124015364859
172,れ_64aa36bb,-0.5,-0.5,0.373630385,0.30248307,0.760701754,2.546153846,-2.205124015364859
173,れ_64aa37ba,0.0,0.0,0.601579987,-0.279909707,-0.322807018,-0.323076923,0.09548225679308976
174,れ_64aa38bb,-0.5,-0.5,1.279265788,-0.343115124,-0.341052632,-0.323076923,0.09548225679308976
175,れ_64ab27ab,-0.5,-0.5,0.589451944,-0.221218962,-0.280701754,-0.323076923,1.449334001130827
176,れ_64ab27ba,0.0,0.0,1.196948189,-0.275395034,-0.287719298,-0.276923077,0.7524504306244418
177,れ_64ab28ba,-0.5,-0.5,0.592774206,-0.343115124,-0.341052632,-0.323076923,-2.205124015364859
178,れ_64ab28bb,0.0,0.0,0.841136058,0.532731377,0.035087719,-0.115384615,-2.205124015364859
179,れ_64ab29aa,-0.5,-0.5,0.841136058,-0.108352144,-0.272280702,-0.323076923,-2.205124015364859
180,れ_64ab29ab,0.5,0.5,1.030333448,0.013544018,-0.150175439,-0.184615385,3.3817324958154487
181,れ_64ab29ba,-0.5,-0.5,1.113829254,-0.121896163,-0.268070175,-0.261538462,0.09548225679308976
182,れ_64ab29bb,-0.5,-0.5,1.113829254,-0.343115124,-0.341052632,-0.323076923,-2.205124015364859
183,れ_64ab30aa,0.0,0.0,1.113829254,-0.054176072,-0.124912281,-0.130769231,2.4167334156165534
184,れ_64ab30ab,-0.5,-0.5,1.391530628,0.0,-0.204912281,-0.215384615,2.5199610850467526
185,れ_64ab31ab,-0.5,-0.5,1.185401419,-0.343115124,-0.33122807,-0.323076923,1.1559704510713553
186,れ_64ab31ba,-0.5,-0.5,1.085864716,-0.343115124,-0.341052632,-0.323076923,-2.205124015364859
187,れ_64ab31bb,0.0,0.0,1.03425153,-0.343115124,-0.322807018,-0.323076923,-2.205124015364859
188,れ_64ab32aa,0.5,0.5,0.768718367,-0.257336343,-0.030877193,0.607692308,-2.205124015364859
189,れ_64ab32ab,1.0,1.0,3.304943423,0.063205418,0.501052632,1.561538462,-2.205124015364859
190,れ_64ab32ba,0.5,0.5,3.304943423,0.099322799,0.343859649,1.130769231,-2.205124015364859
191,れ_64ab32bb,0.5,0.5,3.304943423,-0.027088036,0.071578947,0.615384615,-2.205124015364859
192,れ_64ab33aa,0.5,0.5,3.447921922,-0.266365688,-0.188070175,-0.007692308,-2.205124015364859
193,れ_64ab33ab,4.5,4.5,2.827313622,-0.198645598,-0.042105263,0.323076923,-2.205124015364859
194,れ_64ab33ba,1.0,1.0,1.907169321,-0.257336343,-0.124912281,0.061538462,-2.205124015364859
195,れ_64ab33bb,-0.5,-0.5,1.907169321,-0.343115124,-0.312982456,-0.261538462,-2.205124015364859
196,れ_64ab34ab,-0.5,-0.5,0.801553054,-0.343115124,-0.341052632,-0.323076923,1.871591121293624
197,れ_64ab34ba,0.0,0.0,0.951657876,-0.162528217,-0.252631579,-0.323076923,3.595143919688303
198,れ_64ab34bb,-0.5,-0.5,0.877965618,-0.189616253,-0.103859649,-0.184615385,-2.205124015364859
199,れ_64ab35bb,-0.5,-0.5,0.674473915,-0.316027088,-0.341052632,-0.323076923,0.7524504306244418
200,れ_64ab36aa,-0.5,-0.5,0.674473915,-0.284424379,-0.32,-0.323076923,1.6805105247454442
201,れ_64ab36ab,-0.5,-0.5,-0.644357016,-0.158013544,-0.126315789,-0.1,-2.205124015364859
202,れ_64ab36ba,-0.5,-0.5,-0.644357016,0.126410835,0.686315789,1.523076923,-2.205124015364859
203,れ_64ab36bb,-0.5,-0.5,0.373630385,0.60496614,1.073684211,2.246153846,-2.205124015364859
204,れ_64ab37aa,-0.5,-0.5,0.373630385,-0.343115124,-0.33122807,-0.323076923,0.09548225679308976
205,れ_64ab37ab,-0.5,-0.5,0.373630385,-0.293453725,-0.321403509,-0.323076923,0.7524504306244418
206,れ_64ab37ba,0.0,0.0,0.601579987,-0.230248307,-0.289122807,-0.253846154,1.6805105247454442
207,れ_64ab38bb,-0.5,-0.5,2.67786587,-0.316027088,-0.325614035,-0.323076923,0.09548225679308976
208,れ_64ab39aa,-0.5,-0.5,2.67786587,-0.266365688,-0.290526316,-0.276923077,1.1559704510713553
209,れ_64ba27ab,1.0,1.0,0.589451944,-0.013544018,-0.176842105,-0.276923077,3.232158706401343
210,れ_64ba27ba,0.0,0.0,2.32454226,-0.189616253,-0.218947368,-0.323076923,2.701995457269642
211,れ_64ba28aa,-0.5,-0.5,2.256017457,-0.343115124,-0.341052632,-0.323076923,0.09548225679308976
212,れ_64ba28ab,-0.5,-0.5,0.592774206,-0.343115124,-0.341052632,-0.323076923,0.09548225679308976
213,れ_64ba28bb,-0.5,-0.5,0.841136058,0.135440181,-0.120701754,-0.161538462,1.449334001130827
214,れ_64ba29aa,-0.5,-0.5,0.841136058,-0.343115124,-0.341052632,-0.323076923,2.4167334156165534
215,れ_64ba29ab,0.0,0.0,2.030251297,-0.221218962,-0.276491228,-0.323076923,1.6805105247454442
216,れ_64ba29ba,-0.5,-0.5,1.113829254,-0.343115124,-0.341052632,-0.323076923,1.6805105247454442
217,れ_64ba29bb,-0.5,-0.5,1.113829254,-0.343115124,-0.341052632,-0.323076923,0.7524504306244418
218,れ_64ba30aa,0.5,0.5,1.113829254,0.406320542,0.195087719,0.053846154,3.1206045979594323
219,れ_64ba30ab,0.0,0.0,1.812052172,0.013544018,-0.039298246,-0.053846154,2.930174942615175
220,れ_64ba30ba,-0.5,-0.5,1.412449319,-0.343115124,-0.341052632,-0.323076923,0.7524504306244418
221,れ_64ba30bb,0.0,0.0,1.412449319,-0.306997743,-0.301754386,-0.269230769,2.1768845859352064
222,れ_64ba31aa,0.0,0.0,1.234598998,-0.212189616,-0.21754386,-0.176923077,2.303161982697385
223,れ_64ba31bb,1.0,1.0,1.229640551,-0.343115124,-0.311578947,-0.276923077,0.7524504306244418
224,れ_64ba32aa,1.0,1.0,1.229640551,-0.284424379,-0.214736842,-0.076923077,-2.205124015364859
225,れ_64ba32ab,5.0,5.0,1.229640551,-0.180586907,-0.065964912,0.184615385,-2.205124015364859
226,れ_64ba32ba,2.5,2.5,0.999896316,-0.225733634,-0.155789474,-0.084615385,-2.205124015364859
227,れ_64ba32bb,1.5,1.5,0.90825856,-0.288939052,-0.232982456,-0.107692308,-2.205124015364859
228,れ_64ba33aa,0.5,0.5,0.882940752,-0.297968397,-0.234385965,-0.123076923,-2.205124015364859
229,れ_64ba33bb,0.5,0.5,0.609765572,-0.343115124,-0.25122807,-0.323076923,-2.205124015364859
230,れ_64ba34bb,-0.5,-0.5,0.877965618,-0.216704289,-0.258245614,-0.238461538,2.997191932124966
231,れ_64ba35aa,-0.5,-0.5,0.789366038,-0.343115124,-0.341052632,-0.323076923,1.449334001130827
232,れ_64ba35ba,-0.5,-0.5,0.674473915,-0.266365688,-0.310175439,-0.323076923,1.1559704510713553
233,れ_64ba35bb,0.5,0.5,0.674473915,-0.270880361,-0.301754386,-0.323076923,2.7831922916032688
234,れ_64ba36aa,0.0,0.0,0.674473915,-0.081264108,-0.050526316,0.123076923,2.5199610850467526
235,れ_64ba36ab,0.5,0.5,0.169742775,-0.112866817,-0.050526316,0.146153846,-2.205124015364859
236,れ_64ba36ba,-0.5,-0.5,-0.33128571,-0.004514673,0.106666667,0.176923077,-2.205124015364859
237,れ_64ba36bb,-0.5,-0.5,0.373630385,1.309255079,0.642807018,0.446153846,-2.205124015364859
238,れ_64ba37aa,-0.5,-0.5,0.373630385,-0.144469526,-0.206315789,-0.269230769,0.09548225679308976
239,れ_64ba37ab,-0.5,-0.5,0.373630385,-0.343115124,-0.332631579,-0.323076923,-2.205124015364859
240,れ_64ba38ab,0.0,0.0,0.724645848,-0.306997743,-0.329824561,-0.323076923,0.7524504306244418
241,れ_64ba38ba,-0.5,-0.5,0.724645848,-0.343115124,-0.341052632,-0.323076923,0.09548225679308976
242,れ_64ba38bb,-0.5,-0.5,0.724645848,-0.261851016,-0.286315789,-0.253846154,0.09548225679308976
243,れ_64ba39aa,0.0,0.0,0.947401727,0.054176072,-0.05754386,-0.084615385,2.7831922916032688
244,れ_64ba39ab,0.0,0.0,0.947401727,-0.316027088,-0.324210526,-0.323076923,1.1559704510713553
245,れ_64ba39ba,-0.5,-0.5,1.240690387,-0.288939052,-0.321403509,-0.323076923,1.1559704510713553
246,れ_64bb27ab,-0.5,-0.5,0.448524598,-0.343115124,-0.341052632,-0.323076923,-2.205124015364859
247,れ_64bb28aa,-0.5,-0.5,-1.027222293,-0.343115124,-0.341052632,-0.323076923,0.09548225679308976
248,れ_64bb28ab,-0.5,-0.5,-2.009915479,-0.343115124,-0.341052632,-0.323076923,1.6805105247454442
249,れ_64bb28ba,-0.5,-0.5,0.592774206,-0.343115124,-0.341052632,-0.323076923,1.1559704510713553
250,れ_64bb28bb,-0.5,-0.5,0.841136058,-0.343115124,-0.341052632,-0.323076923,1.1559704510713553
251,れ_64bb29aa,-0.5,-0.5,0.841136058,-0.343115124,-0.332631579,-0.323076923,2.0346159972975615
252,れ_64bb29ab,0.5,0.5,2.030251297,-0.343115124,-0.341052632,-0.323076923,1.1559704510713553
253,れ_64bb29bb,-0.5,-0.5,1.113829254,-0.343115124,-0.341052632,-0.323076923,1.449334001130827
254,れ_64bb30aa,-0.5,-0.5,1.113829254,-0.343115124,-0.341052632,-0.323076923,1.449334001130827
255,れ_64bb30ba,-0.5,-0.5,1.271444519,-0.343115124,-0.341052632,-0.323076923,2.1768845859352064
256,れ_64bb31aa,-0.5,-0.5,1.234598998,-0.343115124,-0.341052632,-0.323076923,-2.205124015364859
257,れ_64bb34bb,-0.5,-0.5,0.851858872,-0.275395034,-0.303157895,-0.323076923,1.871591121293624
258,れ_64bb35aa,-0.5,-0.5,0.851858872,-0.343115124,-0.341052632,-0.323076923,-2.205124015364859
259,れ_64bb35ab,-0.5,-0.5,0.789366038,-0.343115124,-0.341052632,-0.323076923,1.1559704510713553
260,れ_64bb35ba,-0.5,-0.5,0.736685483,-0.343115124,-0.341052632,-0.323076923,2.0346159972975615
261,れ_64bb35bb,0.5,0.5,0.243730185,-0.288939052,-0.303157895,-0.323076923,2.6146012016941915
262,れ_64bb36aa,0.0,0.0,0.464362749,-0.306997743,-0.341052632,-0.323076923,1.1559704510713553
263,れ_64bb36ab,0.0,0.0,0.464362749,-0.275395034,-0.318596491,-0.323076923,1.871591121293624
264,れ_64bb36ba,1.5,1.5,0.464362749,0.036117381,-0.103859649,-0.146153846,3.3339685236581023
265,れ_64bb36bb,-0.5,-0.5,0.317726194,-0.343115124,-0.327017544,-0.323076923,0.7524504306244418
266,れ_64bb37ab,0.0,0.0,-0.240798487,-0.343115124,-0.341052632,-0.323076923,0.7524504306244418
267,れ_64bb38bb,-0.5,-0.5,0.724645848,-0.279909707,-0.284912281,-0.269230769,0.09548225679308976
268,れ_64bb39aa,0.0,0.0,0.947401727,-0.081264108,-0.196491228,-0.246153846,2.7831922916032688
269,れ_64bb39ab,0.5,0.5,0.947401727,-0.212189616,-0.241403509,-0.238461538,2.4167334156165534
270,れ_64bb39ba,-0.5,-0.5,1.240690387,-0.23476298,-0.237192982,-0.192307692,1.449334001130827
271,れ_64bb39bb,0.0,0.0,1.241557565,-0.261851016,-0.277894737,-0.246153846,0.7524504306244418
272,れ_64bb40aa,0.0,0.0,0.915890652,-0.212189616,-0.237192982,-0.223076923,1.871591121293624
273,れ_65aa27aa,-0.5,-0.5,0.381172416,-0.343115124,-0.341052632,-0.323076923,0.7524504306244418
274,れ_65aa27ab,-0.5,-0.5,0.446607051,0.334085779,0.157192982,-0.153846154,0.09548225679308976
275,れ_65aa27ba,-0.5,-0.5,-1.027222293,-0.194130926,-0.143157895,-0.146153846,1.6805105247454442
276,れ_65aa27bb,0.5,0.5,-1.027222293,-0.225733634,-0.224561404,-0.323076923,1.871591121293624
277,れ_65aa28aa,0.0,0.0,-1.027222293,3.110609481,3.323508772,3.138461538,2.5199610850467526
278,れ_65aa28ab,-0.5,-0.5,-2.009915479,1.62979684,1.92,3.184615385,2.7831922916032688
279,れ_65aa28ba,0.0,0.0,-0.432322562,1.083521445,1.863859649,3.7,2.4167334156165534
280,れ_65aa28bb,1.0,1.0,-0.432322562,1.64785553,1.807719298,2.9,3.1777171998095506
281,れ_65aa29aa,0.0,0.0,2.093221165,0.600451467,1.155087719,1.653846154,-2.205124015364859
282,れ_65aa29ab,-0.5,-0.5,2.030251297,0.699774266,2.752280702,0.476923077,0.09548225679308976
283,れ_65aa29ba,0.0,0.0,1.852384091,-0.284424379,-0.283508772,-0.323076923,2.4167334156165534
284,れ_65aa29bb,0.0,0.0,1.812052172,0.275395034,1.710877193,0.123076923,2.1768845859352064
285,れ_65aa30aa,-0.5,-0.5,1.812052172,1.467268623,1.477894737,1.492307692,1.449334001130827
286,れ_65aa30ab,0.0,0.0,1.812052172,2.297968397,3.331929825,4.123076923,2.1768845859352064
287,れ_65aa30ba,0.0,0.0,1.770365577,1.34537246,1.214035088,2.269230769,-2.205124015364859
288,れ_65aa30bb,-0.5,-0.5,1.727043155,0.505643341,0.467368421,0.976923077,-2.205124015364859
289,れ_65aa31ba,-0.5,-0.5,1.415610415,-0.176072235,-0.193684211,-0.092307692,-2.205124015364859
290,れ_65aa31bb,-0.5,-0.5,1.229640551,-0.090293454,-0.144561404,-0.053846154,-2.205124015364859
291,れ_65aa32bb,-0.5,-0.5,0.740030766,0.009029345,0.109473684,0.123076923,-2.205124015364859
292,れ_65aa33ba,-0.5,-0.5,0.639746404,-0.343115124,-0.341052632,-0.323076923,-2.205124015364859
293,れ_65aa33bb,-0.5,-0.5,0.609765572,-0.343115124,-0.32,-0.323076923,-2.205124015364859
294,れ_65aa35ab,-0.5,-0.5,0.43567095,-0.343115124,-0.341052632,-0.323076923,-2.205124015364859
295,れ_65aa35ba,-0.5,-0.5,1.314798359,-0.297968397,-0.328421053,-0.323076923,0.09548225679308976
296,れ_65aa35bb,0.0,0.0,0.243730185,-0.126410835,-0.188070175,-0.215384615,2.930174942615175
297,れ_65aa36aa,-0.5,-0.5,0.464362749,-0.343115124,-0.341052632,-0.323076923,-2.205124015364859
298,れ_65aa36ab,-0.5,-0.5,0.464362749,-0.343115124,-0.33122807,-0.323076923,0.09548225679308976
299,れ_65aa36ba,-0.5,-0.5,0.464362749,-0.257336343,-0.296140351,-0.238461538,0.09548225679308976
300,れ_65aa36bb,-0.5,-0.5,0.163818085,-0.343115124,-0.341052632,-0.323076923,-2.205124015364859
301,れ_65aa38bb,-0.5,-0.5,0.724645848,-0.343115124,-0.341052632,-0.323076923,0.09548225679308976
302,れ_65aa39ab,-0.5,-0.5,0.947401727,-0.239277652,-0.259649123,-0.230769231,2.4167334156165534
303,れ_65aa39ba,0.5,0.5,1.172172492,0.009029345,-0.151578947,-0.184615385,3.2841721149714416
304,れ_65aa39bb,-0.5,-0.5,1.128494663,-0.279909707,-0.290526316,-0.323076923,0.7524504306244418
305,れ_65aa40aa,1.5,1.5,0.915890652,0.094808126,-0.094035088,-0.1,3.427626340404232
306,れ_65ab26ab,-0.5,-0.5,0.850578189,-0.027088036,-0.063157895,-0.223076923,0.7524504306244418
307,れ_65ab26ba,0.5,0.5,0.850578189,-0.316027088,-0.317192982,-0.323076923,1.6805105247454442
308,れ_65ab26bb,0.0,0.0,0.381172416,-0.076749436,0.190877193,-0.253846154,1.871591121293624
309,れ_65ab27aa,-0.5,-0.5,0.381172416,-0.343115124,-0.341052632,-0.323076923,0.09548225679308976
310,れ_65ab27ab,0.0,0.0,0.446607051,0.06772009,-0.108070175,-0.223076923,3.595143919688303
311,れ_65ab27ba,1.5,1.5,-1.027222293,0.519187359,0.623157895,0.361538462,4.390999404642522
312,れ_65ab27bb,1.0,1.0,-1.027222293,0.148984199,0.56,-0.1,3.5143616624734317
313,れ_65ab28aa,-0.5,-0.5,-1.027222293,0.853273138,0.74245614,0.423076923,2.930174942615175
314,れ_65ab28ab,0.0,0.0,-2.009915479,1.941309255,1.204210526,1.053846154,2.6146012016941915
315,れ_65ab28ba,0.0,0.0,-0.432322562,0.203160271,0.461754386,1.1,2.1768845859352064
316,れ_65ab28bb,0.0,0.0,-0.432322562,0.261851016,0.145964912,0.292307692,0.7524504306244418
317,れ_65ab29aa,-0.5,-0.5,-0.102032726,0.180586907,0.138947368,0.192307692,2.0346159972975615
318,れ_65ab29ab,-0.5,-0.5,0.134530893,-0.031602709,-0.103859649,-0.130769231,0.7524504306244418
319,れ_65ab29ba,0.5,0.5,0.134530893,-0.171557562,-0.103859649,0.046153846,1.449334001130827
320,れ_65ab29bb,0.5,0.5,0.134530893,-0.23476298,-0.21754386,-0.123076923,0.09548225679308976
321,れ_65ab30aa,0.0,0.0,-0.913793852,0.158013544,0.101052632,0.053846154,3.0605392086593843
322,れ_65ab30ba,-0.5,-0.5,0.463734016,1.575620767,1.059649123,1.230769231,0.09548225679308976
323,れ_65ab30bb,-0.5,-0.5,0.463734016,0.79006772,0.450526316,0.653846154,-2.205124015364859
324,れ_65ab31ba,0.0,0.0,1.083837003,-0.148984199,-0.165614035,-0.107692308,-2.205124015364859
325,れ_65ab31bb,2.5,2.5,1.083837003,-0.036117381,0.033684211,0.069230769,-2.205124015364859
326,れ_65ab32aa,0.0,0.0,1.083837003,0.176072235,0.513684211,0.938461538,-2.205124015364859
327,れ_65ab32ab,-0.5,-0.5,0.925052238,0.261851016,1.275789474,1.423076923,-2.205124015364859
328,れ_65ab32ba,0.5,0.5,0.740030766,-0.103837472,0.070175439,0.246153846,-2.205124015364859
329,れ_65ab32bb,0.0,0.0,0.740030766,0.293453725,0.404210526,0.184615385,-2.205124015364859
330,れ_65ab33aa,0.0,0.0,0.740030766,0.027088036,0.200701754,0.207692308,-2.205124015364859
331,れ_65ab33bb,0.0,0.0,0.297137231,-0.288939052,-0.089824561,-0.323076923,-2.205124015364859
332,れ_65ab35aa,-0.5,-0.5,0.452984624,-0.343115124,-0.307368421,-0.276923077,0.7524504306244418
333,れ_65ab35ab,-0.5,-0.5,0.452984624,-0.343115124,-0.329824561,-0.323076923,-2.205124015364859
334,れ_65ab35ba,-0.5,-0.5,0.452984624,-0.293453725,-0.32,-0.323076923,0.09548225679308976
335,れ_65ab35bb,0.0,0.0,0.700122794,-0.216704289,-0.252631579,-0.2,1.1559704510713553
336,れ_65ab36aa,-0.5,-0.5,0.464362749,-0.343115124,-0.341052632,-0.323076923,-2.205124015364859
337,れ_65ab36ab,-0.5,-0.5,0.464362749,-0.311512415,-0.332631579,-0.323076923,-2.205124015364859
338,れ_65ab39bb,0.0,0.0,1.014505779,-0.343115124,-0.341052632,-0.323076923,-2.205124015364859
339,れ_65ab40aa,-0.5,-0.5,0.915890652,-0.316027088,-0.324210526,-0.323076923,0.7524504306244418
340,れ_65ba26ba,-0.5,-0.5,0.327143141,0.198645598,0.305964912,-0.123076923,1.449334001130827
341,れ_65ba26bb,0.5,0.5,0.381172416,0.06772009,0.060350877,-0.207692308,1.6805105247454442
342,れ_65ba27aa,-0.5,-0.5,0.381172416,-0.194130926,-0.284912281,-0.323076923,2.5199610850467526
343,れ_65ba27ab,1.0,1.0,0.089840704,1.133182844,0.735438596,0.284615385,4.811180759248893
344,れ_65ba27ba,0.0,0.0,-0.169602784,1.0248307,1.287017544,1.646153846,5.101340346140699
345,れ_65ba27bb,0.5,0.5,-0.169602784,0.568848758,0.524912281,0.776923077,3.841024191030605
346,れ_65ba28aa,0.5,0.5,-0.169602784,1.990970655,1.605614035,0.546153846,3.232158706401343
347,れ_65ba28ab,1.5,1.5,-0.01308524,3.124153499,1.37122807,0.369230769,2.930174942615175
348,れ_65ba28ba,-0.5,-0.5,0.501986675,0.112866817,0.049122807,0.169230769,2.303161982697385
349,れ_65ba29aa,2.0,2.0,0.168898536,0.121896163,0.10245614,-0.030769231,4.675976169254766
350,れ_65ba29ab,-0.5,-0.5,0.168898536,1.963882619,1.642105263,1.823076923,3.8088665679598366
351,れ_65ba29ba,-0.5,-0.5,0.168898536,1.643340858,1.212631579,1.761538462,2.930174942615175
352,れ_65ba29bb,1.0,1.0,0.134530893,1.331828442,1.928421053,2.738461538,3.555444447354803
353,れ_65ba30aa,0.0,0.0,0.371563556,0.586907449,0.569824561,0.153846154,5.509877064161574
354,れ_65ba30ab,1.5,1.5,0.463734016,0.275395034,0.332631579,0.092307692,4.958472182886142
355,れ_65ba30ba,-0.5,-0.5,0.463734016,0.695259594,0.439298246,0.423076923,4.286236993196077
356,れ_65ba30bb,0.0,0.0,0.463734016,2.455981941,2.443508772,1.792307692,2.6146012016941915
357,れ_65ba31aa,0.0,0.0,0.650761464,0.550790068,0.293333333,0.130769231,1.6805105247454442
358,れ_65ba31ba,1.0,1.0,0.964699871,-0.266365688,-0.206315789,-0.215384615,0.09548225679308976
359,れ_65ba31bb,2.0,2.0,0.964699871,-0.072234763,0.046315789,0.161538462,-2.205124015364859
360,れ_65ba32aa,1.0,1.0,0.964699871,-0.081264108,0.053333333,0.269230769,-2.205124015364859
361,れ_65ba32ab,0.0,0.0,0.67498321,0.392776524,1.068070175,2.207692308,-2.205124015364859
362,れ_65ba32ba,-0.5,-0.5,0.67498321,-0.126410835,-0.012631579,0.307692308,-2.205124015364859
363,れ_65ba33aa,1.0,1.0,0.662172376,-0.343115124,-0.087017544,-0.323076923,-2.205124015364859
364,れ_65ba33ab,0.0,0.0,0.492865298,-0.343115124,-0.113684211,-0.323076923,-2.205124015364859
365,れ_65ba33ba,0.0,0.0,0.297137231,-0.343115124,-0.341052632,-0.323076923,-2.205124015364859
366,れ_65ba34aa,-0.5,-0.5,-0.742337425,-0.176072235,-0.081403509,0.284615385,-2.205124015364859
367,れ_65ba34ab,-0.5,-0.5,-0.742337425,-0.311512415,-0.256842105,-0.176923077,-2.205124015364859
368,れ_65ba34bb,-0.5,-0.5,0.043059489,-0.343115124,-0.341052632,-0.323076923,-2.205124015364859
369,れ_65ba35aa,-0.5,-0.5,0.452984624,-0.121896163,-0.202105263,-0.184615385,2.859026767580517
370,れ_65ba35ab,0.0,0.0,0.679048256,-0.207674944,-0.223157895,-0.238461538,1.6805105247454442
371,れ_65ba35ba,-0.5,-0.5,0.679048256,-0.311512415,-0.325614035,-0.323076923,-2.205124015364859
372,れ_65ba36ba,0.0,0.0,0.574926549,-0.343115124,-0.341052632,-0.323076923,0.09548225679308976
373,れ_65bb26ab,0.0,0.0,-0.031490667,1.137697517,0.93754386,1.346153846,3.0605392086593843
374,れ_65bb26ba,0.0,0.0,-0.975510092,1.589164786,1.727719298,2.523076923,3.595143919688303
375,れ_65bb26bb,-0.5,-0.5,-0.975510092,0.361173815,0.496842105,0.746153846,1.871591121293624
376,れ_65bb27aa,-0.5,-0.5,-0.089924708,0.06772009,-0.070175439,-0.107692308,2.701995457269642
377,れ_65bb27ab,1.0,1.0,0.089840704,2.347629797,1.010526316,0.1,3.232158706401343
378,れ_65bb27ba,0.5,0.5,0.375005901,1.227990971,0.919298246,1.492307692,2.4167334156165534
379,れ_65bb27bb,-0.5,-0.5,0.41078427,1.58013544,1.334736842,1.669230769,3.1777171998095506
380,れ_65bb28aa,-0.5,-0.5,0.41078427,1.413092551,1.358596491,0.592307692,2.930174942615175
381,れ_65bb28ab,0.5,0.5,0.41078427,0.67268623,0.360701754,0.253846154,2.1768845859352064
382,れ_65bb29aa,0.0,0.0,0.168898536,0.230248307,0.397192982,0.715384615,4.559405726882803
383,れ_65bb29ab,0.5,0.5,0.168898536,0.383747178,0.538947368,0.892307692,3.6707511732675617
384,れ_65bb29ba,0.0,0.0,0.168898536,0.893905192,1.298245614,2.084615385,3.706816959223986
385,れ_65bb29bb,0.0,0.0,0.142367241,1.738148984,1.208421053,1.153846154,2.997191932124966
386,れ_65bb30aa,-0.5,-0.5,0.371563556,0.961625282,0.42245614,-0.046153846,4.737914782778951
387,れ_65bb30ab,0.5,0.5,0.463734016,0.383747178,0.407017544,-0.015384615,5.381995417148977
388,れ_65bb30ba,0.5,0.5,0.463734016,0.902934537,1.083508772,1.338461538,4.044695960217754
389,れ_65bb30bb,-0.5,-0.5,0.463734016,1.056433409,1.007719298,0.838461538,3.841024191030605
390,れ_65bb31aa,2.0,2.0,0.604315967,0.230248307,0.280701754,-0.130769231,2.859026767580517
391,れ_65bb31ab,-0.5,-0.5,1.094269539,-0.343115124,-0.328421053,-0.323076923,1.449334001130827
392,れ_65bb31bb,1.0,1.0,0.964699871,-0.225733634,-0.130526316,-0.146153846,-2.205124015364859
393,れ_65bb32aa,4.5,4.5,0.964699871,-0.013544018,0.021052632,0.084615385,-2.205124015364859
394,れ_65bb32ab,-0.5,-0.5,0.67498321,1.959367946,1.695438596,2.838461538,-2.205124015364859
395,れ_65bb32ba,-0.5,-0.5,0.67498321,1.593679458,1.949473684,3.069230769,-2.205124015364859
396,れ_65bb32bb,0.5,0.5,0.67498321,0.568848758,1.160701754,1.6,-2.205124015364859
397,れ_65bb33aa,0.0,0.0,0.372941916,0.79006772,1.250526316,1.9,-2.205124015364859
398,れ_65bb33ab,0.5,0.5,0.297137231,-0.343115124,-0.341052632,-0.323076923,0.09548225679308976
399,れ_65bb33ba,0.0,0.0,0.297137231,2.433408578,1.609824561,1.607692308,-2.205124015364859
400,れ_65bb33bb,-0.5,-0.5,0.297137231,0.668171558,0.950175439,1.5,-2.205124015364859
401,れ_65bb34aa,0.5,0.5,-0.742337425,0.139954853,0.739649123,1.892307692,-2.205124015364859
402,れ_65bb34ab,0.0,0.0,-0.742337425,0.108352144,0.482807018,1.192307692,0.09548225679308976
403,れ_65bb34ba,0.0,0.0,-0.742337425,-0.297968397,-0.321403509,-0.323076923,2.0346159972975615
404,れ_65bb35aa,0.0,0.0,0.628608659,-0.288939052,-0.268070175,-0.238461538,0.7524504306244418
405,れ_65bb35ab,-0.5,-0.5,0.628608659,-0.343115124,-0.341052632,-0.323076923,0.09548225679308976
406,れ_65bb35ba,-0.5,-0.5,0.628608659,-0.243792325,-0.249824561,-0.107692308,1.449334001130827
407,れ_65bb35bb,-0.5,-0.5,0.679048256,-0.297968397,-0.324210526,-0.323076923,2.0346159972975615
408,れ_66aa26aa,-0.5,-0.5,0.362557607,0.103837472,0.204912281,0.330769231,1.6805105247454442
409,れ_66aa26ab,-0.5,-0.5,-0.031490667,1.237020316,1.44,2.461538462,3.2841721149714416
410,れ_66aa26ba,1.5,1.5,-0.975510092,0.428893905,0.569824561,1.084615385,2.7831922916032688
411,れ_66aa26bb,-0.5,-0.5,0.094400675,0.717832957,1.052631579,1.923076923,2.6146012016941915
412,れ_66aa27aa,-0.5,-0.5,0.094400675,0.153498871,0.007017544,-0.084615385,3.1777171998095506
413,れ_66aa27ab,0.5,0.5,0.094400675,0.853273138,0.74245614,0.338461538,3.555444447354803
414,れ_66aa27ba,-0.5,-0.5,0.375005901,0.898419865,1.437192982,1.630769231,2.7831922916032688
415,れ_66aa27bb,0.0,0.0,0.41078427,0.826185102,1.148070175,1.461538462,2.997191932124966
416,れ_66aa28aa,0.0,0.0,0.41078427,0.681715576,0.42245614,0.484615385,3.3339685236581023
417,れ_66aa28ab,-0.5,-0.5,0.41078427,-0.225733634,-0.244210526,-0.276923077,1.6805105247454442
418,れ_66aa28bb,-0.5,-0.5,0.544647172,0.451467269,-0.154385965,-0.323076923,0.7524504306244418
419,れ_66aa29aa,0.5,0.5,0.168898536,1.227990971,1.306666667,1.9,3.232158706401343
420,れ_66aa29ab,-0.5,-0.5,0.168898536,1.349887133,1.345964912,1.561538462,3.6335518646046254
421,れ_66aa29ba,0.0,0.0,0.168898536,1.611738149,1.849824561,1.5,3.1206045979594323
422,れ_66aa29bb,0.0,0.0,0.142367241,1.756207675,1.055438596,0.423076923,2.930174942615175
423,れ_66aa30aa,2.0,2.0,0.371563556,1.435665914,0.887017544,0.384615385,2.303161982697385
424,れ_66aa30ab,0.0,0.0,0.433728573,0.83972912,1.236491228,2.446153846,2.6146012016941915
425,れ_66aa30ba,0.0,0.0,0.433728573,1.232505643,1.347368421,2.092307692,3.232158706401343
426,れ_66aa30bb,1.0,1.0,0.831168478,1.038374718,0.974035088,1.838461538,2.303161982697385
427,れ_66aa31aa,-0.5,-0.5,0.542324291,0.889390519,1.077894737,1.523076923,2.6146012016941915
428,れ_66aa31ab,-0.5,-0.5,0.542324291,-0.144469526,0.192280702,-0.261538462,2.4167334156165534
429,れ_66aa31ba,0.0,0.0,0.964699871,-0.343115124,-0.341052632,-0.323076923,0.09548225679308976
430,れ_66aa32aa,-0.5,-0.5,0.964699871,0.162528217,0.151578947,0.546153846,-2.205124015364859
431,れ_66aa32ab,0.5,0.5,0.67498321,2.460496614,1.678596491,2.6,-2.205124015364859
432,れ_66aa32ba,0.0,0.0,0.67498321,1.051918736,1.198596491,1.769230769,-2.205124015364859
433,れ_66aa32bb,1.0,1.0,0.67498321,-0.221218962,-0.197894737,-0.069230769,-2.205124015364859
434,れ_66aa33aa,2.0,2.0,0.372941916,0.514672686,1.135438596,2.392307692,-2.205124015364859
435,れ_66aa33ab,1.0,1.0,0.98394938,-0.167042889,-0.089824561,0.115384615,-2.205124015364859
436,れ_66aa33ba,0.5,0.5,-0.71539279,1.981941309,1.472280702,1.830769231,-2.205124015364859
437,れ_66aa33bb,0.0,0.0,-0.740238788,0.848758465,1.237894737,2.2,-2.205124015364859
438,れ_66aa34aa,8.0,8.0,-0.742337425,0.058690745,0.543157895,1.530769231,-2.205124015364859
439,れ_66aa34ab,0.5,0.5,-0.742337425,0.221218962,0.804210526,2.176923077,-2.205124015364859
440,れ_66aa35ab,-0.5,-0.5,0.179818427,-0.343115124,-0.341052632,-0.323076923,-2.205124015364859
441,れ_66aa35ba,0.0,0.0,0.865418402,-0.25282167,-0.289122807,-0.323076923,1.871591121293624
442,れ_66ab26ab,-0.5,-0.5,-0.031490667,0.478555305,0.8,1.161538462,2.303161982697385
443,れ_66ab26ba,-0.5,-0.5,0.837680331,1.128668172,0.912280702,1.084615385,2.4167334156165534
444,れ_66ab26bb,0.5,0.5,0.094400675,0.726862302,0.554385965,0.976923077,3.427626340404232
445,れ_66ab27ab,-0.5,-0.5,0.083421608,-0.153498871,-0.22877193,-0.230769231,1.6805105247454442
446,れ_66ab27ba,-0.5,-0.5,0.083421608,-0.293453725,-0.324210526,-0.323076923,0.7524504306244418
447,れ_66ab27bb,-0.5,-0.5,0.41078427,0.108352144,-0.119298246,-0.153846154,2.303161982697385
448,れ_66ab28aa,-0.5,-0.5,0.41078427,-0.261851016,-0.287719298,-0.238461538,1.1559704510713553
449,れ_66ab29aa,1.0,1.0,0.544647172,1.074492099,1.087719298,1.676923077,2.997191932124966
450,れ_66ab29ab,0.0,0.0,0.544647172,0.884875847,1.093333333,2.130769231,3.706816959223986
451,れ_66ab29ba,0.0,0.0,0.142367241,1.124153499,1.162105263,1.292307692,3.1777171998095506
452,れ_66ab29bb,-0.5,-0.5,0.142367241,0.428893905,0.690526316,0.953846154,3.3339685236581023
453,れ_66ab30aa,0.0,0.0,0.245296356,0.53724605,0.82245614,1.523076923,2.859026767580517
454,れ_66ab30ab,0.5,0.5,0.208638865,0.939051919,1.312280702,2.746153846,3.0605392086593843
455,れ_66ab30ba,0.5,0.5,0.831168478,0.699774266,1.041403509,2.507692308,3.1206045979594323
456,れ_66ab30bb,0.5,0.5,0.831168478,0.898419865,0.849122807,1.4,3.1206045979594323
457,れ_66ab31aa,-0.5,-0.5,0.285178942,0.212189616,0.186666667,0.661538462,2.859026767580517
458,れ_66ab31bb,-0.5,-0.5,1.14962221,-0.30248307,-0.175438596,-0.276923077,2.7831922916032688
459,れ_66ab32aa,0.0,0.0,0.916690652,-0.343115124,-0.341052632,-0.323076923,1.1559704510713553
460,れ_66ab32ab,-0.5,-0.5,0.774727168,-0.221218962,-0.174035088,0.015384615,-2.205124015364859
461,れ_66ab32ba,-0.5,-0.5,0.372941916,0.135440181,0.398596491,0.953846154,-2.205124015364859
462,れ_66ab32bb,-0.5,-0.5,0.372941916,0.753950339,0.975438596,1.376923077,1.449334001130827
463,れ_66ab33aa,-0.5,-0.5,0.372941916,0.902934537,1.058245614,2.007692308,2.859026767580517
464,れ_66ab33ab,-0.5,-0.5,0.98394938,0.613995485,0.530526316,0.8,3.7418175046419226
465,れ_66ab33ba,-0.5,-0.5,-0.359536176,1.106094808,1.167719298,1.938461538,2.859026767580517
466,れ_66ab33bb,-0.5,-0.5,-0.740238788,0.663656885,0.631578947,0.823076923,2.5199610850467526
467,れ_66ab34aa,-0.5,-0.5,-0.740238788,1.548532731,1.202807018,1.576923077,3.872335891734334
468,れ_66ab34ab,0.5,0.5,-0.740238788,1.539503386,1.121403509,1.384615385,2.997191932124966
469,れ_66ab34bb,-0.5,-0.5,-0.432322562,-0.343115124,-0.332631579,-0.323076923,1.871591121293624
470,れ_66ab35ab,-0.5,-0.5,0.266203041,-0.343115124,-0.341052632,-0.323076923,-2.205124015364859
471,れ_66ab37bb,0.0,0.0,0.321358599,0.510158014,0.216140351,0.230769231,2.1768845859352064
472,れ_66ab38ab,-0.5,-0.5,0.497132297,-0.343115124,-0.341052632,-0.323076923,-2.205124015364859
473,れ_66ab39ab,-0.5,-0.5,0.776568789,-0.343115124,-0.341052632,-0.323076923,1.871591121293624
474,れ_66ba26ba,-0.5,-0.5,0.803793701,0.045146727,-0.147368421,-0.123076923,3.1777171998095506
475,れ_66ba26bb,0.5,0.5,0.094400675,0.428893905,0.256842105,0.330769231,2.701995457269642
476,れ_66ba27aa,-0.5,-0.5,0.083421608,0.60496614,0.218947368,0.069230769,2.701995457269642
477,れ_66ba27ba,-0.5,-0.5,0.083421608,0.85778781,-0.081403509,-0.323076923,0.09548225679308976
478,れ_66ba27bb,-0.5,-0.5,0.83984156,-0.343115124,-0.341052632,-0.323076923,0.09548225679308976
479,れ_66ba28ba,-0.5,-0.5,0.675492245,-0.316027088,-0.315789474,-0.323076923,1.449334001130827
480,れ_66ba28bb,2.5,2.5,0.225540676,0.465011287,0.579649123,0.523076923,5.134623116271366
481,れ_66ba29aa,-0.5,-0.5,0.225540676,0.261851016,0.456140351,0.907692308,3.0605392086593843
482,れ_66ba29ab,-0.5,-0.5,0.225540676,0.528216704,0.756491228,1.161538462,2.303161982697385
483,れ_66ba29ba,-0.5,-0.5,-0.104250021,0.803611738,0.986666667,1.215384615,3.1206045979594323
484,れ_66ba29bb,1.5,1.5,-0.104250021,0.55530474,1.103157895,2.2,2.997191932124966
485,れ_66ba30aa,0.5,0.5,-0.149660775,0.25282167,0.715789474,1.369230769,2.997191932124966
486,れ_66ba30ab,1.0,1.0,-0.0629398,0.740406321,1.272982456,3.084615385,2.5199610850467526
487,れ_66ba30ba,-0.5,-0.5,0.668854488,0.446952596,0.579649123,1.384615385,2.5199610850467526
488,れ_66ba31ab,-0.5,-0.5,-0.588787165,0.401805869,0.328421053,0.561538462,1.6805105247454442
489,れ_66ba31ba,-0.5,-0.5,-0.588787165,0.577878104,0.683508772,0.030769231,2.997191932124966
490,れ_66ba31bb,0.0,0.0,0.898941094,-0.306997743,-0.280701754,-0.323076923,3.0605392086593843
491,れ_66ba32aa,0.0,0.0,0.815807193,-0.203160271,-0.131929825,-0.323076923,3.0605392086593843
492,れ_66ba32ab,-0.5,-0.5,0.774727168,1.476297968,2.044912281,1.876923077,2.701995457269642
493,れ_66ba32ba,0.0,0.0,0.774727168,-0.189616253,-0.162807018,-0.192307692,1.1559704510713553
494,れ_66ba32bb,0.0,0.0,0.774727168,1.060948081,0.550175439,0.384615385,2.930174942615175
495,れ_66ba33aa,0.0,0.0,0.892817376,0.379232506,0.496842105,0.907692308,2.701995457269642
496,れ_66ba33ab,-0.5,-0.5,0.98394938,0.514672686,0.272280702,0.261538462,2.701995457269642
497,れ_66ba33ba,0.5,0.5,-0.105360516,0.618510158,0.710175439,1.207692308,2.701995457269642
498,れ_66ba33bb,0.5,0.5,-0.080126044,1.011286682,0.923508772,1.353846154,2.4167334156165534
499,れ_66ba34aa,1.0,1.0,-0.080126044,0.735891648,0.359298246,0.461538462,3.232158706401343
500,れ_66ba34ab,-0.5,-0.5,-0.432322562,1.340857788,0.647017544,0.661538462,3.872335891734334
501,れ_66ba34bb,-0.5,-0.5,-0.432322562,-0.343115124,-0.341052632,-0.323076923,0.7524504306244418
502,れ_66ba35aa,-0.5,-0.5,-0.278392026,1.20993228,1.072280702,2.115384615,2.701995457269642
503,れ_66ba35ab,-0.5,-0.5,0.341459778,0.180586907,0.204912281,0.630769231,3.1777171998095506
504,れ_66ba37ba,-0.5,-0.5,0.120446153,-0.0496614,-0.130526316,-0.030769231,0.09548225679308976
505,れ_66ba37bb,0.0,0.0,0.120446153,0.53724605,0.356491228,0.215384615,3.872335891734334
506,れ_66ba38aa,-0.5,-0.5,0.120446153,-0.343115124,-0.341052632,-0.323076923,-2.205124015364859
507,れ_66ba39ab,-0.5,-0.5,1.380024748,-0.257336343,-0.276491228,-0.323076923,2.1768845859352064
508,れ_66bb26ba,-0.5,-0.5,0.803793701,-0.316027088,-0.30877193,-0.323076923,1.1559704510713553
509,れ_66bb26bb,0.5,0.5,-0.310609577,0.243792325,0.101052632,0.153846154,3.872335891734334
510,れ_66bb27aa,0.5,0.5,0.083421608,0.25282167,0.144561404,0.076923077,2.303161982697385
511,れ_66bb27ab,0.0,0.0,0.083421608,0.270880361,-0.087017544,-0.161538462,2.6146012016941915
512,れ_66bb28ba,0.0,0.0,0.590006422,-0.18510158,-0.203508772,-0.215384615,3.1206045979594323
513,れ_66bb28bb,1.5,1.5,0.225540676,0.284424379,0.350877193,0.215384615,4.893696109309571
514,れ_66bb29aa,1.0,1.0,0.225540676,0.248306998,0.265263158,0.215384615,4.541804867641298
515,れ_66bb29ab,-0.5,-0.5,0.225540676,-0.343115124,-0.325614035,-0.323076923,0.7524504306244418
516,れ_66bb29ba,0.5,0.5,-0.755022584,0.53724605,0.72,0.6,5.167036704227297
517,れ_66bb29bb,-0.5,-0.5,-0.755022584,0.171557562,1.072280702,2.638461538,3.427626340404232
518,れ_66bb30aa,1.0,1.0,-1.452434164,0.898419865,1.381052632,2.492307692,2.930174942615175
519,れ_66bb30ab,-0.5,-0.5,0.079734968,0.437923251,0.701754386,1.6,3.1777171998095506
520,れ_66bb31aa,-0.5,-0.5,0.255417112,0.329571106,0.341052632,0.6,3.1206045979594323
521,れ_66bb31ab,-0.5,-0.5,0.255417112,1.376975169,1.230877193,1.646153846,2.5199610850467526
522,れ_66bb31ba,1.5,1.5,0.255417112,0.943566591,1.28,1.984615385,2.701995457269642
523,れ_66bb31bb,0.0,0.0,1.024606875,0.180586907,0.489824561,0.676923077,3.232158706401343
524,れ_66bb32aa,0.0,0.0,0.815807193,0.866817156,1.139649123,1.476923077,3.427626340404232
525,れ_66bb32ab,0.0,0.0,0.82373675,0.884875847,0.965614035,1.369230769,3.5143616624734317
526,れ_66bb32ba,1.0,1.0,0.82373675,0.776523702,0.544561404,0.523076923,2.701995457269642
527,れ_66bb32bb,-0.5,-0.5,0.82373675,0.383747178,0.390175439,0.361538462,2.997191932124966
528,れ_66bb33aa,1.0,1.0,0.586118608,0.194130926,0.303157895,0.669230769,2.1768845859352064
529,れ_66bb33ab,0.5,0.5,0.246860078,0.121896163,0.084210526,0.423076923,3.3339685236581023
530,れ_66bb33ba,-0.5,-0.5,0.246860078,0.55530474,0.421052632,0.615384615,3.3817324958154487
531,れ_66bb33bb,1.0,1.0,0.788002712,0.451467269,0.510877193,0.792307692,2.701995457269642
532,れ_66bb34aa,-0.5,-0.5,0.788002712,0.428893905,0.339649123,0.615384615,2.997191932124966
533,れ_66bb34ab,1.5,1.5,0.788002712,0.37020316,0.168421053,0.515384615,3.0605392086593843
534,れ_66bb34ba,0.0,0.0,-0.432322562,0.094808126,-0.089824561,-0.092307692,2.997191932124966
535,れ_66bb34bb,0.5,0.5,-0.432322562,-0.018058691,0.193684211,-0.215384615,2.4167334156165534
536,れ_66bb35aa,1.0,1.0,0.408128226,1.146726862,1.018947368,1.615384615,4.541804867641298
537,れ_66bb35ab,2.5,2.5,0.408128226,0.347629797,0.545964912,0.823076923,1.6805105247454442
538,れ_66bb35ba,1.0,1.0,0.408128226,-0.216704289,-0.063157895,0.038461538,-2.205124015364859
539,れ_66bb35bb,-0.5,-0.5,1.997417706,-0.343115124,-0.341052632,-0.323076923,-2.205124015364859
540,れ_66bb36ba,-0.5,-0.5,0.737164066,-0.0496614,0.088421053,0.469230769,-2.205124015364859
541,れ_66bb36bb,0.0,0.0,0.350656872,1.09255079,0.430877193,0.084615385,3.7758150666570542
542,れ_66bb37aa,1.0,1.0,-0.271808723,1.060948081,0.596491228,0.253846154,4.7227213308431155
543,れ_66bb37ab,0.0,0.0,-0.271808723,-0.045146727,-0.082807018,-0.115384615,3.427626340404232
544,れ_66bb37ba,0.0,0.0,2.148734368,0.582392777,0.214736842,0.015384615,3.8088665679598366
545,れ_66bb37bb,1.0,1.0,2.148734368,2.212189616,1.463859649,0.869230769,5.326946298427385
546,れ_66bb38aa,0.5,0.5,2.044332365,2.392776524,1.288421053,0.407692308,5.830220916431739
547,れ_66bb38ab,0.5,0.5,-0.371063681,1.151241535,0.494035088,0.115384615,5.76572173410623
548,れ_66bb38ba,0.5,0.5,-0.371063681,0.338600451,0.044912281,-0.230769231,4.559405726882803
549,れ_66bb38bb,-0.5,-0.5,1.380024748,-0.343115124,-0.341052632,-0.323076923,1.1559704510713553
550,れ_66bb39ab,0.0,0.0,-1.575036486,-0.23476298,-0.268070175,-0.323076923,2.4167334156165534
551,れ_66bb39ba,-0.5,-0.5,1.593308531,-0.343115124,-0.341052632,-0.323076923,0.09548225679308976
552,れ_66bb39bb,-0.5,-0.5,-0.100925919,-0.343115124,-0.321403509,-0.323076923,1.6805105247454442
553,れ_66bb40aa,-0.5,-0.5,-0.100925919,-0.343115124,-0.329824561,-0.323076923,1.449334001130827
554,れ_66bb40ab,-0.5,-0.5,-0.100925919,-0.343115124,-0.341052632,-0.323076923,0.7524504306244418
555,れ_66bb40ba,-0.5,-0.5,-0.049190244,-0.343115124,-0.341052632,-0.323076923,-2.205124015364859
556,れ_66bb40bb,0.0,0.0,0.687129108,-0.343115124,-0.341052632,-0.323076923,1.449334001130827
557,れ_67aa26ba,-0.5,-0.5,0.998055034,-0.343115124,-0.341052632,-0.323076923,-2.205124015364859
558,れ_67aa26bb,-0.5,-0.5,1.06746556,-0.316027088,-0.311578947,-0.323076923,2.1768845859352064
559,れ_67aa27aa,-0.5,-0.5,-0.310609577,-0.25282167,-0.272280702,-0.276923077,2.1768845859352064
560,れ_67aa27ab,-0.5,-0.5,0.044016885,-0.343115124,-0.341052632,-0.323076923,-2.205124015364859
561,れ_67aa28bb,-0.5,-0.5,0.225540676,-0.343115124,-0.324210526,-0.323076923,0.7524504306244418
562,れ_67aa29aa,0.0,0.0,0.225540676,-0.343115124,-0.318596491,-0.323076923,1.1559704510713553
563,れ_67aa29ab,0.0,0.0,0.225540676,0.06772009,0.126315789,0.046153846,4.241650030689498
564,れ_67aa29ba,1.0,1.0,-1.452434164,0.636568849,0.672280702,0.353846154,5.2294331751392775
565,れ_67aa29bb,0.0,0.0,-1.452434164,-0.167042889,-0.085614035,0.1,3.1206045979594323
566,れ_67aa30aa,0.0,0.0,-1.452434164,0.25282167,0.729824561,1.538461538,3.1206045979594323
567,れ_67aa30ab,0.5,0.5,0.079734968,1.322799097,1.57754386,2.492307692,3.961620587066265
568,れ_67aa30ba,-0.5,-0.5,0.402126207,0.130925508,0.33122807,0.969230769,1.1559704510713553
569,れ_67aa30bb,-0.5,-0.5,-0.103140759,0.0,0.144561404,0.515384615,1.1559704510713553
570,れ_67aa31aa,0.5,0.5,0.255417112,1.020316027,1.350175439,2.815384615,3.0605392086593843
571,れ_67aa31ab,-0.5,-0.5,0.255417112,0.717832957,0.81122807,1.261538462,2.303161982697385
572,れ_67aa31ba,0.5,0.5,0.255417112,0.871331828,0.923508772,1.807692308,2.303161982697385
573,れ_67aa31bb,0.5,0.5,1.024606875,0.379232506,0.631578947,0.930769231,4.195351340558155
574,れ_67aa32aa,0.0,0.0,1.024606875,-0.139954853,-0.098245614,0.092307692,1.449334001130827
575,れ_67aa32ab,-0.5,-0.5,0.82373675,0.25282167,0.279298246,0.276923077,2.701995457269642
576,れ_67aa32ba,-0.5,-0.5,0.82373675,0.180586907,0.463157895,0.907692308,2.4167334156165534
577,れ_67aa32bb,-0.5,-0.5,0.82373675,0.559819413,0.635789474,1.346153846,2.303161982697385
578,れ_67aa33aa,0.0,0.0,0.586118608,0.216704289,0.544561404,1.346153846,2.701995457269642
579,れ_67aa33ab,-0.5,-0.5,0.758934921,0.085778781,0.286315789,0.830769231,3.3339685236581023
580,れ_67aa33ba,-0.5,-0.5,0.346422567,0.67268623,0.412631579,0.615384615,2.0346159972975615
581,れ_67aa33bb,-0.5,-0.5,0.346422567,0.591422122,0.522105263,0.969230769,2.5199610850467526
582,れ_67aa34aa,0.0,0.0,0.346422567,0.916478555,1.080701754,1.869230769,2.997191932124966
583,れ_67aa34ab,0.0,0.0,0.788002712,1.489841986,1.215438596,1.907692308,2.859026767580517
584,れ_67aa34ba,0.0,0.0,-1.171182982,0.058690745,0.072982456,0.015384615,2.7831922916032688
585,れ_67aa34bb,1.0,1.0,-1.171182982,-0.171557562,-0.074385965,-0.323076923,2.6146012016941915
586,れ_67aa35aa,-0.5,-0.5,0.408128226,1.291196388,0.915087719,1.023076923,2.5199610850467526
587,れ_67aa35ab,-0.5,-0.5,0.408128226,0.55530474,0.70877193,1.107692308,3.872335891734334
588,れ_67aa35ba,0.0,0.0,0.408128226,-0.243792325,0.043508772,0.0,-2.205124015364859
589,れ_67aa36ba,0.0,0.0,0.313349819,-0.30248307,-0.110877193,-0.323076923,-2.205124015364859
590,れ_67aa36bb,1.0,1.0,0.313349819,0.541760722,0.225964912,-0.146153846,4.523945919664256
591,れ_67aa37aa,2.5,2.5,-0.271808723,1.0248307,0.394385965,-0.107692308,4.932968595141111
592,れ_67aa37ab,1.5,1.5,-0.271808723,0.726862302,0.575438596,0.384615385,5.134623116271366
593,れ_67aa37ba,2.0,2.0,-1.619488248,2.293453725,1.524210526,1.038461538,6.070205867770068
594,れ_67aa37bb,2.5,2.5,-0.805196684,1.408577878,0.850526316,0.4,5.177655974276304
595,れ_67aa38aa,1.5,1.5,-0.805196684,2.23476298,1.515789474,0.630769231,6.1894720548437
596,れ_67aa38ab,2.0,2.0,-0.371063681,2.550790068,1.274385965,0.315384615,6.933576081396126
597,れ_67aa38ba,1.0,1.0,-0.371063681,1.264108352,0.632982456,0.261538462,6.038567098311255
598,れ_67aa38bb,1.0,1.0,1.380024748,0.695259594,0.732631579,0.430769231,4.241650030689498
599,れ_67aa39aa,-0.5,-0.5,0.279145741,-0.343115124,-0.315789474,-0.323076923,0.09548225679308976
600,れ_67aa39ab,0.5,0.5,-1.575036486,-0.126410835,-0.001403509,-0.130769231,3.1206045979594323
601,れ_67aa39ba,0.0,0.0,-1.575036486,0.541760722,0.701754386,0.415384615,4.825323547378157
602,れ_67aa39bb,0.5,0.5,1.254475786,0.11738149,0.21754386,0.092307692,3.841024191030605
603,れ_67aa40aa,-0.5,-0.5,1.254475786,-0.045146727,-0.043508772,-0.092307692,3.0605392086593843
604,れ_67aa40ab,2.0,2.0,1.254475786,0.478555305,0.818245614,0.953846154,4.286236993196077
605,れ_67aa40ba,1.0,1.0,0.515215972,0.451467269,0.698947368,0.946153846,3.2841721149714416
606,れ_67aa40bb,1.5,1.5,0.515215972,0.239277652,0.209122807,0.369230769,1.871591121293624
607,れ_67aa41aa,1.0,1.0,0.491030996,-0.230248307,-0.235789474,-0.192307692,0.7524504306244418
608,れ_67ab29ba,0.0,0.0,-0.231932057,0.112866817,0.24,0.115384615,4.449766878515217
609,れ_67ab30aa,-0.5,-0.5,0.0,0.094808126,0.015438596,0.192307692,2.5199610850467526
610,れ_67ab30ab,-0.5,-0.5,0.0,0.690744921,1.267368421,2.515384615,3.3817324958154487
611,れ_67ab30ba,0.5,0.5,0.0,0.979683973,1.256140351,2.307692308,3.232158706401343
612,れ_67ab30bb,-0.5,-0.5,-0.103140759,1.273137698,1.244912281,1.561538462,2.859026767580517
613,れ_67ab31aa,0.0,0.0,0.255417112,0.871331828,0.853333333,1.138461538,2.6146012016941915
614,れ_67ab31ab,-0.5,-0.5,0.255417112,1.137697517,1.701052632,2.769230769,3.232158706401343
615,れ_67ab31ba,0.0,0.0,0.255417112,0.216704289,0.367719298,0.8,2.997191932124966
616,れ_67ab31bb,0.0,0.0,1.024606875,-0.121896163,-0.035087719,-0.015384615,3.1206045979594323
617,れ_67ab32ab,-0.5,-0.5,0.82373675,-0.239277652,-0.24,-0.246153846,1.6805105247454442
618,れ_67ab32ba,0.0,0.0,0.82373675,-0.270880361,-0.272280702,-0.253846154,2.7831922916032688
619,れ_67ab32bb,0.5,0.5,0.82373675,-0.225733634,-0.221754386,-0.207692308,2.0346159972975615
620,れ_67ab33aa,0.0,0.0,0.586118608,-0.239277652,-0.218947368,-0.215384615,0.7524504306244418
621,れ_67ab33ab,0.0,0.0,0.758934921,0.112866817,0.077192982,0.184615385,3.4717935613534254
622,れ_67ab33ba,-0.5,-0.5,0.346422567,-0.343115124,-0.324210526,-0.323076923,1.6805105247454442
623,れ_67ab34aa,-0.5,-0.5,0.346422567,-0.036117381,0.058947368,0.369230769,2.7831922916032688
624,れ_67ab34ab,1.0,1.0,-0.114289146,2.072234763,1.235087719,1.176923077,3.232158706401343
625,れ_67ab34ba,1.0,1.0,-0.114289146,1.46275395,0.888421053,0.269230769,4.906926471152937
626,れ_67ab34bb,1.0,1.0,-0.114289146,0.257336343,0.409824561,-0.023076923,4.958472182886142
627,れ_67ab35aa,1.0,1.0,0.572108852,1.846501129,0.929122807,0.838461538,3.6335518646046254
628,れ_67ab35ab,0.0,0.0,0.572108852,0.848758465,0.934736842,1.646153846,2.7831922916032688
629,れ_67ab35ba,1.0,1.0,0.408128226,0.361173815,0.74245614,1.8,-2.205124015364859
630,れ_67ab35bb,0.0,0.0,0.749054812,-0.203160271,-0.154385965,-0.123076923,0.7524504306244418
631,れ_67ab36ba,0.5,0.5,0.395414772,0.288939052,0.167017544,-0.123076923,3.5143616624734317
632,れ_67ab36bb,0.5,0.5,0.395414772,2.573363431,1.578947368,0.715384615,5.54976355089703
633,れ_67ab37aa,1.5,1.5,-0.271808723,1.033860045,0.425263158,-0.130769231,5.533960524910127
634,れ_67ab37ab,0.0,0.0,-0.271808723,0.288939052,0.008421053,-0.2,5.031967392990814
635,れ_67ab37ba,2.0,2.0,-1.619488248,2.577878104,1.155087719,0.415384615,6.925529636114504
636,れ_67ab37bb,3.0,3.0,-0.805196684,2.306997743,1.226666667,0.584615385,6.419169309172224
637,れ_67ab38aa,1.5,1.5,-0.805196684,1.471783296,0.691929825,0.2,6.101080288054159
638,れ_67ab38ab,2.5,2.5,-0.500875293,1.69751693,0.919298246,0.692307692,5.950148752493367
639,れ_67ab38ba,1.5,1.5,-0.500875293,2.925507901,1.70245614,0.676923077,7.122538878315548
640,れ_67ab38bb,1.0,1.0,-0.097612829,1.413092551,0.996491228,0.553846154,6.341452283875832
641,れ_67ab39ab,0.5,0.5,-1.575036486,-0.162528217,-0.147368421,-0.215384615,2.0346159972975615
642,れ_67ab39ba,0.0,0.0,-1.575036486,0.212189616,0.22877193,-0.007692308,3.932594833593695
643,れ_67ab40ab,0.0,0.0,0.515215972,-0.225733634,-0.221754386,-0.161538462,1.6805105247454442
644,れ_67ab40ba,0.0,0.0,0.512823626,-0.144469526,-0.168421053,-0.2,0.7524504306244418
645,れ_67ab40bb,0.0,0.0,0.83984156,-0.076749436,-0.051929825,-0.153846154,1.6805105247454442
646,れ_67ba29bb,0.0,0.0,0.308954208,-0.297968397,-0.307368421,-0.261538462,1.449334001130827
647,れ_67ba30aa,0.5,0.5,0.316998127,0.180586907,0.056140351,0.123076923,3.3339685236581023
648,れ_67ba30ab,0.0,0.0,0.316998127,0.744920993,0.724210526,1.269230769,2.859026767580517
649,れ_67ba30ba,1.0,1.0,0.316998127,0.717832957,0.858947368,1.338461538,3.232158706401343
650,れ_67ba30bb,1.0,1.0,0.332177312,0.812641084,0.741052632,0.661538462,3.3339685236581023
651,れ_67ba31aa,0.0,0.0,0.332177312,0.781038375,1.093333333,1.930769231,3.1777171998095506
652,れ_67ba31ab,-0.5,-0.5,0.131905071,-0.013544018,0.043508772,0.253846154,1.6805105247454442
653,れ_67ba31ba,0.0,0.0,0.472500509,-0.297968397,-0.315789474,-0.323076923,1.871591121293624
654,れ_67ba31bb,0.0,0.0,0.607589292,0.094808126,0.150175439,0.123076923,3.3339685236581023
655,れ_67ba32aa,-0.5,-0.5,0.947789399,-0.306997743,-0.32,-0.323076923,0.7524504306244418
656,れ_67ba32ab,-0.5,-0.5,1.071583616,-0.063205418,-0.138947368,-0.207692308,2.859026767580517
657,れ_67ba32ba,0.5,0.5,1.071583616,0.30248307,0.18245614,0.030769231,3.3817324958154487
658,れ_67ba32bb,0.0,0.0,1.088561953,-0.153498871,-0.213333333,-0.169230769,2.1768845859352064
659,れ_67ba33aa,0.5,0.5,1.088561953,0.018058691,0.032280702,0.0,3.4717935613534254
660,れ_67ba33ab,0.5,0.5,0.758934921,-0.158013544,-0.18245614,-0.223076923,2.997191932124966
661,れ_67ba34aa,-0.5,-0.5,0.346422567,-0.293453725,-0.293333333,-0.323076923,1.449334001130827
662,れ_67ba34ab,-0.5,-0.5,-0.114289146,0.90744921,0.72,0.592307692,3.1206045979594323
663,れ_67ba34ba,0.0,0.0,-0.114289146,0.785553047,0.524912281,0.361538462,4.675976169254766
664,れ_67ba34bb,0.0,0.0,-0.114289146,0.243792325,0.321403509,0.138461538,5.112534113610509
665,れ_67ba35aa,-0.5,-0.5,0.572108852,2.153498871,1.861052632,2.3,3.1777171998095506
666,れ_67ba35ab,-0.5,-0.5,0.572108852,1.458239278,1.461052632,2.046153846,2.6146012016941915
667,れ_67ba35ba,1.0,1.0,0.2569651,0.225733634,0.763508772,1.953846154,-2.205124015364859
668,れ_67ba35bb,-0.5,-0.5,2.658649851,-0.279909707,-0.21754386,-0.092307692,-2.205124015364859
669,れ_67ba36ba,0.0,0.0,1.019569081,0.288939052,0.098245614,-0.146153846,3.8088665679598366
670,れ_67ba36bb,0.5,0.5,0.395414772,3.069977427,1.705263158,0.6,6.022448824563688
671,れ_67ba37aa,-0.5,-0.5,0.184818437,3.200902935,1.717894737,0.738461538,5.451818026729179
672,れ_67ba37ab,0.5,0.5,0.039220713,0.749435666,0.631578947,0.184615385,5.525983882914035
673,れ_67ba37ba,2.0,2.0,-1.018877321,2.428893905,1.347368421,0.669230769,6.867777805844678
674,れ_67ba37bb,2.0,2.0,-1.117795108,2.988713318,1.22245614,0.2,7.1747649959155675
675,れ_67ba38aa,2.0,2.0,-1.016111067,1.440180587,0.673684211,0.223076923,5.557591207863435
676,れ_67ba38ab,2.0,2.0,-0.443166975,1.417607223,0.993684211,0.907692308,5.443300081571118
677,れ_67ba38ba,1.5,1.5,-0.443166975,2.334085779,1.240701754,0.638461538,6.4811727760269235
678,れ_67ba38bb,1.0,1.0,0.242161557,2.532731377,1.470877193,0.892307692,7.063323649309103
679,れ_67ba39aa,0.0,0.0,0.279145741,0.225733634,0.656842105,1.284615385,3.232158706401343
680,れ_67ba40aa,0.0,0.0,0.384581897,-0.343115124,-0.341052632,-0.323076923,-2.205124015364859
681,れ_67ba41ab,-0.5,-0.5,0.079734968,-0.090293454,-0.050526316,-0.153846154,-2.205124015364859
682,れ_67ba41ba,-0.5,-0.5,0.079734968,2.744920993,1.685614035,0.615384615,-2.205124015364859
683,れ_67bb29bb,-0.5,-0.5,0.308954208,-0.130925508,-0.175438596,-0.115384615,2.701995457269642
684,れ_67bb30aa,-0.5,-0.5,0.559615788,0.564334086,0.446315789,0.592307692,2.997191932124966
685,れ_67bb30ab,0.5,0.5,0.559615788,1.58013544,1.910175439,2.623076923,3.8088665679598366
686,れ_67bb30ba,-0.5,-0.5,0.559615788,0.410835214,0.551578947,1.161538462,3.0605392086593843
687,れ_67bb30bb,-0.5,-0.5,0.332177312,0.961625282,1.082105263,1.415384615,3.232158706401343
688,れ_67bb31aa,0.0,0.0,0.332177312,0.212189616,0.256842105,0.223076923,3.7758150666570542
689,れ_67bb31ab,-0.5,-0.5,0.302324349,-0.343115124,-0.332631579,-0.323076923,0.7524504306244418
690,れ_67bb31ba,0.0,0.0,0.472500509,-0.270880361,-0.315789474,-0.323076923,2.701995457269642
691,れ_67bb31bb,0.0,0.0,0.472500509,-0.045146727,-0.123508772,-0.076923077,3.1777171998095506
692,れ_67bb32ab,0.0,0.0,1.05535678,-0.06772009,-0.071578947,-0.046153846,2.0346159972975615
693,れ_67bb33aa,-0.5,-0.5,1.088561953,-0.343115124,-0.332631579,-0.323076923,-2.205124015364859
694,れ_67bb33ab,-0.5,-0.5,0.889125064,-0.266365688,-0.263859649,-0.238461538,1.6805105247454442
695,れ_67bb34aa,0.0,0.0,0.627541423,-0.094808126,-0.112280702,-0.115384615,2.930174942615175
696,れ_67bb34ab,1.0,1.0,-0.114289146,0.198645598,0.186666667,0.053846154,3.0605392086593843
697,れ_67bb34ba,-0.5,-0.5,-0.114289146,0.613995485,0.659649123,0.353846154,5.043802817710792
698,れ_67bb34bb,0.5,0.5,-0.114289146,0.550790068,0.638596491,0.584615385,5.208980156743088
699,れ_67bb35aa,0.5,0.5,0.572108852,1.241534989,1.26877193,1.876923077,3.1206045979594323
700,れ_67bb35ab,-0.5,-0.5,0.572108852,0.270880361,0.359298246,0.623076923,0.7524504306244418
701,れ_67bb35ba,-0.5,-0.5,0.471252849,0.821670429,1.351578947,3.184615385,-2.205124015364859
702,れ_67bb35bb,-0.5,-0.5,2.658649851,-0.207674944,-0.174035088,0.0,-2.205124015364859
703,れ_67bb36ba,1.0,1.0,0.379805361,0.347629797,0.383157895,0.315384615,3.9028458450743764
704,れ_67bb36bb,0.5,0.5,0.379805361,1.300225734,0.877192982,0.8,4.737914782778951
705,れ_67bb37aa,0.0,0.0,-0.572701027,-0.022573363,-0.08,-0.161538462,2.0346159972975615
706,れ_67bb37ab,0.0,0.0,-0.572701027,0.320541761,0.392982456,0.015384615,4.839305449069616
707,れ_67bb37ba,2.5,2.5,-1.343234872,2.961625282,1.587368421,0.538461538,7.156832703232731
708,れ_67bb37bb,2.0,2.0,-1.117795108,3.101580135,1.625263158,0.630769231,7.2271469870315626
709,れ_67bb38aa,2.0,2.0,-1.016111067,1.051918736,0.74245614,0.369230769,5.909448485978545
710,れ_67bb38ab,1.5,1.5,-0.443166975,2.248306998,1.49754386,0.815384615,5.745713670655025
711,れ_67bb38ba,2.0,2.0,-0.443166975,2.379232506,1.77122807,1.238461538,5.9784438530909485
712,れ_67bb38bb,1.5,1.5,-0.443166975,2.988713318,1.656140351,0.592307692,7.320105092802143
713,れ_67bb39aa,0.5,0.5,0.487352268,0.577878104,0.339649123,0.023076923,6.000636128743076
714,れ_67bb39ab,-0.5,-0.5,0.076961041,-0.343115124,-0.341052632,-0.323076923,0.09548225679308976
715,れ_67bb40aa,-0.5,-0.5,0.384581897,-0.343115124,-0.341052632,-0.323076923,2.1768845859352064
716,れ_67bb40ab,0.0,0.0,0.384581897,-0.343115124,-0.341052632,-0.323076923,-2.205124015364859
717,れ_67bb40ba,0.5,0.5,0.590560592,-0.297968397,-0.327017544,-0.323076923,1.6805105247454442
718,れ_67bb40bb,-0.5,-0.5,0.583890195,-0.045146727,0.015438596,0.230769231,-2.205124015364859
719,れ_67bb41aa,-0.5,-0.5,0.583890195,0.022573363,0.026666667,0.2,-2.205124015364859
720,れ_67bb41ab,-0.5,-0.5,0.079734968,-0.126410835,-0.06877193,0.123076923,-2.205124015364859
721,れ_67bb41ba,-0.5,-0.5,0.079734968,2.063205418,1.173333333,1.284615385,-2.205124015364859
722,れ_68aa29ba,0.0,0.0,0.714419316,0.009029345,-0.037894737,-0.130769231,3.6335518646046254
723,れ_68aa29bb,-0.5,-0.5,0.308954208,0.031602709,-0.012631579,-0.092307692,3.5143616624734317
724,れ_68aa30aa,0.0,0.0,0.559615788,1.598194131,1.10877193,0.907692308,3.5143616624734317
725,れ_68aa30ab,0.5,0.5,0.559615788,0.325056433,0.161403509,0.046153846,2.701995457269642
726,れ_68aa30ba,0.5,0.5,0.559615788,-0.018058691,0.071578947,0.238461538,3.0605392086593843
727,れ_68aa30bb,2.0,2.0,0.661140384,0.433408578,0.557192982,0.546153846,4.5767559912051645
728,れ_68aa31aa,0.5,0.5,0.661140384,-0.018058691,0.002807018,0.023076923,3.9899580806379293
729,れ_68aa31ba,-0.5,-0.5,0.830732844,-0.18510158,-0.209122807,-0.169230769,2.4167334156165534
730,れ_68aa31bb,-0.5,-0.5,0.830732844,-0.194130926,-0.190877193,-0.107692308,1.871591121293624
731,れ_68aa34aa,0.0,0.0,0.611937125,-0.176072235,-0.123508772,-0.130769231,2.859026767580517
732,れ_68aa34ab,0.0,0.0,0.611937125,2.695259594,0.72,-0.046153846,3.1206045979594323
733,れ_68aa34ba,-0.5,-0.5,0.611937125,0.943566591,0.850526316,0.930769231,4.071154737491254
734,れ_68aa34bb,-0.5,-0.5,0.112435429,0.505643341,0.513684211,0.484615385,4.044695960217754
735,れ_68aa35aa,2.0,2.0,0.454889991,0.428893905,0.398596491,0.361538462,2.6146012016941915
736,れ_68aa36ba,-0.5,-0.5,0.379805361,1.079006772,0.785964912,0.592307692,4.071154737491254
737,れ_68aa36bb,0.0,0.0,0.379805361,0.433408578,0.252631579,0.4,2.5199610850467526
738,れ_68aa37aa,0.0,0.0,-0.572701027,0.731376975,0.416842105,0.192307692,4.737914782778951
739,れ_68aa37ab,0.0,0.0,-0.572701027,1.589164786,2.395789474,1.830769231,4.920016296046357
740,れ_68aa37ba,1.0,1.0,-0.949330586,0.993227991,0.712982456,0.261538462,5.611062545926868
741,れ_68aa37bb,2.5,2.5,-0.949330586,2.496613995,1.545263158,0.607692308,7.108567872798398
742,れ_68aa38aa,2.0,2.0,-1.016111067,2.618510158,1.463859649,0.684615385,7.026473319098513
743,れ_68aa38ab,2.0,2.0,-0.443166975,0.37020316,0.193684211,0.046153846,4.675976169254766
744,れ_68aa38ba,2.5,2.5,-0.443166975,2.031602709,1.483508772,1.246153846,5.603561401413919
745,れ_68aa38bb,3.5,3.5,-0.443166975,2.325056433,1.404912281,0.8,7.063323649309103
746,れ_68aa39aa,2.5,2.5,-0.189950584,1.693002257,1.117192982,0.392307692,6.792554796620887
747,れ_68aa40aa,-0.5,-0.5,0.384581897,-0.216704289,-0.303157895,-0.323076923,1.449334001130827
748,れ_68aa40ab,0.0,0.0,0.350656872,-0.343115124,-0.341052632,-0.323076923,1.1559704510713553
749,れ_68aa40ba,-0.5,-0.5,0.590560592,-0.198645598,0.397192982,-0.107692308,-2.205124015364859
750,れ_68aa40bb,-0.5,-0.5,0.641327432,0.410835214,0.734035088,1.323076923,-2.205124015364859
751,れ_68aa41aa,-0.5,-0.5,0.641327432,-0.045146727,0.049122807,0.284615385,-2.205124015364859
752,れ_68aa41ab,-0.5,-0.5,0.641327432,0.329571106,0.756491228,1.738461538,-2.205124015364859
753,れ_68aa41ba,-0.5,-0.5,0.227135573,0.577878104,1.29122807,3.484615385,-2.205124015364859
754,れ_68ab29ba,0.5,0.5,0.714419316,0.0,-0.009824561,-0.130769231,3.7758150666570542
755,れ_68ab29bb,1.5,1.5,0.851005265,0.902934537,0.967017544,0.623076923,5.381995417148977
756,れ_68ab30aa,0.5,0.5,0.559615788,0.781038375,0.332631579,0.161538462,2.997191932124966
757,れ_68ab30ab,0.5,0.5,0.559615788,1.376975169,1.042807018,1.453846154,2.303161982697385
758,れ_68ab30ba,1.5,1.5,0.559615788,0.361173815,0.425263158,0.430769231,4.1472013190062675
759,れ_68ab30bb,0.0,0.0,0.661140384,-0.009029345,0.002807018,-0.138461538,3.961620587066265
760,れ_68ab31aa,-0.5,-0.5,0.661140384,-0.30248307,-0.314385965,-0.323076923,0.7524504306244418
761,れ_68ab31ba,-0.5,-0.5,0.830732844,-0.343115124,-0.341052632,-0.323076923,0.09548225679308976
762,れ_68ab34aa,0.0,0.0,0.611937125,-0.085778781,-0.096842105,0.107692308,1.6805105247454442
763,れ_68ab34ab,0.0,0.0,0.611937125,1.611738149,0.835087719,0.707692308,2.997191932124966
764,れ_68ab34ba,0.0,0.0,0.611937125,0.167042889,0.401403509,0.676923077,2.0346159972975615
765,れ_68ab34bb,-0.5,-0.5,0.354171814,0.492099323,0.919298246,1.092307692,2.4167334156165534
766,れ_68ab35aa,-0.5,-0.5,0.365337317,0.347629797,0.289122807,0.261538462,2.1768845859352064
767,れ_68ab36ab,-0.5,-0.5,0.379805361,-0.343115124,-0.341052632,-0.323076923,0.7524504306244418
768,れ_68ab36ba,2.0,2.0,0.379805361,0.334085779,0.140350877,0.069230769,4.218722989798953
769,れ_68ab36bb,0.5,0.5,0.379805361,-0.343115124,-0.341052632,-0.323076923,2.0346159972975615
770,れ_68ab37aa,1.0,1.0,-0.054456186,0.731376975,0.370526316,0.115384615,4.945786283241874
771,れ_68ab37ab,1.5,1.5,-0.572701027,1.525959368,1.170526316,1.038461538,5.509877064161574
772,れ_68ab37ba,0.5,0.5,-0.177931208,0.623024831,0.384561404,0.423076923,4.7823971005203
773,れ_68ab37bb,1.0,1.0,-0.177931208,1.990970655,0.997894737,0.184615385,6.5969265215137485
774,れ_68ab38aa,3.0,3.0,-0.177931208,2.893905192,1.866666667,1.430769231,6.90656036715549
775,れ_68ab38ab,1.5,1.5,-0.471604911,1.029345372,1.01754386,1.192307692,5.043802817710792
776,れ_68ab38ba,2.5,2.5,-0.471604911,2.194130926,1.61122807,1.461538462,5.830220916431739
777,れ_68ab38bb,3.0,3.0,-0.978166136,1.914221219,1.216842105,0.792307692,6.150937695691505
778,れ_68ab39aa,0.0,0.0,-0.189950584,-0.040632054,-0.151578947,-0.276923077,4.449766878515217
779,れ_68ab40ab,0.5,0.5,0.350656872,-0.343115124,-0.341052632,-0.323076923,0.7524504306244418
780,れ_68ab40ba,-0.5,-0.5,0.590560592,-0.108352144,0.362105263,-0.007692308,-2.205124015364859
781,れ_68ab40bb,-0.5,-0.5,0.641327432,0.022573363,0.311578947,0.969230769,-2.205124015364859
782,れ_68ab41aa,-0.5,-0.5,0.641327432,-0.18510158,-0.095438596,0.1,-2.205124015364859
783,れ_68ab41ab,-0.5,-0.5,0.641327432,1.083521445,1.04,1.692307692,-2.205124015364859
784,れ_68ab41ba,-0.5,-0.5,-0.657780037,-0.162528217,0.009824561,0.061538462,-2.205124015364859
785,れ_68ba29bb,1.0,1.0,0.851005265,0.148984199,0.234385965,0.038461538,4.350176204824681
786,れ_68ba30aa,2.5,2.5,0.851005265,0.925507901,0.752280702,0.676923077,5.123627767257907
787,れ_68ba30ab,1.0,1.0,0.851005265,0.320541761,0.367719298,0.523076923,4.071154737491254
788,れ_68ba30ba,0.0,0.0,0.681580544,0.063205418,0.098245614,0.007692308,3.9899580806379293
789,れ_68ba30bb,0.5,0.5,0.681580544,0.194130926,0.150175439,0.1,4.286236993196077
790,れ_68ba34aa,0.5,0.5,0.611937125,0.316027088,0.209122807,0.276923077,2.997191932124966
791,れ_68ba34ab,0.5,0.5,0.611937125,0.523702032,0.458947368,0.515384615,3.7418175046419226
792,れ_68ba34ba,-0.5,-0.5,0.611937125,-0.194130926,-0.279298246,-0.253846154,1.6805105247454442
793,れ_68ba34bb,0.0,0.0,0.83681453,0.713318284,0.516491228,0.461538462,2.4167334156165534
794,れ_68ba35aa,-0.5,-0.5,0.365337317,-0.198645598,-0.130526316,0.084615385,-2.205124015364859
795,れ_68ba36ab,-0.5,-0.5,0.496523839,-0.045146727,-0.077192982,-0.107692308,3.3817324958154487
796,れ_68ba36ba,0.0,0.0,0.496523839,0.243792325,0.110877193,0.069230769,4.468740321859383
797,れ_68ba36bb,0.0,0.0,0.098939948,0.713318284,0.734035088,1.215384615,3.9899580806379293
798,れ_68ba37ab,-0.5,-0.5,-0.219400565,-0.013544018,-0.106666667,-0.138461538,2.6146012016941915
799,れ_68ba37ba,2.0,2.0,0.130150684,1.200902935,0.801403509,0.730769231,5.525983882914035
800,れ_68ba37bb,1.5,1.5,0.130150684,-0.153498871,-0.223157895,-0.323076923,5.785418519963773
801,れ_68ba38aa,1.5,1.5,0.130150684,2.0496614,1.089122807,0.330769231,6.847947180649612
802,れ_68ba38ab,3.5,3.5,-0.287682072,3.047404063,1.672982456,0.661538462,7.1202206279919045
803,れ_68ba38ba,1.0,1.0,-0.287682072,0.293453725,0.206315789,0.230769231,4.430492269736296
804,れ_68ba38bb,2.0,2.0,-0.287682072,1.20993228,0.992280702,1.038461538,4.767748164813332
805,れ_68ba39aa,0.5,0.5,-0.994252273,-0.121896163,-0.129122807,-0.007692308,2.0346159972975615
806,れ_68ba39ab,-0.5,-0.5,0.138891999,2.027088036,2.30877193,3.307692308,-2.205124015364859
807,れ_68ba39ba,-0.5,-0.5,0.261594738,0.297968397,0.439298246,0.861538462,-2.205124015364859
808,れ_68ba40aa,-0.5,-0.5,0.277631737,-0.284424379,-0.301754386,-0.223076923,1.6805105247454442
809,れ_68ba40ab,-0.5,-0.5,0.277631737,0.663656885,0.614736842,0.815384615,-2.205124015364859
810,れ_68ba40ba,-0.5,-0.5,0.277631737,0.573363431,0.567017544,0.830769231,-2.205124015364859
811,れ_68ba40bb,-0.5,-0.5,0.641327432,0.726862302,1.803508772,4.584615385,-2.205124015364859
812,れ_68ba41aa,-0.5,-0.5,0.641327432,-0.085778781,0.195087719,0.984615385,-2.205124015364859
813,れ_68ba41ab,-0.5,-0.5,0.641327432,1.873589165,1.04,0.369230769,-2.205124015364859
814,れ_68ba41ba,-0.5,-0.5,-0.657780037,3.823927765,1.879298246,0.546153846,-2.205124015364859
815,れ_68bb30aa,0.5,0.5,0.851005265,-0.158013544,-0.120701754,-0.223076923,3.555444447354803
816,れ_68bb30ab,-0.5,-0.5,1.113500901,0.004514673,-0.054736842,-0.169230769,2.6146012016941915
817,れ_68bb31ba,-0.5,-0.5,0.839409688,-0.343115124,-0.341052632,-0.323076923,2.0346159972975615
818,れ_68bb31bb,-0.5,-0.5,1.187843422,-0.212189616,-0.195087719,-0.161538462,1.449334001130827
819,れ_68bb34aa,0.0,0.0,0.699626147,0.243792325,0.322807018,0.684615385,3.2841721149714416
820,れ_68bb34ab,0.5,0.5,0.699626147,0.546275395,0.444912281,0.492307692,3.5143616624734317
821,れ_68bb34ba,-0.5,-0.5,0.699626147,-0.288939052,-0.315789474,-0.323076923,2.1768845859352064
822,れ_68bb34bb,-0.5,-0.5,0.83681453,0.37020316,0.294736842,0.623076923,0.09548225679308976
823,れ_68bb35aa,0.0,0.0,0.365337317,0.478555305,0.77754386,1.415384615,0.09548225679308976
824,れ_68bb36ab,0.0,0.0,0.496523839,0.144469526,0.023859649,-0.107692308,3.427626340404232
825,れ_68bb36ba,2.0,2.0,0.496523839,1.002257336,0.635789474,0.476923077,4.737914782778951
826,れ_68bb36bb,1.0,1.0,0.098939948,0.803611738,0.332631579,0.069230769,5.188185285935348
827,れ_68bb37ab,-0.5,-0.5,0.70111535,0.613995485,0.707368421,1.346153846,2.997191932124966
828,れ_68bb37ba,1.5,1.5,0.324255053,0.297968397,0.487017544,1.076923077,-2.205124015364859
829,れ_68bb37bb,0.5,0.5,0.324255053,-0.284424379,-0.310175439,-0.323076923,5.927051094794591
830,れ_68bb38aa,1.0,1.0,0.324255053,0.880361174,0.717192982,0.292307692,5.640628478265964
831,れ_68bb38ab,1.0,1.0,0.026641931,2.415349887,1.402105263,0.661538462,6.3498570603708515
832,れ_68bb38ba,1.0,1.0,-0.287682072,-0.180586907,-0.224561404,-0.2,0.7524504306244418
833,れ_68bb39aa,0.0,0.0,-0.780886095,0.871331828,0.881403509,1.153846154,3.1206045979594323
834,れ_68bb39ab,-0.5,-0.5,-0.780886095,2.198645598,2.492631579,3.761538462,-2.205124015364859
835,れ_68bb39ba,-0.5,-0.5,0.261594738,0.613995485,0.630175439,0.953846154,-2.205124015364859
836,れ_68bb40ab,-0.5,-0.5,0.277631737,-0.243792325,-0.234385965,-0.2,-2.205124015364859
837,れ_68bb40ba,-0.5,-0.5,0.277631737,-0.225733634,-0.144561404,-0.015384615,-2.205124015364859
838,れ_68bb40bb,-0.5,-0.5,-0.791863153,0.130925508,0.926315789,3.338461538,-2.205124015364859
839,れ_68bb41aa,-0.5,-0.5,-0.791863153,-0.103837472,0.225964912,1.076923077,-2.205124015364859
840,れ_69aa29ab,-0.5,-0.5,1.316408234,-0.343115124,-0.341052632,-0.323076923,0.09548225679308976
841,れ_69aa30bb,-0.5,-0.5,1.025324493,-0.343115124,-0.341052632,-0.323076923,0.09548225679308976
842,れ_69aa31ab,0.0,0.0,0.985070247,-0.343115124,-0.341052632,-0.323076923,1.449334001130827
843,れ_69aa31ba,2.0,2.0,0.985070247,-0.090293454,-0.140350877,0.0,3.8088665679598366
844,れ_69aa31bb,-0.5,-0.5,1.214912744,-0.343115124,-0.341052632,-0.323076923,0.09548225679308976
845,れ_69aa32aa,-0.5,-0.5,1.214912744,-0.343115124,-0.261052632,-0.092307692,-2.205124015364859
846,れ_69aa32ab,-0.5,-0.5,1.214912744,-0.284424379,-0.13754386,0.092307692,-2.205124015364859
847,れ_69aa33bb,-0.5,-0.5,1.259596708,-0.343115124,-0.33122807,-0.323076923,1.871591121293624
848,れ_69aa34aa,-0.5,-0.5,0.998791953,-0.343115124,-0.317192982,-0.323076923,2.1768845859352064
849,れ_69aa34ab,-0.5,-0.5,0.998791953,0.11738149,0.036491228,0.030769231,3.1777171998095506
850,れ_69aa34ba,-0.5,-0.5,0.998791953,-0.270880361,-0.293333333,-0.323076923,0.09548225679308976
851,れ_69aa34bb,-0.5,-0.5,0.83681453,0.767494357,0.364912281,0.007692308,-2.205124015364859
852,れ_69aa35aa,2.0,2.0,-1.390302383,0.266365688,0.188070175,0.038461538,-2.205124015364859
853,れ_69aa35ab,0.5,0.5,-1.390302383,-0.045146727,0.001403509,0.023076923,-2.205124015364859
854,れ_69aa35ba,0.0,0.0,-1.390302383,-0.343115124,-0.341052632,-0.323076923,-2.205124015364859
855,れ_69aa36ab,0.0,0.0,0.496523839,-0.090293454,-0.214736842,-0.230769231,2.1768845859352064
856,れ_69aa36ba,1.0,1.0,0.496523839,2.835214447,2.346666667,2.776923077,4.610733110303686
857,れ_69aa36bb,1.0,1.0,0.098939948,0.505643341,0.294736842,0.307692308,4.627373406664214
858,れ_69aa37aa,0.0,0.0,-0.07364654,0.659142212,0.641403509,1.069230769,3.232158706401343
859,れ_69aa37ab,0.0,0.0,0.70111535,-0.225733634,-0.199298246,-0.1,-2.205124015364859
860,れ_69aa37ba,0.0,0.0,0.324255053,-0.013544018,0.13754386,0.553846154,-2.205124015364859
861,れ_69aa37bb,1.0,1.0,0.291175962,-0.343115124,-0.341052632,-0.323076923,1.871591121293624
862,れ_69aa38aa,2.0,2.0,0.291175962,0.054176072,-0.021052632,-0.023076923,5.804813747218492
863,れ_69aa38ab,-0.5,-0.5,0.291175962,3.286681716,2.312982456,2.107692308,3.6707511732675617
864,れ_69aa38ba,0.5,0.5,-0.663588378,0.356659142,0.207719298,0.246153846,1.871591121293624
865,れ_69aa39aa,3.0,3.0,-0.157824085,-0.072234763,-0.21754386,-0.253846154,3.7418175046419226
866,れ_69aa39ab,2.5,2.5,-0.157824085,-0.212189616,-0.218947368,-0.246153846,6.65777078380187
867,れ_69aa39ba,2.0,2.0,-0.532730459,-0.257336343,-0.275087719,-0.323076923,6.6903825567638116
868,れ_69aa39bb,-0.5,-0.5,0.826366024,-0.343115124,-0.341052632,-0.323076923,4.350176204824681
869,れ_69aa40ba,-0.5,-0.5,0.277631737,-0.343115124,-0.32,-0.323076923,-2.205124015364859
870,れ_69aa40bb,-0.5,-0.5,-0.791863153,0.040632054,0.084210526,0.430769231,-2.205124015364859
871,れ_69aa41aa,-0.5,-0.5,-0.791863153,0.325056433,0.409824561,1.007692308,-2.205124015364859
872,れ_69aa41ab,-0.5,-0.5,-0.791863153,0.433408578,0.919298246,2.492307692,-2.205124015364859
873,れ_69aa41ba,-0.5,-0.5,-0.21319322,0.06772009,0.536140351,1.669230769,-2.205124015364859
874,れ_69ab31bb,-0.5,-0.5,1.265820208,-0.343115124,-0.341052632,-0.323076923,0.7524504306244418
875,れ_69ab32aa,-0.5,-0.5,1.265820208,-0.279909707,-0.305964912,-0.323076923,0.7524504306244418
876,れ_69ab33bb,-0.5,-0.5,1.214912744,-0.297968397,-0.311578947,-0.323076923,2.1768845859352064
877,れ_69ab34aa,0.0,0.0,1.214912744,0.397291196,0.241403509,0.207692308,2.4167334156165534
878,れ_69ab34bb,-0.5,-0.5,0.994732158,-0.297968397,-0.155789474,0.107692308,-2.205124015364859
879,れ_69ab35aa,0.0,0.0,-1.390302383,0.713318284,0.666666667,1.369230769,-2.205124015364859
880,れ_69ab35ab,1.0,1.0,0.849295863,-0.343115124,-0.287719298,-0.184615385,-2.205124015364859
881,れ_69ab36ba,-0.5,-0.5,0.6590732,0.478555305,0.364912281,0.4,1.871591121293624
882,れ_69ab36bb,0.0,0.0,0.768718367,0.0,-0.02245614,0.0,2.859026767580517
883,れ_69ab37aa,-0.5,-0.5,0.580538236,-0.203160271,-0.185263158,-0.084615385,-2.205124015364859
884,れ_69ab37ab,0.5,0.5,0.70111535,-0.040632054,-0.101052632,-0.123076923,4.839305449069616
885,れ_69ab37ba,1.5,1.5,0.324255053,0.735891648,0.310175439,0.107692308,6.822000951165807
886,れ_69ab37bb,1.5,1.5,0.286681572,-0.18510158,-0.255438596,-0.323076923,4.286236993196077
887,れ_69ab38aa,2.0,2.0,0.286681572,1.656884876,0.517894737,-0.038461538,6.341452283875832
888,れ_69ab38ab,0.0,0.0,0.286681572,0.731376975,0.369122807,0.230769231,4.286236993196077
889,れ_69ab38ba,-0.5,-0.5,-0.083381609,-0.343115124,-0.341052632,-0.323076923,0.7524504306244418
890,れ_69ab38bb,-0.5,-0.5,-0.157824085,0.009029345,-0.067368421,0.023076923,3.3817324958154487
891,れ_69ab39aa,0.5,0.5,-0.157824085,0.06772009,-0.040701754,0.030769231,3.555444447354803
892,れ_69ab39ab,0.5,0.5,-0.157824085,-0.343115124,-0.329824561,-0.323076923,6.059746433142154
893,れ_69ab39ba,1.5,1.5,-1.5945493,2.501128668,1.553684211,1.507692308,6.503678786826719
894,れ_69ab39bb,1.0,1.0,-0.127833372,0.943566591,0.62877193,0.661538462,6.2632339076684245
895,れ_69ab40aa,-0.5,-0.5,0.064850972,-0.343115124,-0.341052632,-0.323076923,-2.205124015364859
896,れ_69ab40bb,-0.5,-0.5,-0.791863153,0.013544018,0.023859649,0.369230769,-2.205124015364859
897,れ_69ab41aa,-0.5,-0.5,-0.791863153,0.830699774,0.66245614,1.330769231,-2.205124015364859
898,れ_69ab41ab,-0.5,-0.5,-0.273121921,0.690744921,1.173333333,2.861538462,-2.205124015364859
899,れ_69ab41ba,-0.5,-0.5,-0.088831214,0.243792325,0.669473684,1.7,-2.205124015364859
900,れ_69ba30ab,-0.5,-0.5,1.711452838,-0.343115124,-0.341052632,-0.323076923,0.7524504306244418
901,れ_69ba32aa,-0.5,-0.5,1.265820208,-0.343115124,-0.304561404,-0.230769231,0.09548225679308976
902,れ_69ba33bb,0.0,0.0,1.214912744,-0.25282167,-0.241403509,-0.223076923,2.4167334156165534
903,れ_69ba34aa,0.0,0.0,1.214912744,-0.343115124,-0.325614035,-0.323076923,1.871591121293624
904,れ_69ba35aa,0.5,0.5,-0.382725621,0.948081264,0.837894737,1.046153846,-2.205124015364859
905,れ_69ba35ab,-0.5,-0.5,0.849295863,0.523702032,0.597894737,1.330769231,-2.205124015364859
906,れ_69ba35ba,-0.5,-0.5,1.149305403,-0.343115124,-0.328421053,-0.323076923,1.1559704510713553
907,れ_69ba35bb,-0.5,-0.5,1.173101141,-0.343115124,-0.341052632,-0.323076923,1.1559704510713553
908,れ_69ba36bb,0.0,0.0,0.768718367,-0.306997743,-0.325614035,-0.323076923,1.449334001130827
909,れ_69ba37aa,0.0,0.0,-0.077961541,1.589164786,1.500350877,1.507692308,4.839305449069616
910,れ_69ba37ab,2.0,2.0,-0.077961541,1.336343115,0.62877193,0.407692308,7.143221887131538
911,れ_69ba37ba,1.0,1.0,0.267734435,0.957110609,0.315789474,0.030769231,6.85648283220327
912,れ_69ba37bb,0.5,0.5,0.286681572,1.101580135,0.487017544,0.092307692,6.614115369972617
913,れ_69ba38aa,2.5,2.5,0.286681572,3.146726862,1.818947368,1.1,6.511094696717579
914,れ_69ba38ab,1.0,1.0,0.286681572,0.997742664,0.366315789,0.330769231,5.043802817710792
915,れ_69ba38ba,0.0,0.0,-0.083381609,0.9751693,0.520701754,0.330769231,4.487422043102608
916,れ_69ba38bb,2.0,2.0,-1.22758267,2.027088036,1.431578947,1.4,4.610733110303686
917,れ_69ba39aa,-0.5,-0.5,-1.22758267,2.257336343,2.172631579,3.330769231,2.4167334156165534
918,れ_69ba39ab,1.0,1.0,-0.157824085,0.288939052,0.341052632,0.638461538,0.7524504306244418
919,れ_69ba39ba,0.0,0.0,-0.279713903,-0.198645598,-0.225964912,-0.223076923,2.0346159972975615
920,れ_69ba39bb,2.0,2.0,-0.0629398,0.686230248,0.475789474,0.123076923,4.811180759248893
921,れ_69ba40aa,0.5,0.5,-0.0629398,0.424379233,0.273684211,0.084615385,4.430492269736296
922,れ_69ba40ab,0.0,0.0,0.404798219,0.568848758,0.176842105,-0.107692308,3.4717935613534254
923,れ_69ba40ba,-0.5,-0.5,-0.106472245,-0.343115124,-0.341052632,-0.323076923,-2.205124015364859
924,れ_69ba41aa,-0.5,-0.5,0.21107097,0.162528217,0.026666667,0.2,-2.205124015364859
925,れ_69ba41ab,-0.5,-0.5,0.21107097,0.320541761,0.259649123,0.592307692,-2.205124015364859
926,れ_69bb33ba,-0.5,-0.5,1.214912744,-0.311512415,-0.301754386,-0.323076923,0.7524504306244418
927,れ_69bb34aa,-0.5,-0.5,1.214912744,-0.311512415,-0.322807018,-0.323076923,2.7831922916032688
928,れ_69bb34bb,0.0,0.0,1.129787906,1.864559819,1.063859649,0.969230769,-2.205124015364859
929,れ_69bb35aa,0.0,0.0,0.442118426,0.320541761,0.329824561,0.646153846,-2.205124015364859
930,れ_69bb35bb,-0.5,-0.5,1.173101141,-0.343115124,-0.341052632,-0.323076923,-2.205124015364859
931,れ_69bb37aa,0.0,0.0,0.102556588,-0.158013544,-0.161403509,-0.223076923,3.7758150666570542
932,れ_69bb37ab,2.5,2.5,0.102556588,2.121896163,1.330526316,0.661538462,6.324476464983047
933,れ_69bb37ba,1.5,1.5,-0.879476759,1.593679458,1.069473684,0.553846154,6.111208333106648
934,れ_69bb37bb,2.0,2.0,0.286681572,1.485327314,0.837894737,0.576923077,5.9153431287906475
935,れ_69bb38aa,1.0,1.0,0.286681572,1.611738149,1.202807018,1.046153846,4.796873263563959
936,れ_69bb38ab,2.5,2.5,0.286681572,0.424379233,0.144561404,0.007692308,4.195351340558155
937,れ_69bb38ba,1.0,1.0,-0.083381609,3.44469526,2.004210526,1.061538462,6.146038407722579
938,れ_69bb38bb,1.5,1.5,-1.22758267,2.212189616,1.375438596,0.738461538,6.049200665261501
939,れ_69bb39aa,0.5,0.5,-0.387134151,1.155756208,0.798596491,0.684615385,5.288851077684742
940,れ_69bb39ab,0.5,0.5,-0.673344553,0.18510158,0.056140351,-0.030769231,4.071154737491254
941,れ_69bb39ba,0.5,0.5,-0.673344553,0.817155756,0.305964912,0.107692308,5.188185285935348
942,れ_69bb39bb,1.5,1.5,-0.673344553,1.571106095,1.278596491,1.207692308,5.020017654993894
943,れ_69bb40aa,-0.5,-0.5,0.608133806,0.23476298,-0.002807018,-0.2,3.6335518646046254
944,れ_69bb40ab,0.0,0.0,0.433080275,-0.027088036,-0.065964912,-0.130769231,3.2841721149714416
945,れ_70aa33ba,-0.5,-0.5,1.444327392,-0.343115124,-0.341052632,-0.323076923,-2.205124015364859
946,れ_70aa33bb,-0.5,-0.5,1.444327392,-0.343115124,-0.341052632,-0.323076923,0.09548225679308976
947,れ_70aa34ba,-0.5,-0.5,1.241557565,-0.153498871,-0.221754386,-0.246153846,-2.205124015364859
948,れ_70aa34bb,0.0,0.0,1.242712633,0.60496614,0.418245614,0.6,-2.205124015364859
949,れ_70aa35ba,-0.5,-0.5,0.444685821,-0.343115124,-0.341052632,-0.323076923,0.09548225679308976
950,れ_70aa37aa,0.5,0.5,-0.410980289,0.248306998,0.204912281,0.2,4.4109065829535865
951,れ_70aa37ab,0.5,0.5,-0.450985623,2.221218962,1.726315789,1.538461538,6.017030513115169
952,れ_70aa37ba,2.0,2.0,-0.450985623,2.297968397,1.626666667,1.230769231,6.792554796620887
953,れ_70aa37bb,2.5,2.5,-0.94160854,2.040632054,1.501754386,1.115384615,6.3456615229831375
954,れ_70aa38aa,3.5,3.5,-0.94160854,0.817155756,0.576842105,0.6,5.167036704227297
955,れ_70aa38ab,1.0,1.0,-0.94160854,-0.139954853,-0.241403509,-0.323076923,2.6146012016941915
956,れ_70aa38ba,1.5,1.5,-0.850971266,2.275395034,1.487719298,0.915384615,5.984028245262358
957,れ_70aa38bb,2.5,2.5,-0.397496938,1.408577878,1.011929825,0.576923077,5.4686822597695155
958,れ_70aa39aa,0.5,0.5,-0.713349888,2.261851016,1.699649123,1.369230769,5.259496227240482
959,れ_70aa39ab,1.0,1.0,-0.713349888,1.566591422,1.082105263,0.946153846,5.279142717158907
960,れ_70aa39ba,2.0,2.0,-0.713349888,1.869074492,1.136842105,0.507692308,5.57310190169146
961,れ_70aa39bb,2.0,2.0,-0.673344553,2.758465011,1.841403509,1.492307692,5.950148752493367
962,れ_70aa40aa,1.5,1.5,-0.659712404,0.934537246,0.631578947,0.546153846,4.995766072228845
963,れ_70aa40ab,-0.5,-0.5,0.608133806,-0.343115124,-0.341052632,-0.323076923,0.09548225679308976
964,れ_70ab33ab,-0.5,-0.5,1.671849173,-0.343115124,-0.341052632,-0.323076923,-2.205124015364859
965,れ_70ab34ba,-0.5,-0.5,0.299363577,0.704288939,0.496842105,0.530769231,-2.205124015364859
966,れ_70ab34bb,-0.5,-0.5,1.242712633,0.176072235,-0.005614035,-0.130769231,-2.205124015364859
967,れ_70ab35bb,-0.5,-0.5,0.246860078,-0.343115124,-0.341052632,-0.323076923,-2.205124015364859
968,れ_70ab37aa,0.5,0.5,-0.665532014,0.311512415,0.197894737,0.146153846,4.839305449069616
969,れ_70ab37ab,1.0,1.0,-0.450985623,1.32731377,1.121403509,1.246153846,5.655155481374845
970,れ_70ab37ba,0.5,0.5,-0.450985623,1.810383747,1.421754386,1.330769231,6.677435713696766
971,れ_70ab37bb,2.5,2.5,-1.064210862,2.072234763,1.197192982,0.830769231,6.6378040845593835
972,れ_70ab38aa,2.5,2.5,-1.064210862,1.607223476,0.97122807,0.569230769,5.830220916431739
973,れ_70ab38ba,4.0,4.0,-0.850971266,1.155756208,0.972631579,0.715384615,5.426088523087561
974,れ_70ab38bb,1.0,1.0,-0.397496938,1.810383747,1.37122807,1.030769231,5.772321426245338
975,れ_70ab39aa,2.5,2.5,-0.713349888,1.449209932,1.065263158,0.892307692,5.618519298145598
976,れ_70ab39ab,0.5,0.5,-0.713349888,1.146726862,0.929122807,0.784615385,4.4109065829535865
977,れ_70ab39ba,2.0,2.0,-0.713349888,3.110609481,2.213333333,1.607692308,5.596015322294295
978,れ_70ab39bb,0.5,0.5,-0.689155159,1.88261851,1.069473684,0.769230769,5.655155481374845
979,れ_70ab40aa,0.5,0.5,-0.659712404,0.48758465,0.287719298,0.246153846,4.4109065829535865
980,れ_70ab40ab,0.5,0.5,-0.071496002,0.018058691,-0.084210526,-0.207692308,3.841024191030605
981,れ_70ba34ba,0.0,0.0,2.307672132,0.25282167,-0.089824561,-0.246153846,0.7524504306244418
982,れ_70ba34bb,0.0,0.0,1.242712633,-0.343115124,-0.341052632,-0.323076923,0.09548225679308976
983,れ_70ba35ab,-0.5,-0.5,0.444685821,-0.343115124,-0.341052632,-0.323076923,0.09548225679308976
984,れ_70ba35bb,-0.5,-0.5,1.10393145,-0.343115124,-0.341052632,-0.323076923,-2.205124015364859
985,れ_70ba36bb,0.5,0.5,-0.057629113,-0.343115124,-0.341052632,-0.323076923,2.1768845859352064
986,れ_70ba37aa,-0.5,-0.5,-0.057629113,-0.343115124,-0.341052632,-0.323076923,1.6805105247454442
987,れ_70ba37ba,1.0,1.0,-0.450985623,0.35214447,0.117894737,-0.038461538,4.691757073478076
988,れ_70ba37bb,1.0,1.0,-1.064210862,2.428893905,1.592982456,1.861538462,5.259496227240482
989,れ_70ba38aa,1.0,1.0,-1.064210862,2.546275395,1.323508772,1.192307692,5.76572173410623
990,れ_70ba38ab,1.0,1.0,-1.064210862,-0.036117381,-0.098245614,-0.107692308,1.1559704510713553
991,れ_70ba38ba,1.0,1.0,-0.185125484,0.595936795,0.390175439,0.176923077,4.958472182886142
992,れ_70ba38bb,-0.5,-0.5,-0.397496938,-0.189616253,-0.207719298,-0.192307692,2.997191932124966
993,れ_70ba39aa,2.0,2.0,-0.713349888,2.094808126,1.504561404,1.038461538,6.2176316053589815
994,れ_70ba39ab,3.0,3.0,-0.713349888,1.047404063,0.905263158,0.676923077,5.259496227240482
995,れ_70ba39ba,0.0,0.0,-0.713349888,1.661399549,1.258947368,0.746153846,5.525983882914035
996,れ_70ba39bb,1.0,1.0,-0.689155159,1.909706546,1.265964912,1.107692308,5.188185285935348
997,れ_70ba40aa,1.5,1.5,0.100749903,2.316027088,1.29122807,0.861538462,5.269358176705216
998,れ_70ba40ab,1.0,1.0,0.100749903,1.187358916,0.70877193,0.330769231,5.308044030085084
999,れ_70ba40ba,-0.5,-0.5,0.248421358,0.401805869,0.25122807,0.253846154,3.427626340404232
1000,れ_70bb34ba,-0.5,-0.5,2.307672132,-0.343115124,-0.341052632,-0.323076923,0.09548225679308976
1001,れ_70bb36aa,-0.5,-0.5,0.834212621,-0.261851016,-0.310175439,-0.323076923,0.7524504306244418
1002,れ_70bb37aa,0.0,0.0,-0.057629113,-0.343115124,-0.341052632,-0.323076923,2.701995457269642
1003,れ_70bb37ab,-0.5,-0.5,-0.057629113,-0.343115124,-0.341052632,-0.323076923,0.7524504306244418
1004,れ_70bb37ba,-0.5,-0.5,-0.089924708,-0.343115124,-0.341052632,-0.323076923,-2.205124015364859
1005,れ_70bb37bb,0.0,0.0,-1.064210862,1.507900677,0.965614035,0.953846154,1.871591121293624
1006,れ_70bb38aa,0.0,0.0,-1.064210862,0.830699774,0.501052632,0.546153846,1.871591121293624
1007,れ_70bb38ab,-0.5,-0.5,-1.064210862,1.237020316,0.913684211,1.023076923,2.303161982697385
1008,れ_70bb38ba,0.0,0.0,-1.027222293,-0.207674944,-0.183859649,-0.146153846,1.871591121293624
1009,れ_70bb38bb,0.5,0.5,0.456158222,0.158013544,0.50245614,0.146153846,2.0346159972975615
1010,れ_70bb39aa,0.5,0.5,-0.532730459,0.11738149,0.088421053,0.1,2.997191932124966
1011,れ_70bb39ab,2.0,2.0,-0.689155159,1.273137698,1.070877193,0.953846154,5.64791289152778
1012,れ_70bb39ba,0.0,0.0,-0.689155159,0.573363431,0.315789474,0.092307692,4.487422043102608
1013,れ_70bb39bb,0.5,0.5,-0.689155159,1.638826185,1.385263158,0.976923077,4.767748164813332
1014,れ_70bb40aa,0.5,0.5,0.305276381,1.155756208,1.100350877,1.146153846,2.6146012016941915
1015,れ_70bb40ab,0.0,0.0,0.305276381,1.851015801,1.149473684,0.884615385,5.24955560949698
1016,れ_70bb40ba,-0.5,-0.5,0.305276381,-0.189616253,-0.261052632,-0.323076923,1.449334001130827
1017,れ_71aa35bb,-0.5,-0.5,1.447624616,-0.306997743,-0.314385965,-0.323076923,1.6805105247454442
1018,れ_71aa36aa,0.0,0.0,1.387543581,-0.144469526,-0.197894737,-0.146153846,2.0346159972975615
1019,れ_71aa36bb,-0.5,-0.5,-0.057629113,-0.343115124,-0.341052632,-0.323076923,1.6805105247454442
1020,れ_71aa37aa,-0.5,-0.5,-0.057629113,-0.316027088,-0.312982456,-0.323076923,1.6805105247454442
1021,れ_71aa37ab,-0.5,-0.5,-0.057629113,-0.343115124,-0.341052632,-0.323076923,1.1559704510713553
1022,れ_71aa37bb,-0.5,-0.5,-0.006018072,-0.343115124,-0.305964912,-0.323076923,2.859026767580517
1023,れ_71aa38aa,-0.5,-0.5,-0.006018072,-0.343115124,-0.325614035,-0.323076923,0.7524504306244418
1024,れ_71aa38bb,0.0,0.0,0.173112618,0.248306998,0.25122807,0.423076923,-2.205124015364859
1025,れ_71aa39aa,-0.5,-0.5,0.483043243,1.033860045,1.145263158,1.884615385,-2.205124015364859
1026,れ_71ab36aa,0.0,0.0,1.387543581,-0.063205418,-0.188070175,-0.223076923,1.449334001130827
1027,れ_71ab36bb,-0.5,-0.5,0.657520003,-0.343115124,-0.341052632,-0.323076923,1.871591121293624
1028,れ_71ab37aa,-0.5,-0.5,0.083421608,-0.343115124,-0.341052632,-0.323076923,3.3339685236581023
1029,れ_71ab37ba,-0.5,-0.5,-0.006018072,-0.343115124,-0.341052632,-0.323076923,2.7831922916032688
1030,れ_71ab37bb,-0.5,-0.5,-0.006018072,-0.343115124,-0.341052632,-0.323076923,1.449334001130827
1031,れ_71ab38aa,-0.5,-0.5,-0.006018072,-0.343115124,-0.341052632,-0.323076923,1.1559704510713553
1032,れ_71ab38ab,-0.5,-0.5,-1.027222293,-0.343115124,-0.341052632,-0.323076923,0.7524504306244418
1033,れ_71ab41aa,-0.5,-0.5,0.806922195,-0.343115124,-0.341052632,-0.323076923,0.09548225679308976
1034,れ_71ba36aa,-0.5,-0.5,1.387543581,-0.288939052,-0.312982456,-0.323076923,1.6805105247454442
1035,れ_71ba36bb,-0.5,-0.5,0.657520003,-0.343115124,-0.341052632,-0.323076923,1.871591121293624
1036,れ_71ba37aa,-0.5,-0.5,0.812706416,-0.343115124,-0.341052632,-0.323076923,2.701995457269642
1037,れ_71ba37ab,1.5,1.5,-0.048140375,0.713318284,0.367719298,0.253846154,4.241650030689498
1038,れ_71ba37ba,-0.5,-0.5,-0.006018072,-0.343115124,-0.341052632,-0.323076923,2.303161982697385
1039,れ_71ba37bb,-0.5,-0.5,-0.006018072,0.55530474,0.522105263,0.246153846,3.1777171998095506
1040,れ_71ba38aa,-0.5,-0.5,-0.006018072,1.300225734,0.846315789,0.846153846,2.997191932124966
1041,れ_71ba38ab,0.5,0.5,0.511625304,-0.153498871,-0.196491228,-0.261538462,2.859026767580517
1042,れ_71ba38ba,-0.5,-0.5,0.327143141,-0.013544018,-0.134736842,-0.2,2.859026767580517
1043,れ_71ba40bb,-0.5,-0.5,0.632335041,-0.343115124,-0.341052632,-0.323076923,0.09548225679308976
1044,れ_71bb37ab,-0.5,-0.5,0.672434139,0.018058691,-0.155789474,-0.238461538,3.1206045979594323
1045,れ_71bb37ba,-0.5,-0.5,0.717839793,-0.343115124,-0.341052632,-0.323076923,0.09548225679308976
1046,れ_71bb38aa,0.5,0.5,0.717839793,0.027088036,-0.018245614,0.092307692,0.7524504306244418
1047,れ_71bb38ab,-0.5,-0.5,0.511625304,-0.112866817,-0.210526316,-0.215384615,2.859026767580517
1048,れ_71bb38ba,1.5,1.5,0.360467742,-0.257336343,-0.270877193,-0.261538462,1.6805105247454442
1049,れ_72aa38ba,-0.5,-0.5,0.360467742,-0.343115124,-0.341052632,-0.323076923,-2.205124015364859
