,gid,lon,lat,인구_전체,인구_여자,인구_남자,유소년_전체,유소년_여자,유소년_남자,고령_전체,고령_여자,고령_남자,건축물수,공동주택수,단독주택수,사용승인일,cctv,보안등,security,security_encoded
0,ㅼ궗702379,127.163692,37.44024447,532.0,290.0,242.0,35.0,19.0,16.0,105.0,59.0,46.0,76.0,2.0,68.0,1987.92,0,17,17,1
2,ㅼ궗698388,127.1591335,37.44834375,432.0,225.0,207.0,24.0,9.0,15.0,86.0,50.0,36.0,43.0,8.0,24.0,1994.88,0,9,9,1
4,ㅼ궗668384,127.1252351,37.44463565,209.0,91.0,118.0,7.0,0.0,0.0,64.0,34.0,30.0,17.0,3.0,14.0,1989.24,1,6,7,1
16,ㅼ궗673383,127.1308919,37.44375208,326.0,167.0,159.0,32.0,15.0,17.0,76.0,48.0,28.0,28.0,6.0,18.0,1994.11,0,4,4,1
28,ㅼ궗608326,127.0577136,37.39212268,96.0,50.0,46.0,6.0,0.0,0.0,27.0,11.0,16.0,9.0,4.0,1.0,2013.0,0,8,8,1
32,ㅼ궗706395,127.16815,37.45467901,116.0,60.0,56.0,10.0,0.0,7.0,26.0,15.0,11.0,8.0,7.0,1.0,1994.5,0,0,0,0
37,ㅼ궗702380,127.163688,37.44114583,248.0,128.0,120.0,21.0,10.0,11.0,44.0,26.0,18.0,24.0,5.0,12.0,1990.54,1,4,5,1
40,ㅼ궗677372,127.135462,37.43385118,167.0,77.0,90.0,14.0,0.0,9.0,45.0,24.0,21.0,11.0,1.0,1.0,1996.09,0,0,0,0
41,ㅼ궗699372,127.1603293,37.43392525,345.0,159.0,186.0,17.0,0.0,12.0,73.0,40.0,33.0,39.0,5.0,22.0,1991.11,2,13,15,1
42,ㅼ궗697385,127.1580153,37.44563641,267.0,125.0,142.0,9.0,0.0,0.0,77.0,42.0,35.0,42.0,1.0,25.0,1991.88,1,10,11,1
45,ㅼ궗676325,127.1345375,37.39148369,127.0,60.0,67.0,6.0,0.0,0.0,27.0,14.0,13.0,7.0,4.0,1.0,2002.14,1,11,12,1
59,ㅼ궗669383,127.12637,37.44373787,370.0,172.0,198.0,15.0,6.0,9.0,92.0,54.0,38.0,70.0,1.0,63.0,1990.2,0,9,9,1
61,ㅼ궗700379,127.1614312,37.44023802,420.0,195.0,225.0,17.0,7.0,10.0,87.0,49.0,38.0,44.0,5.0,32.0,1991.95,1,7,8,1
63,ㅼ궗686390,127.1455584,37.45010656,66.0,34.0,32.0,0.0,0.0,0.0,13.0,8.0,0.0,5.0,2.0,2.0,1993.4,2,5,7,1
64,ㅼ궗695387,127.155746,37.44743257,489.0,257.0,232.0,30.0,18.0,12.0,131.0,75.0,56.0,12.0,6.0,4.0,2000.5,0,7,7,1
67,ㅼ궗696399,127.1568271,37.45825214,652.0,300.0,352.0,30.0,16.0,14.0,118.0,63.0,55.0,44.0,39.0,5.0,1994.16,2,9,11,1
69,ㅼ궗675368,127.1332189,37.43023875,541.0,288.0,253.0,18.0,11.0,7.0,140.0,85.0,55.0,40.0,14.0,22.0,1997.9,0,14,14,1
82,ㅼ궗702376,127.1637041,37.43754039,517.0,241.0,276.0,36.0,23.0,13.0,106.0,57.0,49.0,81.0,9.0,71.0,1988.1,0,18,18,1
90,ㅼ궗681317,127.1402204,37.38429008,148.0,71.0,77.0,13.0,0.0,8.0,24.0,11.0,13.0,7.0,3.0,2.0,2003.86,0,1,1,1
92,ㅼ궗680375,127.13884,37.43656566,215.0,107.0,108.0,11.0,0.0,6.0,51.0,26.0,25.0,7.0,1.0,4.0,1991.29,0,2,2,1
93,ㅼ궗704403,127.1658567,37.4618835,292.0,146.0,146.0,12.0,0.0,9.0,64.0,36.0,28.0,31.0,2.0,27.0,1993.16,2,4,6,1
99,ㅼ궗684365,127.1434042,37.4275658,228.0,118.0,110.0,16.0,10.0,6.0,47.0,30.0,17.0,16.0,8.0,2.0,1997.25,0,5,5,1
105,ㅼ궗674386,127.1320092,37.44645967,575.0,271.0,304.0,23.0,15.0,8.0,146.0,90.0,56.0,111.0,1.0,110.0,1988.78,1,20,21,1
108,ㅼ궗678349,127.1366925,37.41312337,415.0,181.0,234.0,30.0,14.0,16.0,59.0,26.0,33.0,18.0,1.0,17.0,1995.89,0,4,4,1
113,ㅼ궗706403,127.1681182,37.46188987,86.0,45.0,41.0,7.0,0.0,0.0,19.0,10.0,9.0,15.0,1.0,5.0,1986.33,0,4,4,1
119,ㅼ궗688367,127.1479167,37.42938207,228.0,120.0,108.0,18.0,11.0,7.0,53.0,30.0,23.0,28.0,4.0,12.0,1992.71,0,6,6,1
120,ㅼ궗689350,127.1491185,37.41406228,235.0,120.0,115.0,36.0,16.0,20.0,20.0,11.0,9.0,4.0,2.0,2.0,2009.0,0,0,0,0
134,ㅼ궗669373,127.1264148,37.4347243,101.0,46.0,55.0,7.0,0.0,0.0,19.0,11.0,8.0,8.0,1.0,7.0,1993.0,0,3,3,1
137,ㅼ궗687381,127.1467271,37.44199773,485.0,226.0,259.0,24.0,12.0,12.0,87.0,47.0,40.0,41.0,4.0,19.0,1993.18,0,6,6,1
143,ㅼ궗694373,127.1546734,37.43481024,58.0,18.0,40.0,0.0,0.0,0.0,13.0,7.0,6.0,18.0,1.0,17.0,1988.94,1,5,6,1
144,ㅼ궗678377,127.1365705,37.43836145,546.0,245.0,301.0,28.0,15.0,13.0,146.0,78.0,68.0,115.0,1.0,112.0,1990.27,1,15,16,1
145,ㅼ궗697400,127.1579537,37.45915678,915.0,466.0,449.0,43.0,24.0,19.0,210.0,120.0,90.0,57.0,47.0,9.0,1993.16,0,9,9,1
147,ㅼ궗676390,127.1342527,37.45007212,42.0,24.0,18.0,0.0,0.0,0.0,0.0,0.0,0.0,6.0,1.0,5.0,1989.83,1,1,2,1
155,ㅼ궗678382,127.1365487,37.44286824,171.0,78.0,93.0,6.0,0.0,0.0,23.0,11.0,12.0,22.0,1.0,5.0,1988.27,1,5,6,1
156,ㅼ궗624326,127.0757887,37.39218891,202.0,106.0,96.0,33.0,17.0,16.0,14.0,8.0,6.0,10.0,5.0,4.0,2009.7,0,0,0,0
159,ㅼ궗683374,127.1422354,37.43567462,565.0,287.0,278.0,50.0,29.0,21.0,97.0,58.0,39.0,44.0,14.0,27.0,1993.8,0,11,11,1
162,ㅼ궗701385,127.1625373,37.44564941,278.0,151.0,127.0,17.0,9.0,8.0,75.0,44.0,31.0,31.0,3.0,15.0,1991.74,0,4,4,1
176,ㅼ궗685364,127.1445387,37.42666784,57.0,25.0,32.0,0.0,0.0,0.0,15.0,6.0,9.0,5.0,1.0,3.0,1990.2,0,2,2,1
178,ㅼ궗682390,127.1410361,37.45009291,516.0,244.0,272.0,19.0,11.0,8.0,101.0,59.0,42.0,96.0,1.0,92.0,1991.43,0,12,12,1
180,ㅼ궗684388,127.1433058,37.44829705,188.0,99.0,89.0,22.0,10.0,12.0,46.0,27.0,19.0,17.0,5.0,6.0,1996.76,2,3,5,1
182,ㅼ궗680386,127.1387923,37.4464806,445.0,221.0,224.0,31.0,16.0,15.0,88.0,49.0,39.0,35.0,4.0,27.0,1992.63,1,8,9,1
186,ㅼ궗675369,127.1332145,37.43114011,289.0,157.0,132.0,17.0,11.0,6.0,57.0,35.0,22.0,27.0,5.0,14.0,1999.69,0,4,4,1
194,ㅼ궗697389,127.1579989,37.44924185,605.0,327.0,278.0,58.0,30.0,28.0,151.0,89.0,62.0,23.0,4.0,12.0,1994.78,2,4,6,1
196,ㅼ궗700391,127.1613824,37.45105433,377.0,187.0,190.0,25.0,12.0,13.0,90.0,47.0,43.0,56.0,1.0,48.0,1989.62,0,11,11,1
199,ㅼ궗681299,127.1402979,37.36806546,143.0,71.0,72.0,10.0,0.0,0.0,29.0,15.0,14.0,5.0,2.0,3.0,1998.4,0,0,0,0
202,ㅼ궗682375,127.1411007,37.43657255,579.0,275.0,304.0,39.0,24.0,15.0,68.0,35.0,33.0,15.0,1.0,3.0,1997.6,1,7,8,1
203,ㅼ궗681378,127.1399574,37.43927319,487.0,221.0,266.0,12.0,0.0,10.0,117.0,70.0,47.0,105.0,1.0,99.0,1989.51,3,17,20,1
204,ㅼ궗705377,127.1670913,37.43845135,110.0,51.0,59.0,0.0,0.0,0.0,26.0,16.0,10.0,15.0,1.0,12.0,1987.73,1,3,4,1
213,ㅼ궗657306,127.1131614,37.37428949,60.0,34.0,26.0,0.0,0.0,0.0,10.0,0.0,0.0,7.0,1.0,5.0,1994.0,0,0,0,0
230,ㅼ궗705391,127.1670354,37.45107039,721.0,351.0,370.0,55.0,28.0,27.0,158.0,93.0,65.0,85.0,26.0,53.0,1992.35,1,9,10,1
232,ㅼ궗704398,127.1658767,37.45737671,296.0,143.0,153.0,17.0,7.0,10.0,78.0,43.0,35.0,31.0,11.0,14.0,1994.0,0,7,7,1
233,ㅼ궗681371,127.1399876,37.43296368,220.0,110.0,110.0,14.0,8.0,6.0,43.0,24.0,19.0,18.0,4.0,14.0,1992.22,0,6,6,1
248,ㅼ궗674368,127.1320886,37.43023524,868.0,445.0,423.0,62.0,27.0,35.0,184.0,101.0,83.0,36.0,12.0,18.0,1998.56,0,6,6,1
249,ㅼ궗689364,127.1490596,37.42668135,185.0,91.0,94.0,14.0,7.0,7.0,45.0,22.0,23.0,12.0,4.0,6.0,1993.67,0,6,6,1
252,ㅼ궗669382,127.1263745,37.44283651,376.0,183.0,193.0,10.0,0.0,7.0,104.0,62.0,42.0,65.0,2.0,59.0,1988.12,1,12,13,1
254,ㅼ궗704374,127.1659729,37.43574408,330.0,157.0,173.0,40.0,15.0,25.0,49.0,30.0,19.0,22.0,6.0,14.0,1992.95,0,6,6,1
255,ㅼ궗672405,127.1296637,37.46357835,223.0,93.0,130.0,21.0,11.0,10.0,24.0,12.0,12.0,15.0,1.0,13.0,2007.47,1,1,2,1
257,ㅼ궗705387,127.1670514,37.44746495,213.0,112.0,101.0,17.0,8.0,9.0,42.0,26.0,16.0,18.0,1.0,13.0,1990.89,0,4,4,1
265,ㅼ궗672382,127.1297659,37.44284719,491.0,221.0,270.0,23.0,11.0,12.0,117.0,66.0,51.0,97.0,1.0,89.0,1986.81,0,6,6,1
266,ㅼ궗690408,127.1500051,37.46634445,100.0,50.0,50.0,20.0,10.0,10.0,13.0,7.0,6.0,10.0,1.0,9.0,2017.4,0,0,0,0
272,ㅼ궗690368,127.150173,37.43029014,238.0,114.0,124.0,16.0,9.0,7.0,45.0,28.0,17.0,23.0,8.0,3.0,1993.61,1,6,7,1
280,ㅼ궗679346,127.1378355,37.41042275,316.0,148.0,168.0,21.0,13.0,8.0,33.0,17.0,16.0,15.0,1.0,13.0,1996.27,0,5,5,1
282,ㅼ궗680387,127.138788,37.44738195,261.0,114.0,147.0,14.0,0.0,9.0,55.0,30.0,25.0,34.0,1.0,21.0,1989.45,2,5,7,1
283,ㅼ궗673382,127.1308964,37.44285072,349.0,168.0,181.0,12.0,6.0,6.0,84.0,47.0,37.0,50.0,2.0,36.0,1988.94,1,6,7,1
286,ㅼ궗705401,127.1669954,37.46008397,572.0,297.0,275.0,32.0,16.0,16.0,134.0,67.0,67.0,34.0,16.0,11.0,1997.41,0,8,8,1
288,ㅼ궗695383,127.1557625,37.44382713,246.0,94.0,152.0,0.0,0.0,0.0,84.0,42.0,42.0,54.0,1.0,19.0,1986.57,1,8,9,1
301,ㅼ궗702401,127.1636032,37.46007437,90.0,48.0,42.0,6.0,0.0,0.0,15.0,9.0,6.0,5.0,1.0,4.0,1997.8,0,1,1,1
303,ㅼ궗707392,127.1692926,37.4519781,668.0,322.0,346.0,50.0,20.0,30.0,119.0,66.0,53.0,59.0,25.0,33.0,1992.92,2,16,18,1
304,ㅼ궗677343,127.1355886,37.40771172,185.0,98.0,87.0,8.0,0.0,0.0,42.0,28.0,14.0,5.0,1.0,2.0,2000.4,0,1,1,1
324,ㅼ궗704390,127.1659088,37.45016584,302.0,145.0,157.0,16.0,8.0,8.0,70.0,40.0,30.0,43.0,4.0,27.0,1990.14,2,10,12,1
331,ㅼ궗646390,127.1003356,37.44996229,171.0,89.0,82.0,10.0,7.0,0.0,37.0,20.0,17.0,20.0,2.0,16.0,2010.7,0,3,3,1
336,ㅼ궗669372,127.1264193,37.43382294,287.0,146.0,141.0,33.0,15.0,18.0,62.0,34.0,28.0,22.0,5.0,11.0,1997.09,0,8,8,1
339,ㅼ궗610326,127.059973,37.39213111,74.0,38.0,36.0,0.0,0.0,0.0,9.0,6.0,0.0,8.0,3.0,3.0,2003.0,0,5,5,1
344,ㅼ궗700372,127.1614596,37.4339285,429.0,212.0,217.0,28.0,14.0,14.0,88.0,47.0,41.0,43.0,10.0,26.0,1991.52,1,16,17,1
352,ㅼ궗694398,127.1545699,37.4573442,566.0,268.0,298.0,50.0,15.0,35.0,103.0,53.0,50.0,59.0,29.0,26.0,1996.25,0,11,11,1
353,ㅼ궗701400,127.1624766,37.45916978,614.0,316.0,298.0,49.0,29.0,20.0,123.0,67.0,56.0,45.0,18.0,27.0,1992.82,0,8,8,1
355,ㅼ궗685384,127.1444534,37.44469502,204.0,110.0,94.0,18.0,9.0,9.0,49.0,30.0,19.0,25.0,8.0,7.0,1988.08,1,3,4,1
360,ㅼ궗643294,127.0974071,37.36342034,140.0,67.0,73.0,8.0,0.0,0.0,41.0,21.0,20.0,15.0,6.0,3.0,1993.2,0,4,4,1
362,ㅼ궗668381,127.1252486,37.44193158,441.0,227.0,214.0,22.0,8.0,14.0,122.0,71.0,51.0,35.0,9.0,23.0,1994.94,0,12,12,1
372,ㅼ궗707402,127.1692529,37.46099168,385.0,193.0,192.0,31.0,16.0,15.0,88.0,49.0,39.0,30.0,8.0,17.0,1993.5,1,7,8,1
387,ㅼ궗702381,127.163684,37.44204719,128.0,60.0,68.0,11.0,0.0,6.0,25.0,12.0,13.0,10.0,3.0,3.0,1993.1,2,6,8,1
389,ㅼ궗699374,127.1603211,37.43572797,489.0,229.0,260.0,23.0,9.0,14.0,109.0,60.0,49.0,86.0,2.0,80.0,1988.73,1,16,17,1
420,ㅼ궗674371,127.1320754,37.43293931,413.0,164.0,249.0,7.0,0.0,0.0,101.0,41.0,60.0,37.0,1.0,19.0,1993.14,1,5,6,1
427,ㅼ궗646303,127.100752,37.37154411,123.0,56.0,67.0,7.0,0.0,0.0,15.0,9.0,6.0,9.0,4.0,3.0,2003.44,1,4,5,1
428,ㅼ궗697372,127.1580686,37.43391873,197.0,94.0,103.0,8.0,0.0,0.0,45.0,25.0,20.0,55.0,4.0,37.0,1987.49,0,15,15,1
431,ㅼ궗702373,127.1637162,37.43483631,490.0,230.0,260.0,29.0,13.0,16.0,96.0,51.0,45.0,38.0,10.0,21.0,1990.47,1,6,7,1
442,ㅼ궗692352,127.1525002,37.41587502,246.0,124.0,122.0,31.0,12.0,19.0,34.0,18.0,16.0,4.0,1.0,2.0,2009.75,0,0,0,0
454,ㅼ궗700373,127.1614555,37.43482986,445.0,202.0,243.0,29.0,13.0,16.0,81.0,36.0,45.0,35.0,11.0,22.0,1992.63,1,9,10,1
455,ㅼ궗706404,127.1681142,37.46279123,372.0,189.0,183.0,30.0,16.0,14.0,79.0,46.0,33.0,29.0,7.0,14.0,1993.83,2,5,7,1
461,ㅼ궗707404,127.169245,37.4627944,99.0,50.0,49.0,0.0,0.0,0.0,24.0,18.0,6.0,9.0,3.0,1.0,1990.78,0,0,0,0
462,ㅼ궗697401,127.1579496,37.46005814,208.0,102.0,106.0,7.0,0.0,0.0,42.0,26.0,16.0,15.0,13.0,2.0,1994.2,0,7,7,1
476,ㅼ궗676366,127.1343579,37.42843953,78.0,40.0,38.0,0.0,0.0,0.0,20.0,11.0,9.0,9.0,1.0,1.0,2000.67,0,0,0,0
479,ㅼ궗639301,127.092856,37.36971443,35.0,23.0,12.0,0.0,0.0,0.0,16.0,11.0,0.0,4.0,3.0,1.0,2001.5,0,0,0,0
484,ㅼ궗702400,127.1636073,37.45917301,651.0,315.0,336.0,57.0,26.0,31.0,138.0,77.0,61.0,45.0,14.0,31.0,1992.98,2,9,11,1
492,ㅼ궗698403,127.1590721,37.46186412,93.0,48.0,45.0,8.0,6.0,0.0,19.0,8.0,11.0,12.0,2.0,7.0,1991.67,0,2,2,1
497,ㅼ궗655353,127.1106834,37.41664608,89.0,46.0,43.0,0.0,0.0,0.0,18.0,10.0,8.0,13.0,5.0,5.0,2013.15,0,2,2,1
498,ㅼ궗676382,127.1342878,37.44286126,364.0,178.0,186.0,23.0,11.0,12.0,96.0,55.0,41.0,29.0,9.0,14.0,1992.72,2,11,13,1
499,ㅼ궗677382,127.1354182,37.44286476,338.0,168.0,170.0,30.0,16.0,14.0,39.0,22.0,17.0,22.0,2.0,7.0,1995.0,0,4,4,1
500,ㅼ궗673367,127.1309628,37.42933036,308.0,150.0,158.0,14.0,9.0,0.0,70.0,37.0,33.0,22.0,7.0,3.0,1999.05,1,5,6,1
501,ㅼ궗682370,127.1411222,37.43206575,127.0,67.0,60.0,0.0,0.0,0.0,33.0,22.0,11.0,8.0,1.0,7.0,1995.5,0,6,6,1
511,ㅼ궗682382,127.1410706,37.44288206,449.0,211.0,238.0,24.0,10.0,14.0,94.0,52.0,42.0,65.0,1.0,37.0,1987.09,1,20,21,1
524,ㅼ궗679367,127.1377443,37.42935133,297.0,153.0,144.0,20.0,11.0,9.0,72.0,39.0,33.0,26.0,2.0,18.0,1989.77,1,7,8,1
527,ㅼ궗697386,127.1580112,37.44653777,248.0,138.0,110.0,8.0,0.0,0.0,70.0,45.0,25.0,30.0,2.0,21.0,1994.6,0,6,6,1
529,ㅼ궗669269,127.1268797,37.34098238,65.0,40.0,25.0,12.0,7.0,0.0,11.0,7.0,0.0,9.0,4.0,5.0,1998.11,0,1,1,1
531,ㅼ궗683371,127.1422482,37.43297054,333.0,156.0,177.0,22.0,8.0,14.0,75.0,45.0,30.0,34.0,8.0,25.0,1989.38,1,8,9,1
537,ㅼ궗685299,127.1448153,37.36807912,308.0,153.0,155.0,17.0,8.0,9.0,52.0,29.0,23.0,23.0,2.0,20.0,1998.96,1,3,4,1
538,ㅼ궗674329,127.1322605,37.39508214,148.0,70.0,78.0,15.0,7.0,8.0,22.0,11.0,11.0,9.0,3.0,6.0,2007.78,0,2,2,1
539,ㅼ궗672378,127.1297837,37.43924176,222.0,108.0,114.0,0.0,0.0,0.0,76.0,38.0,38.0,45.0,2.0,26.0,1986.56,1,11,12,1
542,ㅼ궗678375,127.1365792,37.43655873,526.0,242.0,284.0,29.0,17.0,12.0,125.0,69.0,56.0,106.0,1.0,101.0,1989.87,0,11,11,1
543,ㅼ궗701372,127.1625899,37.43393173,443.0,206.0,237.0,32.0,16.0,16.0,78.0,36.0,42.0,40.0,10.0,21.0,1992.85,2,10,12,1
545,ㅼ궗676367,127.1343536,37.42934089,370.0,175.0,195.0,12.0,0.0,7.0,88.0,53.0,35.0,33.0,7.0,14.0,1996.15,0,7,7,1
546,ㅼ궗619365,127.0699393,37.42732135,84.0,43.0,41.0,0.0,0.0,0.0,17.0,11.0,6.0,13.0,6.0,3.0,2014.46,0,0,0,0
553,ㅼ궗652359,127.107265,37.42204302,47.0,26.0,21.0,0.0,0.0,0.0,11.0,7.0,0.0,7.0,1.0,3.0,2003.0,1,0,1,1
558,ㅼ궗683299,127.1425566,37.36807231,142.0,76.0,66.0,13.0,8.0,0.0,23.0,15.0,8.0,12.0,2.0,6.0,1998.42,0,0,0,0
563,ㅼ궗678380,127.1365574,37.44106552,305.0,127.0,178.0,19.0,14.0,0.0,51.0,26.0,25.0,22.0,1.0,15.0,1990.32,0,5,5,1
586,ㅼ궗705399,127.1670034,37.45828126,353.0,183.0,170.0,39.0,22.0,17.0,56.0,35.0,21.0,5.0,1.0,1.0,1991.0,0,0,0,0
592,ㅼ궗697373,127.1580645,37.4348201,267.0,129.0,138.0,15.0,6.0,9.0,64.0,32.0,32.0,39.0,4.0,20.0,1987.44,1,11,12,1
596,ㅼ궗704385,127.1659288,37.44565904,100.0,46.0,54.0,6.0,0.0,0.0,15.0,10.0,0.0,9.0,1.0,4.0,1994.89,3,11,14,1
600,ㅼ궗707391,127.1692966,37.45107674,133.0,66.0,67.0,8.0,0.0,6.0,19.0,11.0,8.0,9.0,7.0,2.0,1994.11,2,6,8,1
607,ㅼ궗698391,127.1591212,37.45104783,105.0,55.0,50.0,11.0,6.0,0.0,18.0,10.0,8.0,19.0,1.0,11.0,1995.05,1,3,4,1
608,ㅼ궗695399,127.1556964,37.45824886,300.0,146.0,154.0,14.0,9.0,0.0,61.0,34.0,27.0,19.0,15.0,4.0,1993.68,1,4,5,1
610,ㅼ궗657352,127.1129482,37.41575215,51.0,26.0,25.0,6.0,0.0,0.0,13.0,7.0,6.0,6.0,1.0,3.0,2003.8,1,0,1,1
616,ㅼ궗694396,127.1545781,37.45554149,851.0,429.0,422.0,90.0,36.0,54.0,172.0,100.0,72.0,46.0,36.0,10.0,1998.8,0,12,12,1
621,ㅼ궗705395,127.1670194,37.45467583,329.0,159.0,170.0,22.0,11.0,11.0,59.0,27.0,32.0,16.0,15.0,1.0,1993.31,0,2,2,1
629,ㅼ궗673388,127.1308698,37.44825886,500.0,242.0,258.0,40.0,22.0,18.0,72.0,36.0,36.0,32.0,3.0,27.0,1992.03,1,6,7,1
634,ㅼ궗699378,127.1603048,37.43933342,476.0,239.0,237.0,41.0,22.0,19.0,100.0,54.0,46.0,42.0,5.0,31.0,1991.59,0,9,9,1
638,ㅼ궗674385,127.1320136,37.44555832,385.0,181.0,204.0,26.0,14.0,12.0,81.0,44.0,37.0,47.0,1.0,40.0,1992.19,0,6,6,1
644,ㅼ궗670385,127.1274916,37.44554415,318.0,148.0,170.0,9.0,0.0,0.0,81.0,39.0,42.0,59.0,3.0,50.0,1990.34,0,7,7,1
645,ㅼ궗685386,127.1444449,37.44649774,141.0,74.0,67.0,13.0,8.0,0.0,32.0,16.0,16.0,20.0,1.0,17.0,1984.85,0,5,5,1
648,ㅼ궗700392,127.1613784,37.45195569,320.0,165.0,155.0,18.0,13.0,0.0,104.0,60.0,44.0,48.0,1.0,41.0,1991.89,2,9,11,1
650,ㅼ궗702375,127.1637082,37.43663903,496.0,236.0,260.0,65.0,26.0,39.0,79.0,41.0,38.0,35.0,9.0,23.0,1993.34,1,14,15,1
654,ㅼ궗676374,127.1343229,37.4356504,292.0,121.0,171.0,9.0,0.0,8.0,48.0,26.0,22.0,42.0,2.0,34.0,1989.26,1,4,5,1
655,ㅼ궗695370,127.1558162,37.43210945,350.0,175.0,175.0,26.0,14.0,12.0,66.0,32.0,34.0,30.0,2.0,22.0,1985.9,0,13,13,1
669,ㅼ궗609293,127.0590175,37.36238206,102.0,46.0,56.0,8.0,0.0,7.0,18.0,10.0,8.0,11.0,7.0,3.0,2010.64,1,0,1,1
674,ㅼ궗677366,127.1354882,37.42844302,224.0,120.0,104.0,33.0,17.0,16.0,34.0,20.0,14.0,8.0,1.0,2.0,1996.63,0,2,2,1
675,ㅼ궗682387,127.141049,37.44738884,311.0,154.0,157.0,30.0,13.0,17.0,59.0,32.0,27.0,27.0,1.0,21.0,1988.37,1,14,15,1
677,ㅼ궗673366,127.1309672,37.428429,299.0,146.0,153.0,8.0,0.0,6.0,47.0,26.0,21.0,16.0,7.0,5.0,2002.94,1,4,5,1
680,ㅼ궗701397,127.1624887,37.45646571,290.0,153.0,137.0,15.0,7.0,8.0,77.0,45.0,32.0,28.0,8.0,11.0,1994.11,0,2,2,1
687,ㅼ궗700393,127.1613743,37.45285705,380.0,210.0,170.0,22.0,13.0,9.0,110.0,62.0,48.0,54.0,2.0,47.0,1990.98,0,17,17,1
692,ㅼ궗657292,127.1132262,37.36167036,223.0,121.0,102.0,20.0,9.0,11.0,25.0,17.0,8.0,12.0,1.0,11.0,1995.0,1,0,1,1
693,ㅼ궗690383,127.1501101,37.44381053,642.0,339.0,303.0,62.0,33.0,29.0,160.0,88.0,72.0,6.0,3.0,2.0,1993.5,0,4,4,1
701,ㅼ궗669379,127.126388,37.44013244,450.0,218.0,232.0,29.0,14.0,15.0,93.0,49.0,44.0,52.0,5.0,38.0,1992.57,2,10,12,1
703,ㅼ궗676389,127.1342571,37.44917076,529.0,235.0,294.0,19.0,8.0,11.0,107.0,56.0,51.0,103.0,1.0,97.0,1988.76,0,3,3,1
708,ㅼ궗675318,127.1334385,37.38517064,87.0,34.0,53.0,0.0,0.0,0.0,9.0,0.0,0.0,8.0,1.0,4.0,2003.75,0,6,6,1
715,ㅼ궗700375,127.1614474,37.43663258,469.0,233.0,236.0,35.0,20.0,15.0,96.0,59.0,37.0,50.0,10.0,36.0,1990.6,2,10,12,1
719,ㅼ궗676377,127.1343097,37.43835448,503.0,259.0,244.0,19.0,8.0,11.0,138.0,85.0,53.0,108.0,1.0,98.0,1989.59,1,20,21,1
726,ㅼ궗694381,127.1546403,37.44202111,381.0,171.0,210.0,18.0,11.0,7.0,107.0,56.0,51.0,75.0,2.0,62.0,1987.67,1,16,17,1
729,ㅼ궗671404,127.1285374,37.46267345,168.0,62.0,106.0,12.0,6.0,6.0,16.0,8.0,8.0,12.0,2.0,10.0,2006.17,0,0,0,0
731,ㅼ궗676371,127.134336,37.43294633,527.0,236.0,291.0,28.0,10.0,18.0,95.0,54.0,41.0,34.0,9.0,19.0,1993.44,0,8,8,1
732,ㅼ궗689368,127.1490428,37.43028679,252.0,124.0,128.0,10.0,0.0,0.0,77.0,44.0,33.0,35.0,2.0,25.0,1989.83,1,5,6,1
733,ㅼ궗707381,127.1693362,37.44206314,59.0,29.0,30.0,0.0,0.0,0.0,18.0,11.0,7.0,8.0,1.0,4.0,1991.0,1,2,3,1
734,ㅼ궗696372,127.1569383,37.43391546,163.0,79.0,84.0,7.0,6.0,0.0,33.0,21.0,12.0,61.0,1.0,59.0,1988.64,1,21,22,1
735,ㅼ궗675385,127.1331441,37.44556183,288.0,136.0,152.0,20.0,9.0,11.0,59.0,35.0,24.0,25.0,2.0,14.0,1988.29,0,4,4,1
736,ㅼ궗638338,127.0915457,37.4030609,155.0,75.0,80.0,21.0,7.0,14.0,30.0,11.0,19.0,7.0,6.0,1.0,2010.14,0,0,0,0
739,ㅼ궗701378,127.1625656,37.43933989,612.0,304.0,308.0,36.0,17.0,19.0,123.0,66.0,57.0,80.0,4.0,72.0,1988.71,1,10,11,1
746,ㅼ궗679386,127.1376618,37.44647714,564.0,299.0,265.0,39.0,19.0,20.0,103.0,64.0,39.0,39.0,10.0,26.0,1995.33,1,9,10,1
754,ㅼ궗649395,127.1037035,37.45448047,99.0,45.0,54.0,8.0,0.0,6.0,18.0,7.0,11.0,9.0,1.0,7.0,2007.89,0,4,4,1
759,ㅼ궗666379,127.1229967,37.44012168,32.0,17.0,15.0,0.0,0.0,0.0,7.0,0.0,0.0,6.0,2.0,1.0,1988.67,0,2,2,1
760,ㅼ궗687367,127.1467864,37.4293787,225.0,113.0,112.0,9.0,7.0,0.0,49.0,26.0,23.0,23.0,4.0,17.0,1990.77,1,8,9,1
761,ㅼ궗676376,127.1343141,37.43745312,533.0,263.0,270.0,21.0,8.0,13.0,139.0,83.0,56.0,95.0,3.0,91.0,1990.35,1,11,12,1
784,ㅼ궗607326,127.0565839,37.39211845,83.0,41.0,42.0,0.0,0.0,0.0,25.0,11.0,14.0,7.0,4.0,1.0,2008.0,0,4,4,1
793,ㅼ궗707396,127.1692767,37.45558353,108.0,56.0,52.0,7.0,0.0,0.0,19.0,12.0,7.0,8.0,7.0,1.0,1993.25,0,1,1,1
797,ㅼ궗686388,127.1455669,37.44830385,195.0,103.0,92.0,25.0,18.0,7.0,21.0,12.0,9.0,5.0,1.0,2.0,1996.4,0,5,5,1
803,ㅼ궗681377,127.1399617,37.43837183,319.0,157.0,162.0,26.0,14.0,12.0,76.0,39.0,37.0,42.0,2.0,29.0,1988.88,0,8,8,1
804,ㅼ궗669353,127.1265044,37.41669713,198.0,106.0,92.0,22.0,10.0,12.0,26.0,16.0,10.0,4.0,1.0,2.0,2007.0,0,0,0,0
809,ㅼ궗698386,127.1591417,37.44654104,613.0,297.0,316.0,46.0,19.0,27.0,151.0,79.0,72.0,41.0,12.0,27.0,1995.59,1,12,13,1
810,ㅼ궗701380,127.1625575,37.44114261,318.0,168.0,150.0,42.0,23.0,19.0,58.0,31.0,27.0,26.0,4.0,11.0,1992.62,2,7,9,1
836,ㅼ궗656277,127.1121665,37.34814614,338.0,178.0,160.0,43.0,21.0,22.0,36.0,24.0,12.0,7.0,2.0,5.0,1995.71,0,1,1,1
845,ㅼ궗669381,127.126379,37.44193516,223.0,105.0,118.0,11.0,0.0,7.0,64.0,30.0,34.0,26.0,3.0,19.0,1991.67,0,3,3,1
850,ㅼ궗673379,127.1309097,37.44014665,394.0,189.0,205.0,23.0,9.0,14.0,75.0,37.0,38.0,31.0,8.0,7.0,1996.94,1,5,6,1
857,ㅼ궗696387,127.1568765,37.44743585,414.0,222.0,192.0,34.0,20.0,14.0,112.0,63.0,49.0,46.0,7.0,38.0,1993.67,0,14,14,1
861,ㅼ궗683375,127.1422311,37.43657598,250.0,123.0,127.0,37.0,21.0,16.0,34.0,19.0,15.0,19.0,3.0,4.0,1993.26,1,5,6,1
876,ㅼ궗698395,127.1591049,37.45465326,167.0,76.0,91.0,6.0,0.0,0.0,46.0,26.0,20.0,31.0,2.0,25.0,1986.9,1,8,9,1
879,ㅼ궗695381,127.1557708,37.44202441,513.0,260.0,253.0,18.0,8.0,10.0,133.0,85.0,48.0,75.0,10.0,62.0,1988.69,0,18,18,1
881,ㅼ궗646369,127.1004362,37.43103386,365.0,186.0,179.0,37.0,17.0,20.0,94.0,52.0,42.0,3.0,2.0,1.0,2019.0,0,0,0,0
883,ㅼ궗706386,127.1681859,37.44656677,356.0,165.0,191.0,14.0,8.0,6.0,61.0,33.0,28.0,36.0,1.0,27.0,1990.92,0,5,5,1
888,ㅼ궗700378,127.1614352,37.43933666,460.0,233.0,227.0,44.0,24.0,20.0,83.0,46.0,37.0,29.0,8.0,15.0,1991.82,0,4,4,1
891,ㅼ궗704386,127.1659248,37.4465604,279.0,141.0,138.0,12.0,0.0,7.0,57.0,34.0,23.0,29.0,4.0,13.0,1993.55,0,8,8,1
893,ㅼ궗689366,127.1490512,37.42848407,714.0,359.0,355.0,54.0,30.0,24.0,127.0,72.0,55.0,17.0,6.0,6.0,1994.18,2,3,5,1
894,ㅼ궗678384,127.13654,37.44467095,505.0,266.0,239.0,31.0,19.0,12.0,108.0,60.0,48.0,31.0,11.0,15.0,1993.47,1,5,6,1
898,ㅼ궗670375,127.1275363,37.43653058,307.0,155.0,152.0,33.0,18.0,15.0,79.0,43.0,36.0,26.0,9.0,9.0,1995.38,2,8,10,1
907,ㅼ궗703385,127.1647983,37.44565584,122.0,68.0,54.0,8.0,0.0,0.0,20.0,12.0,8.0,10.0,2.0,3.0,1990.8,1,12,13,1
912,ㅼ궗699392,127.1602478,37.45195244,180.0,97.0,83.0,10.0,8.0,0.0,39.0,21.0,18.0,29.0,1.0,18.0,1997.63,0,7,7,1
916,ㅼ궗689383,127.1489796,37.44380718,289.0,134.0,155.0,12.0,0.0,7.0,64.0,31.0,33.0,17.0,1.0,14.0,1991.06,2,7,9,1
920,ㅼ궗690393,127.1500681,37.45282411,68.0,40.0,28.0,0.0,0.0,0.0,11.0,7.0,0.0,11.0,1.0,2.0,1994.0,5,1,6,1
922,ㅼ궗705396,127.1670154,37.45557718,452.0,223.0,229.0,25.0,10.0,15.0,93.0,55.0,38.0,28.0,24.0,2.0,1994.71,0,0,0,0
957,ㅼ궗672377,127.1297881,37.4383404,492.0,243.0,249.0,35.0,20.0,15.0,126.0,76.0,50.0,104.0,1.0,94.0,1988.45,1,19,20,1
959,ㅼ궗702385,127.1636678,37.44565263,125.0,56.0,69.0,0.0,0.0,0.0,29.0,15.0,14.0,19.0,1.0,4.0,1991.37,0,8,8,1
966,ㅼ궗696386,127.1568806,37.44653449,180.0,87.0,93.0,7.0,0.0,0.0,41.0,19.0,22.0,27.0,2.0,15.0,1992.11,0,12,12,1
970,ㅼ궗656351,127.1118228,37.41484708,79.0,33.0,46.0,0.0,0.0,0.0,21.0,11.0,10.0,21.0,2.0,4.0,2008.15,0,3,3,1
977,ㅼ궗702397,127.1636194,37.45646894,594.0,314.0,280.0,52.0,24.0,28.0,152.0,93.0,59.0,44.0,25.0,10.0,1993.95,1,7,8,1
983,ㅼ궗676318,127.1345681,37.38517413,74.0,38.0,36.0,10.0,7.0,0.0,0.0,0.0,0.0,8.0,1.0,6.0,2003.0,0,2,2,1
989,ㅼ궗686367,127.1456562,37.42937531,641.0,328.0,313.0,66.0,36.0,30.0,119.0,57.0,62.0,10.0,6.0,2.0,1996.7,0,3,3,1
991,ㅼ궗655304,127.1109118,37.37247935,141.0,74.0,67.0,11.0,0.0,7.0,37.0,18.0,19.0,5.0,3.0,1.0,1995.0,2,2,4,1
1001,ㅼ궗704379,127.1659529,37.44025088,484.0,225.0,259.0,41.0,18.0,23.0,118.0,70.0,48.0,55.0,6.0,48.0,1989.96,0,8,8,1
1007,ㅼ궗708396,127.1704074,37.45558669,368.0,181.0,187.0,19.0,8.0,11.0,73.0,45.0,28.0,22.0,20.0,2.0,1994.41,1,11,12,1
1012,ㅼ궗686364,127.1456689,37.42667123,267.0,131.0,136.0,24.0,13.0,11.0,36.0,18.0,18.0,19.0,11.0,6.0,1999.42,0,6,6,1
1030,ㅼ궗676381,127.1342922,37.44195991,325.0,156.0,169.0,15.0,8.0,7.0,103.0,52.0,51.0,20.0,4.0,3.0,1992.15,1,4,5,1
1032,ㅼ궗652358,127.1072697,37.42114166,138.0,66.0,72.0,9.0,0.0,6.0,31.0,17.0,14.0,15.0,6.0,5.0,2012.79,0,0,0,0
1034,ㅼ궗707397,127.1692728,37.45648489,586.0,295.0,291.0,46.0,26.0,20.0,142.0,75.0,67.0,49.0,27.0,19.0,1993.12,0,3,3,1
1039,ㅼ궗704389,127.1659128,37.44926448,508.0,254.0,254.0,36.0,15.0,21.0,102.0,54.0,48.0,39.0,18.0,18.0,1992.21,1,6,7,1
1041,ㅼ궗678367,127.1366141,37.42934786,250.0,120.0,130.0,19.0,10.0,9.0,27.0,15.0,12.0,15.0,2.0,2.0,1998.8,0,0,0,0
1045,ㅼ궗675387,127.1331353,37.44736454,482.0,238.0,244.0,23.0,14.0,9.0,139.0,78.0,61.0,101.0,1.0,87.0,1988.28,1,15,16,1
1054,ㅼ궗654276,127.1099131,37.34723735,156.0,85.0,71.0,8.0,0.0,0.0,32.0,20.0,12.0,12.0,1.0,11.0,1996.0,0,0,0,0
1067,ㅼ궗698374,127.1591907,37.43572472,399.0,195.0,204.0,16.0,11.0,0.0,87.0,44.0,43.0,59.0,3.0,49.0,1988.85,1,13,14,1
1072,ㅼ궗705381,127.1670753,37.44205679,527.0,244.0,283.0,49.0,29.0,20.0,130.0,63.0,67.0,71.0,2.0,62.0,1988.27,0,18,18,1
1073,ㅼ궗704372,127.1659809,37.43394136,337.0,149.0,188.0,17.0,9.0,8.0,65.0,31.0,34.0,27.0,5.0,15.0,1992.22,0,5,5,1
1084,ㅼ궗679380,127.1376879,37.44106899,529.0,256.0,273.0,21.0,7.0,14.0,118.0,74.0,44.0,96.0,1.0,83.0,1986.75,1,36,37,1
1087,ㅼ궗681390,127.1399055,37.45008947,536.0,236.0,300.0,25.0,11.0,14.0,110.0,65.0,45.0,104.0,2.0,102.0,1989.96,2,14,16,1
1090,ㅼ궗678366,127.1366184,37.4284465,172.0,85.0,87.0,8.0,0.0,0.0,44.0,25.0,19.0,11.0,5.0,2.0,1997.78,0,4,4,1
1092,ㅼ궗700385,127.1614068,37.44564618,388.0,175.0,213.0,19.0,9.0,10.0,81.0,47.0,34.0,32.0,3.0,11.0,1991.44,0,9,9,1
1100,ㅼ궗698398,127.1590926,37.45735733,176.0,86.0,90.0,16.0,9.0,7.0,41.0,23.0,18.0,21.0,2.0,15.0,1989.52,1,2,3,1
1101,ㅼ궗701387,127.1625292,37.44745213,467.0,233.0,234.0,36.0,21.0,15.0,111.0,62.0,49.0,47.0,5.0,41.0,1991.34,0,10,10,1
1103,ㅼ궗686385,127.1455797,37.44559978,418.0,208.0,210.0,42.0,21.0,21.0,77.0,43.0,34.0,31.0,12.0,8.0,1995.81,0,6,6,1
1108,ㅼ궗675381,127.1331617,37.4419564,222.0,111.0,111.0,21.0,14.0,7.0,47.0,23.0,24.0,24.0,1.0,3.0,1987.38,2,8,10,1
1117,ㅼ궗706401,127.1681261,37.46008715,437.0,212.0,225.0,17.0,9.0,8.0,142.0,88.0,54.0,42.0,7.0,35.0,1990.4,1,11,12,1
1119,ㅼ궗695388,127.1557419,37.44833392,299.0,154.0,145.0,15.0,7.0,8.0,86.0,50.0,36.0,13.0,4.0,7.0,1996.08,0,3,3,1
1123,ㅼ궗680342,127.1389828,37.40682076,149.0,73.0,76.0,11.0,6.0,0.0,33.0,19.0,14.0,12.0,3.0,5.0,2002.67,0,7,7,1
1133,ㅼ궗639337,127.0926805,37.40216344,122.0,62.0,60.0,15.0,6.0,9.0,21.0,9.0,12.0,7.0,3.0,4.0,2011.29,2,1,3,1
1135,ㅼ궗695382,127.1557666,37.44292577,547.0,232.0,315.0,24.0,12.0,12.0,132.0,63.0,69.0,56.0,11.0,26.0,1989.45,3,12,15,1
1150,ㅼ궗642366,127.0959296,37.42831442,490.0,264.0,226.0,62.0,34.0,28.0,32.0,21.0,11.0,8.0,4.0,4.0,2019.38,0,0,0,0
1155,ㅼ궗655292,127.1109677,37.36166296,407.0,211.0,196.0,26.0,11.0,15.0,101.0,51.0,50.0,18.0,2.0,14.0,1996.22,1,0,1,1
1159,ㅼ궗680388,127.1387836,37.44828331,561.0,272.0,289.0,30.0,14.0,16.0,124.0,68.0,56.0,114.0,1.0,111.0,1988.43,0,17,17,1
1160,ㅼ궗705397,127.1670114,37.45647854,598.0,299.0,299.0,30.0,14.0,16.0,121.0,71.0,50.0,49.0,36.0,9.0,1993.22,0,12,12,1
1164,ㅼ궗644301,127.0985028,37.36973373,176.0,89.0,87.0,20.0,9.0,11.0,33.0,19.0,14.0,10.0,5.0,2.0,2004.0,0,0,0,0
1166,ㅼ궗701381,127.1625535,37.44204397,173.0,84.0,89.0,9.0,0.0,0.0,26.0,15.0,11.0,17.0,4.0,10.0,1992.53,0,12,12,1
1169,ㅼ궗668382,127.1252441,37.44283293,332.0,165.0,167.0,10.0,0.0,6.0,91.0,47.0,44.0,18.0,12.0,5.0,1994.33,0,8,8,1
1171,ㅼ궗675319,127.1334341,37.386072,357.0,189.0,168.0,37.0,19.0,18.0,59.0,31.0,28.0,16.0,15.0,1.0,2005.19,0,3,3,1
1172,ㅼ궗701395,127.1624968,37.454663,331.0,181.0,150.0,17.0,7.0,10.0,70.0,45.0,25.0,27.0,13.0,7.0,1996.26,1,9,10,1
1173,ㅼ궗709403,127.1715104,37.46189935,522.0,259.0,263.0,44.0,25.0,19.0,110.0,60.0,50.0,29.0,11.0,15.0,1994.9,0,5,5,1
1175,ㅼ궗687368,127.1467822,37.43028006,401.0,188.0,213.0,37.0,14.0,23.0,60.0,34.0,26.0,5.0,2.0,3.0,1996.6,0,1,1,1
1182,ㅼ궗669376,127.1264014,37.43742837,130.0,64.0,66.0,0.0,0.0,0.0,45.0,26.0,19.0,15.0,3.0,11.0,1993.07,1,4,5,1
1186,ㅼ궗699376,127.160313,37.4375307,468.0,224.0,244.0,31.0,16.0,15.0,82.0,43.0,39.0,52.0,5.0,40.0,1991.75,1,13,14,1
1193,ㅼ궗703372,127.1648506,37.43393816,337.0,143.0,194.0,36.0,17.0,19.0,61.0,27.0,34.0,33.0,6.0,22.0,1992.91,1,10,11,1
1208,ㅼ궗697391,127.1579906,37.45104456,726.0,359.0,367.0,116.0,47.0,69.0,103.0,61.0,42.0,20.0,18.0,1.0,2011.6,0,0,0,0
1211,ㅼ궗702386,127.1636638,37.44655399,680.0,309.0,371.0,33.0,17.0,16.0,122.0,64.0,58.0,38.0,12.0,20.0,1994.68,1,12,13,1
1235,ㅼ궗705390,127.1670394,37.45016903,210.0,101.0,109.0,8.0,0.0,0.0,64.0,33.0,31.0,57.0,1.0,37.0,1994.11,1,7,8,1
1245,ㅼ궗638333,127.0915702,37.3985541,186.0,85.0,101.0,22.0,10.0,12.0,38.0,18.0,20.0,4.0,1.0,3.0,2014.25,0,1,1,1
1246,ㅼ궗675353,127.1332848,37.41671835,629.0,331.0,298.0,50.0,24.0,26.0,120.0,69.0,51.0,8.0,2.0,2.0,2004.25,0,0,0,0
1252,ㅼ궗706399,127.1681341,37.45828444,225.0,99.0,126.0,13.0,0.0,9.0,46.0,25.0,21.0,8.0,6.0,2.0,1989.88,0,3,3,1
1253,ㅼ궗675377,127.1331793,37.43835097,214.0,104.0,110.0,16.0,8.0,8.0,59.0,36.0,23.0,41.0,1.0,32.0,1989.8,1,6,7,1
1260,ㅼ궗654277,127.1099084,37.34813872,213.0,118.0,95.0,10.0,8.0,0.0,29.0,14.0,15.0,19.0,5.0,10.0,1995.84,1,0,1,1
1262,ㅼ궗682373,127.1411093,37.43476983,500.0,244.0,256.0,25.0,10.0,15.0,121.0,69.0,52.0,47.0,11.0,31.0,1990.93,0,7,7,1
1263,ㅼ궗674319,127.1323045,37.3860685,148.0,82.0,66.0,20.0,11.0,9.0,13.0,8.0,0.0,3.0,2.0,1.0,2012.0,0,0,0,0
1265,ㅼ궗715361,127.178457,37.42406084,33.0,13.0,20.0,0.0,0.0,0.0,8.0,0.0,0.0,7.0,1.0,3.0,2010.14,0,3,3,1
1272,ㅼ궗676372,127.1343316,37.43384769,746.0,277.0,469.0,24.0,12.0,12.0,104.0,34.0,70.0,19.0,3.0,2.0,1999.61,0,1,1,1
1279,ㅼ궗690366,127.1501814,37.42848742,622.0,316.0,306.0,77.0,36.0,41.0,126.0,58.0,68.0,6.0,3.0,1.0,1996.0,0,0,0,0
1283,ㅼ궗684385,127.1433187,37.44559297,403.0,204.0,199.0,42.0,23.0,19.0,65.0,38.0,27.0,30.0,13.0,13.0,1990.86,1,8,9,1
1292,ㅼ궗678342,127.1367229,37.40681384,181.0,92.0,89.0,11.0,7.0,0.0,35.0,20.0,15.0,7.0,1.0,5.0,2002.29,1,4,5,1
1298,ㅼ궗640302,127.0939805,37.37061968,74.0,34.0,40.0,0.0,0.0,0.0,18.0,7.0,11.0,9.0,4.0,5.0,1996.89,1,4,5,1
1303,ㅼ궗675370,127.1332101,37.43204147,469.0,222.0,247.0,16.0,9.0,7.0,125.0,70.0,55.0,44.0,10.0,27.0,1994.89,0,12,12,1
1308,ㅼ궗675301,127.1335131,37.3698474,138.0,72.0,66.0,20.0,10.0,10.0,17.0,9.0,8.0,7.0,4.0,3.0,2002.71,0,0,0,0
1312,ㅼ궗708393,127.1704192,37.45288262,504.0,235.0,269.0,47.0,29.0,18.0,91.0,47.0,44.0,44.0,19.0,25.0,1992.07,0,8,8,1
1321,ㅼ궗704396,127.1658847,37.45557399,320.0,159.0,161.0,15.0,8.0,7.0,68.0,42.0,26.0,24.0,18.0,4.0,1993.96,1,3,4,1
1324,ㅼ궗691316,127.1515205,37.38342254,158.0,74.0,84.0,27.0,10.0,17.0,19.0,11.0,8.0,14.0,2.0,7.0,2004.79,0,1,1,1
1325,ㅼ궗692376,127.1524002,37.43750769,48.0,26.0,22.0,0.0,0.0,0.0,12.0,7.0,0.0,9.0,1.0,8.0,1987.67,0,8,8,1
1328,ㅼ궗688382,127.1478534,37.44290246,477.0,239.0,238.0,25.0,13.0,12.0,91.0,51.0,40.0,49.0,7.0,36.0,1993.16,1,7,8,1
1330,ㅼ궗674384,127.132018,37.44465696,193.0,101.0,92.0,18.0,12.0,6.0,53.0,31.0,22.0,17.0,2.0,15.0,1993.35,0,4,4,1
1331,ㅼ궗646302,127.1007567,37.37064274,183.0,101.0,82.0,11.0,6.0,0.0,36.0,23.0,13.0,13.0,7.0,1.0,2007.23,0,1,1,1
1333,ㅼ궗625328,127.0769082,37.39399567,82.0,42.0,40.0,7.0,0.0,0.0,16.0,7.0,9.0,4.0,3.0,1.0,2010.75,0,0,0,0
1337,ㅼ궗718384,127.1817598,37.44480136,61.0,27.0,34.0,6.0,0.0,0.0,14.0,0.0,9.0,4.0,2.0,1.0,1996.75,0,1,1,1
1349,ㅼ궗672381,127.1297704,37.44194583,581.0,281.0,300.0,29.0,16.0,13.0,169.0,89.0,80.0,91.0,2.0,86.0,1991.36,0,17,17,1
1355,ㅼ궗703375,127.1648385,37.43664224,441.0,217.0,224.0,39.0,18.0,21.0,69.0,36.0,33.0,36.0,8.0,21.0,1994.33,1,10,11,1
1357,ㅼ궗683373,127.1422396,37.43477326,357.0,183.0,174.0,33.0,14.0,19.0,81.0,48.0,33.0,31.0,14.0,10.0,1993.58,1,9,10,1
1359,ㅼ궗673369,127.1309539,37.43113307,359.0,184.0,175.0,14.0,0.0,10.0,80.0,47.0,33.0,38.0,4.0,22.0,1994.66,0,8,8,1
1360,ㅼ궗698390,127.1591253,37.45014647,139.0,60.0,79.0,0.0,0.0,0.0,28.0,14.0,14.0,21.0,1.0,11.0,1997.19,1,4,5,1
1361,ㅼ궗675372,127.1332013,37.43384418,492.0,206.0,286.0,16.0,11.0,0.0,75.0,36.0,39.0,19.0,1.0,1.0,1997.95,0,2,2,1
1362,ㅼ궗644293,127.0985412,37.36252281,45.0,20.0,25.0,7.0,0.0,0.0,16.0,7.0,9.0,8.0,1.0,1.0,2009.5,0,3,3,1
1365,ㅼ궗658352,127.1140783,37.41575584,27.0,13.0,14.0,0.0,0.0,0.0,0.0,0.0,0.0,2.0,1.0,1.0,2005.0,0,1,1,1
1373,ㅼ궗689367,127.149047,37.42938543,78.0,32.0,46.0,0.0,0.0,0.0,16.0,6.0,10.0,10.0,2.0,2.0,1987.1,1,2,3,1
1389,ㅼ궗699397,127.1602274,37.45645923,417.0,214.0,203.0,38.0,20.0,18.0,72.0,41.0,31.0,24.0,12.0,8.0,1998.04,0,7,7,1
1397,ㅼ궗698377,127.1591785,37.4384288,387.0,212.0,175.0,15.0,7.0,8.0,94.0,53.0,41.0,38.0,6.0,29.0,1990.41,2,7,9,1
1398,ㅼ궗669371,127.1264238,37.43292159,171.0,91.0,80.0,9.0,0.0,0.0,31.0,20.0,11.0,19.0,4.0,10.0,1998.68,0,5,5,1
1401,ㅼ궗707403,127.1692489,37.46189304,473.0,238.0,235.0,30.0,15.0,15.0,103.0,59.0,44.0,39.0,12.0,23.0,1993.26,0,6,6,1
1418,ㅼ궗649358,127.1038793,37.42113035,60.0,27.0,33.0,0.0,0.0,0.0,12.0,7.0,0.0,13.0,2.0,3.0,2003.0,1,2,3,1
1420,ㅼ궗705378,127.1670873,37.43935271,530.0,265.0,265.0,58.0,29.0,29.0,97.0,58.0,39.0,63.0,4.0,54.0,1989.37,1,16,17,1
1431,ㅼ궗703381,127.1648144,37.4420504,296.0,139.0,157.0,21.0,12.0,9.0,60.0,29.0,31.0,35.0,8.0,16.0,1991.89,0,5,5,1
1435,ㅼ궗706405,127.1681102,37.46369258,214.0,108.0,106.0,19.0,12.0,7.0,42.0,26.0,16.0,14.0,6.0,7.0,1991.57,0,2,2,1
1438,ㅼ궗700387,127.1613987,37.44744889,499.0,243.0,256.0,40.0,18.0,22.0,94.0,51.0,43.0,37.0,13.0,21.0,1993.44,3,10,13,1
1446,ㅼ궗675371,127.1332057,37.43294283,587.0,246.0,341.0,23.0,10.0,13.0,147.0,64.0,83.0,23.0,6.0,10.0,1995.65,0,9,9,1
1448,ㅼ궗679354,127.1378008,37.41763365,156.0,88.0,68.0,30.0,15.0,15.0,18.0,11.0,7.0,7.0,1.0,5.0,2017.29,0,0,0,0
1453,ㅼ궗676388,127.1342614,37.4482694,482.0,238.0,244.0,31.0,17.0,14.0,106.0,63.0,43.0,94.0,1.0,90.0,1989.28,0,3,3,1
1461,ㅼ궗690364,127.1501898,37.4266847,175.0,76.0,99.0,10.0,0.0,7.0,47.0,26.0,21.0,8.0,4.0,4.0,1996.88,1,4,5,1
1463,ㅼ궗679378,127.1376965,37.43926628,275.0,139.0,136.0,12.0,0.0,8.0,48.0,30.0,18.0,48.0,1.0,40.0,1990.19,2,9,11,1
1475,ㅼ궗704391,127.1659048,37.4510672,382.0,195.0,187.0,29.0,9.0,20.0,73.0,48.0,25.0,43.0,20.0,17.0,1992.23,0,8,8,1
1486,ㅼ궗679390,127.1376444,37.45008256,485.0,242.0,243.0,27.0,15.0,12.0,88.0,50.0,38.0,105.0,1.0,102.0,1990.55,0,15,15,1
1493,ㅼ궗642365,127.0959345,37.42741307,121.0,63.0,58.0,23.0,13.0,10.0,8.0,0.0,0.0,9.0,2.0,7.0,2019.78,0,0,0,0
1504,ㅼ궗717373,127.1806715,37.43488333,430.0,202.0,228.0,18.0,7.0,11.0,107.0,60.0,47.0,24.0,17.0,3.0,1999.88,1,7,8,1
1506,ㅼ궗700395,127.1613662,37.45465976,136.0,70.0,66.0,7.0,0.0,0.0,28.0,21.0,7.0,14.0,1.0,6.0,1995.59,0,1,1,1
1510,ㅼ궗702394,127.1636315,37.45376486,408.0,209.0,199.0,31.0,14.0,17.0,82.0,46.0,36.0,23.0,18.0,4.0,1993.52,1,5,6,1
1520,ㅼ궗619327,127.0701351,37.39306986,78.0,36.0,42.0,16.0,9.0,7.0,0.0,0.0,0.0,8.0,1.0,7.0,2014.25,1,0,1,1
1530,ㅼ궗700389,127.1613905,37.44925161,508.0,277.0,231.0,7.0,0.0,6.0,113.0,82.0,31.0,10.0,2.0,5.0,1988.4,0,1,1,1
1532,ㅼ궗622370,127.0733044,37.4318404,77.0,40.0,37.0,0.0,0.0,0.0,20.0,12.0,8.0,16.0,4.0,11.0,2001.0,0,5,5,1
1534,ㅼ궗684380,127.1433401,37.44108618,543.0,249.0,294.0,19.0,6.0,13.0,135.0,70.0,65.0,60.0,6.0,43.0,1990.37,1,24,25,1
1546,ㅼ궗687373,127.146761,37.43478686,250.0,125.0,125.0,18.0,8.0,10.0,53.0,29.0,24.0,11.0,7.0,4.0,1995.55,0,3,3,1
1548,ㅼ궗692391,127.1523377,37.45102807,254.0,121.0,133.0,11.0,6.0,0.0,88.0,46.0,42.0,30.0,7.0,19.0,1988.33,1,9,10,1
1565,ㅼ궗671380,127.1286444,37.44104093,642.0,320.0,322.0,28.0,11.0,17.0,103.0,54.0,49.0,37.0,6.0,24.0,1993.22,1,5,6,1
1571,ㅼ궗675366,127.1332277,37.42843603,245.0,112.0,133.0,6.0,0.0,0.0,50.0,23.0,27.0,18.0,3.0,8.0,1996.0,1,4,5,1
1572,ㅼ궗685367,127.1445259,37.42937192,278.0,130.0,148.0,41.0,19.0,22.0,30.0,17.0,13.0,16.0,6.0,7.0,1998.94,0,6,6,1
1589,ㅼ궗704399,127.1658727,37.45827807,380.0,188.0,192.0,28.0,17.0,11.0,96.0,53.0,43.0,29.0,11.0,15.0,1993.03,1,6,7,1
1590,ㅼ궗671317,127.1289246,37.38425518,301.0,148.0,153.0,55.0,26.0,29.0,21.0,13.0,8.0,2.0,1.0,1.0,1997.5,0,0,0,0
1591,ㅼ궗699380,127.1602967,37.44113614,362.0,176.0,186.0,30.0,12.0,18.0,85.0,45.0,40.0,26.0,12.0,9.0,1995.62,1,9,10,1
1595,ㅼ궗692396,127.1523168,37.45553485,290.0,152.0,138.0,25.0,9.0,16.0,57.0,34.0,23.0,81.0,15.0,56.0,1988.48,0,13,13,1
1601,ㅼ궗683385,127.1421882,37.44558956,490.0,239.0,251.0,25.0,15.0,10.0,101.0,47.0,54.0,31.0,11.0,18.0,1987.45,0,6,6,1
1603,ㅼ궗678368,127.1366097,37.43024922,159.0,67.0,92.0,0.0,0.0,0.0,36.0,19.0,17.0,23.0,2.0,8.0,1994.83,0,6,6,1
1609,ㅼ궗667379,127.1241271,37.44012528,343.0,175.0,168.0,11.0,0.0,7.0,93.0,57.0,36.0,25.0,14.0,8.0,1991.84,1,3,4,1
1610,ㅼ궗703380,127.1648184,37.44114904,383.0,187.0,196.0,20.0,13.0,7.0,99.0,51.0,48.0,44.0,3.0,33.0,1990.31,0,8,8,1
1616,ㅼ궗702371,127.1637243,37.43303359,103.0,46.0,57.0,13.0,6.0,7.0,19.0,6.0,13.0,12.0,2.0,6.0,1985.92,0,4,4,1
1622,ㅼ궗676386,127.1342702,37.44646669,209.0,108.0,101.0,14.0,12.0,0.0,49.0,27.0,22.0,47.0,1.0,33.0,1986.68,0,8,8,1
1626,ㅼ궗667393,127.124064,37.45274425,54.0,22.0,32.0,0.0,0.0,0.0,10.0,7.0,0.0,9.0,1.0,4.0,2002.44,1,3,4,1
1627,ㅼ궗701398,127.1624847,37.45736707,550.0,278.0,272.0,37.0,16.0,21.0,137.0,74.0,63.0,42.0,13.0,25.0,1992.45,0,5,5,1
1631,ㅼ궗674378,127.1320445,37.43924882,300.0,162.0,138.0,17.0,10.0,7.0,63.0,41.0,22.0,39.0,1.0,30.0,1988.85,1,7,8,1
1640,ㅼ궗698378,127.1591744,37.43933016,239.0,115.0,124.0,8.0,0.0,0.0,61.0,35.0,26.0,26.0,5.0,13.0,1988.92,0,6,6,1
1642,ㅼ궗674377,127.1320489,37.43834746,422.0,198.0,224.0,17.0,6.0,11.0,131.0,73.0,58.0,87.0,3.0,79.0,1990.58,1,17,18,1
1647,ㅼ궗675329,127.1333903,37.39508565,122.0,57.0,65.0,11.0,8.0,0.0,25.0,12.0,13.0,6.0,4.0,2.0,2008.5,0,4,4,1
1648,ㅼ궗708392,127.1704232,37.45198126,652.0,319.0,333.0,58.0,22.0,36.0,109.0,62.0,47.0,47.0,34.0,13.0,1993.04,0,11,11,1
1651,ㅼ궗676384,127.134279,37.44466398,462.0,232.0,230.0,55.0,25.0,30.0,73.0,43.0,30.0,31.0,12.0,17.0,1996.65,0,7,7,1
1655,ㅼ궗700386,127.1614027,37.44654754,441.0,222.0,219.0,21.0,9.0,12.0,93.0,54.0,39.0,42.0,10.0,30.0,1992.12,0,7,7,1
1657,ㅼ궗705392,127.1670314,37.45197175,990.0,516.0,474.0,80.0,35.0,45.0,188.0,112.0,76.0,66.0,45.0,21.0,1992.95,2,15,17,1
1658,ㅼ궗693389,127.1534766,37.44922867,83.0,35.0,48.0,15.0,10.0,0.0,10.0,0.0,0.0,9.0,3.0,3.0,1995.22,0,4,4,1
1659,ㅼ궗694399,127.1545657,37.45824556,244.0,112.0,132.0,27.0,12.0,15.0,35.0,21.0,14.0,18.0,15.0,2.0,2005.72,1,5,6,1
1678,ㅼ궗679381,127.1376835,37.44197035,336.0,144.0,192.0,9.0,0.0,6.0,80.0,43.0,37.0,58.0,2.0,32.0,1987.05,2,15,17,1
1681,ㅼ궗698389,127.1591294,37.44924511,318.0,182.0,136.0,25.0,18.0,7.0,67.0,45.0,22.0,29.0,4.0,18.0,1997.79,0,6,6,1
1684,ㅼ궗656352,127.1118182,37.41574844,74.0,36.0,38.0,9.0,0.0,7.0,17.0,9.0,8.0,9.0,1.0,6.0,2001.63,0,0,0,0
1691,ㅼ궗707386,127.1693164,37.44656994,229.0,114.0,115.0,23.0,11.0,12.0,39.0,21.0,18.0,15.0,6.0,7.0,1995.47,2,4,6,1
1693,ㅼ궗696380,127.1569053,37.44112634,551.0,254.0,297.0,24.0,0.0,19.0,155.0,82.0,73.0,73.0,17.0,54.0,1992.67,1,15,16,1
1696,ㅼ궗702390,127.1636476,37.45015943,279.0,157.0,122.0,14.0,8.0,6.0,60.0,38.0,22.0,36.0,4.0,27.0,1988.28,0,6,6,1
1698,ㅼ궗667381,127.1241181,37.44192799,95.0,43.0,52.0,6.0,0.0,0.0,17.0,8.0,9.0,4.0,3.0,1.0,2004.75,0,0,0,0
1700,ㅼ궗677383,127.1354139,37.44376611,347.0,171.0,176.0,13.0,9.0,0.0,77.0,44.0,33.0,36.0,6.0,21.0,1989.03,1,4,5,1
1701,ㅼ궗703389,127.1647822,37.44926128,506.0,254.0,252.0,48.0,26.0,22.0,91.0,56.0,35.0,39.0,15.0,23.0,1990.74,1,10,11,1
1704,ㅼ궗687375,127.1467526,37.43658958,245.0,128.0,117.0,26.0,16.0,10.0,31.0,16.0,15.0,6.0,4.0,2.0,2002.83,0,11,11,1
1708,ㅼ궗690382,127.1501143,37.44290917,197.0,93.0,104.0,8.0,0.0,0.0,34.0,21.0,13.0,22.0,3.0,12.0,1990.27,1,7,8,1
1712,ㅼ궗675379,127.1331705,37.44015369,325.0,144.0,181.0,14.0,6.0,8.0,108.0,59.0,49.0,77.0,2.0,57.0,1984.23,0,9,9,1
1725,ㅼ궗671377,127.1286577,37.43833686,438.0,214.0,224.0,33.0,18.0,15.0,96.0,48.0,48.0,18.0,6.0,2.0,1995.56,2,5,7,1
1732,ㅼ궗701388,127.1625252,37.44835349,301.0,153.0,148.0,16.0,8.0,8.0,64.0,33.0,31.0,34.0,2.0,29.0,1990.15,3,7,10,1
1733,ㅼ궗676369,127.1343448,37.43114361,394.0,191.0,203.0,9.0,6.0,0.0,121.0,65.0,56.0,43.0,3.0,24.0,1994.0,0,11,11,1
1736,ㅼ궗699373,127.1603252,37.43482661,561.0,273.0,288.0,33.0,19.0,14.0,110.0,60.0,50.0,56.0,12.0,43.0,1989.38,1,16,17,1
1747,ㅼ궗706396,127.1681461,37.45558036,454.0,241.0,213.0,27.0,19.0,8.0,83.0,48.0,35.0,28.0,22.0,5.0,1994.75,0,4,4,1
1752,ㅼ궗681382,127.1399401,37.44287862,319.0,121.0,198.0,12.0,0.0,10.0,68.0,38.0,30.0,48.0,4.0,15.0,1986.83,1,18,19,1
1771,ㅼ궗677369,127.1354751,37.4311471,645.0,313.0,332.0,49.0,22.0,27.0,127.0,72.0,55.0,36.0,11.0,18.0,1994.97,0,10,10,1
1787,ㅼ궗700388,127.1613946,37.44835025,362.0,178.0,184.0,27.0,18.0,9.0,56.0,26.0,30.0,38.0,6.0,29.0,1989.26,0,9,9,1
1791,ㅼ궗680317,127.1390908,37.38428664,102.0,56.0,46.0,11.0,0.0,6.0,20.0,8.0,12.0,3.0,2.0,1.0,2003.0,0,0,0,0
1794,ㅼ궗668268,127.1257552,37.34007744,39.0,18.0,21.0,0.0,0.0,0.0,0.0,0.0,0.0,5.0,1.0,4.0,2005.6,1,4,5,1
1795,ㅼ궗699396,127.1602314,37.45555787,423.0,204.0,219.0,36.0,15.0,21.0,109.0,66.0,43.0,40.0,6.0,21.0,1992.5,0,2,2,1
1799,ㅼ궗699390,127.1602559,37.45014973,298.0,160.0,138.0,14.0,9.0,0.0,81.0,48.0,33.0,32.0,3.0,16.0,1989.47,0,6,6,1
1803,ㅼ궗656275,127.1121757,37.3463434,186.0,103.0,83.0,23.0,14.0,9.0,17.0,13.0,0.0,6.0,1.0,5.0,1995.67,0,0,0,0
1805,ㅼ궗679379,127.1376922,37.44016764,487.0,249.0,238.0,20.0,13.0,7.0,124.0,74.0,50.0,94.0,2.0,88.0,1988.95,0,27,27,1
1806,ㅼ궗687382,127.1467229,37.44289909,593.0,286.0,307.0,25.0,15.0,10.0,124.0,69.0,55.0,110.0,3.0,105.0,1988.42,1,13,14,1
1809,ㅼ궗678345,127.1367099,37.40951793,232.0,121.0,111.0,25.0,13.0,12.0,32.0,18.0,14.0,7.0,1.0,6.0,1996.29,0,1,1,1
1822,ㅼ궗703374,127.1648425,37.43574088,468.0,232.0,236.0,42.0,26.0,16.0,81.0,45.0,36.0,41.0,10.0,20.0,1991.82,1,14,15,1
1824,ㅼ궗670369,127.1275631,37.43112244,379.0,183.0,196.0,10.0,6.0,0.0,107.0,64.0,43.0,32.0,3.0,20.0,1990.31,2,16,18,1
1827,ㅼ궗678385,127.1365356,37.44557231,572.0,302.0,270.0,39.0,17.0,22.0,142.0,79.0,63.0,39.0,16.0,22.0,1993.62,0,7,7,1
1833,ㅼ궗689318,127.1492529,37.3852186,144.0,70.0,74.0,15.0,9.0,6.0,20.0,10.0,10.0,10.0,6.0,3.0,2014.4,0,1,1,1
1837,ㅼ궗706397,127.1681421,37.45648172,638.0,322.0,316.0,49.0,22.0,27.0,130.0,80.0,50.0,50.0,31.0,17.0,1993.74,0,7,7,1
1838,ㅼ궗668378,127.125262,37.43922751,226.0,125.0,101.0,27.0,15.0,12.0,65.0,33.0,32.0,5.0,2.0,2.0,1997.6,0,0,0,0
1839,ㅼ궗670373,127.1275452,37.43472787,339.0,163.0,176.0,24.0,13.0,11.0,36.0,15.0,21.0,13.0,6.0,5.0,1998.25,0,4,4,1
1849,ㅼ궗688368,127.1479125,37.43028343,314.0,162.0,152.0,17.0,6.0,11.0,82.0,49.0,33.0,35.0,3.0,30.0,1989.74,0,6,6,1
1857,ㅼ궗680366,127.1388789,37.42845343,207.0,100.0,107.0,14.0,6.0,8.0,46.0,26.0,20.0,17.0,2.0,8.0,1989.18,0,4,4,1
1863,ㅼ궗685302,127.1448025,37.37078322,146.0,77.0,69.0,12.0,6.0,6.0,32.0,17.0,15.0,10.0,1.0,9.0,1996.4,1,1,2,1
1864,ㅼ궗668379,127.1252575,37.44012887,411.0,213.0,198.0,12.0,7.0,0.0,67.0,40.0,27.0,33.0,14.0,13.0,1990.12,0,1,1,1
1865,ㅼ궗681384,127.1399315,37.44468133,121.0,60.0,61.0,10.0,0.0,6.0,22.0,13.0,9.0,9.0,4.0,3.0,1989.67,2,2,4,1
1867,ㅼ궗697380,127.1580358,37.44112962,742.0,361.0,381.0,27.0,10.0,17.0,186.0,107.0,79.0,94.0,22.0,72.0,1992.17,1,16,17,1
1869,ㅼ궗645274,127.0997614,37.34540067,149.0,62.0,87.0,0.0,0.0,0.0,44.0,22.0,22.0,14.0,5.0,6.0,1998.43,0,0,0,0
1870,ㅼ궗697387,127.1580071,37.44743913,226.0,115.0,111.0,16.0,7.0,9.0,47.0,27.0,20.0,19.0,4.0,8.0,2001.16,0,2,2,1
1883,ㅼ궗704382,127.1659409,37.44295497,100.0,45.0,55.0,0.0,0.0,0.0,23.0,12.0,11.0,8.0,2.0,2.0,1999.5,2,5,7,1
1885,ㅼ궗681372,127.1399833,37.43386504,535.0,258.0,277.0,35.0,18.0,17.0,131.0,72.0,59.0,46.0,9.0,35.0,1990.65,0,9,9,1
1894,ㅼ궗701399,127.1624806,37.45826843,610.0,325.0,285.0,43.0,21.0,22.0,114.0,65.0,49.0,44.0,14.0,27.0,1994.23,1,8,9,1
1896,ㅼ궗671376,127.1286622,37.4374355,228.0,111.0,117.0,0.0,0.0,0.0,63.0,36.0,27.0,36.0,1.0,29.0,1991.83,1,10,11,1
1904,ㅼ궗609327,127.058838,37.39302826,128.0,68.0,60.0,16.0,7.0,9.0,12.0,6.0,6.0,9.0,6.0,2.0,2013.89,0,4,4,1
1905,ㅼ궗677389,127.1353876,37.44917425,423.0,203.0,220.0,21.0,11.0,10.0,106.0,59.0,47.0,90.0,2.0,84.0,1989.01,2,12,14,1
1920,ㅼ궗642301,127.0962441,37.36972605,40.0,19.0,21.0,0.0,0.0,0.0,6.0,0.0,0.0,5.0,1.0,3.0,2010.0,0,0,0,0
1923,ㅼ궗675380,127.1331661,37.44105505,119.0,60.0,59.0,0.0,0.0,0.0,30.0,14.0,16.0,18.0,4.0,2.0,1993.44,0,2,2,1
1925,ㅼ궗614327,127.0644865,37.3930492,106.0,57.0,49.0,12.0,7.0,0.0,8.0,0.0,0.0,6.0,2.0,4.0,2013.83,1,0,1,1
1928,ㅼ궗678388,127.1365225,37.44827638,548.0,264.0,284.0,29.0,14.0,15.0,119.0,71.0,48.0,106.0,2.0,100.0,1988.7,0,14,14,1
1932,ㅼ궗706385,127.1681899,37.44566541,110.0,55.0,55.0,0.0,0.0,0.0,21.0,13.0,8.0,10.0,2.0,3.0,1993.7,0,4,4,1
1940,ㅼ궗680376,127.1388356,37.43746702,319.0,147.0,172.0,15.0,9.0,6.0,67.0,44.0,23.0,50.0,2.0,46.0,1991.48,1,10,11,1
1941,ㅼ궗683382,127.142201,37.44288548,775.0,380.0,395.0,83.0,45.0,38.0,134.0,75.0,59.0,45.0,3.0,31.0,1988.47,1,13,14,1
1944,ㅼ궗707393,127.1692886,37.45287946,590.0,281.0,309.0,44.0,21.0,23.0,117.0,64.0,53.0,56.0,36.0,17.0,1993.3,2,10,12,1
1963,ㅼ궗681385,127.1399271,37.44558269,391.0,200.0,191.0,30.0,12.0,18.0,80.0,45.0,35.0,34.0,7.0,23.0,1989.82,1,10,11,1
1971,ㅼ궗702388,127.1636557,37.44835671,258.0,127.0,131.0,28.0,14.0,14.0,48.0,24.0,24.0,23.0,4.0,12.0,1990.96,1,7,8,1
1979,ㅼ궗674370,127.1320798,37.43203796,301.0,151.0,150.0,11.0,6.0,0.0,65.0,37.0,28.0,36.0,4.0,19.0,1994.67,1,4,5,1
1983,ㅼ궗696376,127.1569218,37.4375209,220.0,120.0,100.0,10.0,7.0,0.0,71.0,38.0,33.0,81.0,2.0,66.0,1986.6,1,23,24,1
1988,ㅼ궗694387,127.1546155,37.44742927,260.0,126.0,134.0,23.0,13.0,10.0,61.0,32.0,29.0,14.0,2.0,5.0,1990.07,0,3,3,1
1993,ㅼ궗675367,127.1332233,37.42933739,279.0,150.0,129.0,10.0,0.0,8.0,62.0,42.0,20.0,30.0,16.0,6.0,1991.03,1,8,9,1
1996,ㅼ궗676368,127.1343492,37.43024225,520.0,253.0,267.0,27.0,12.0,15.0,150.0,91.0,59.0,49.0,6.0,40.0,1995.53,1,13,14,1
2006,ㅼ궗699375,127.160317,37.43662933,465.0,212.0,253.0,25.0,13.0,12.0,109.0,53.0,56.0,88.0,4.0,82.0,1988.39,0,20,20,1
2012,ㅼ궗641368,127.0947897,37.43011326,266.0,131.0,135.0,59.0,28.0,31.0,18.0,10.0,8.0,13.0,3.0,10.0,2020.23,0,0,0,0
2013,ㅼ궗702396,127.1636234,37.45556758,793.0,404.0,389.0,57.0,33.0,24.0,178.0,99.0,79.0,24.0,23.0,1.0,1994.42,1,9,10,1
2021,ㅼ궗677385,127.1354051,37.44556883,499.0,247.0,252.0,39.0,21.0,18.0,110.0,64.0,46.0,31.0,17.0,14.0,1997.77,0,6,6,1
2025,ㅼ궗703388,127.1647863,37.44835992,58.0,31.0,27.0,0.0,0.0,0.0,12.0,6.0,6.0,6.0,1.0,3.0,1997.0,0,4,4,1
2030,ㅼ궗680379,127.1388226,37.4401711,558.0,263.0,295.0,21.0,8.0,13.0,145.0,86.0,59.0,113.0,2.0,107.0,1990.03,0,20,20,1
2032,ㅼ궗670377,127.1275273,37.4383333,358.0,172.0,186.0,20.0,9.0,11.0,64.0,29.0,35.0,10.0,4.0,2.0,1996.9,0,2,2,1
2033,ㅼ궗675383,127.1331529,37.44375912,266.0,143.0,123.0,29.0,12.0,17.0,58.0,36.0,22.0,16.0,5.0,10.0,1995.81,0,7,7,1
2035,ㅼ궗686365,127.1456647,37.42757259,204.0,95.0,109.0,11.0,0.0,6.0,30.0,16.0,14.0,24.0,5.0,12.0,1993.13,0,2,2,1
2052,ㅼ궗699386,127.1602722,37.44654429,549.0,266.0,283.0,33.0,15.0,18.0,134.0,85.0,49.0,43.0,12.0,29.0,1991.37,0,11,11,1
2055,ㅼ궗708404,127.1703757,37.46279756,389.0,191.0,198.0,26.0,14.0,12.0,80.0,44.0,36.0,25.0,11.0,9.0,1999.13,0,6,6,1
2062,ㅼ궗682389,127.1410404,37.44919156,489.0,241.0,248.0,23.0,9.0,14.0,122.0,72.0,50.0,92.0,1.0,85.0,1989.91,2,17,19,1
2068,ㅼ궗705376,127.1670953,37.43754999,215.0,94.0,121.0,11.0,0.0,7.0,47.0,26.0,21.0,48.0,2.0,43.0,1988.15,0,10,10,1
2071,ㅼ궗704380,127.1659489,37.44115224,427.0,194.0,233.0,19.0,9.0,10.0,91.0,46.0,45.0,44.0,2.0,38.0,1989.45,2,13,15,1
2076,ㅼ궗677345,127.1355799,37.40951445,319.0,192.0,127.0,12.0,0.0,7.0,53.0,40.0,13.0,12.0,4.0,6.0,1998.08,0,0,0,0
2079,ㅼ궗683388,127.1421753,37.44829363,469.0,226.0,243.0,35.0,19.0,16.0,116.0,61.0,55.0,58.0,7.0,40.0,1988.6,1,10,11,1
2080,ㅼ궗709393,127.1715499,37.45288576,343.0,183.0,160.0,22.0,11.0,11.0,50.0,31.0,19.0,20.0,15.0,5.0,1993.5,2,5,7,1
2091,ㅼ궗681342,127.1401127,37.4068242,149.0,80.0,69.0,9.0,0.0,0.0,18.0,10.0,8.0,13.0,4.0,1.0,2002.69,0,6,6,1
2096,ㅼ궗679384,127.1376705,37.44467442,441.0,224.0,217.0,23.0,11.0,12.0,92.0,51.0,41.0,32.0,14.0,11.0,1992.44,0,4,4,1
2098,ㅼ궗670374,127.1275407,37.43562923,426.0,199.0,227.0,32.0,14.0,18.0,70.0,41.0,29.0,26.0,5.0,14.0,1989.81,1,8,9,1
2101,ㅼ궗686376,127.1456179,37.43748755,211.0,108.0,103.0,10.0,6.0,0.0,76.0,42.0,34.0,22.0,2.0,16.0,1991.8,0,5,5,1
2111,ㅼ궗691365,127.1513159,37.4275894,196.0,97.0,99.0,22.0,8.0,14.0,36.0,18.0,18.0,16.0,4.0,12.0,1992.94,0,5,5,1
2114,ㅼ궗703398,127.164746,37.45737351,291.0,152.0,139.0,17.0,6.0,11.0,74.0,44.0,30.0,32.0,7.0,8.0,1991.25,0,5,5,1
2115,ㅼ궗702374,127.1637122,37.43573767,562.0,266.0,296.0,59.0,33.0,26.0,79.0,37.0,42.0,36.0,13.0,19.0,1994.31,0,9,9,1
2117,ㅼ궗704397,127.1658807,37.45647535,716.0,389.0,327.0,39.0,18.0,21.0,151.0,91.0,60.0,45.0,39.0,6.0,1993.93,1,5,6,1
2119,ㅼ궗704388,127.1659168,37.44836312,704.0,345.0,359.0,57.0,24.0,33.0,127.0,69.0,58.0,50.0,17.0,30.0,1991.8,0,10,10,1
2126,ㅼ궗668380,127.125253,37.44103022,585.0,299.0,286.0,22.0,7.0,15.0,146.0,80.0,66.0,48.0,17.0,24.0,1993.85,1,8,9,1
2129,ㅼ궗674382,127.1320268,37.44285425,492.0,240.0,252.0,39.0,19.0,20.0,123.0,70.0,53.0,44.0,5.0,37.0,1992.57,0,11,11,1
2131,ㅼ궗689382,127.1489838,37.44290582,563.0,292.0,271.0,28.0,16.0,12.0,116.0,69.0,47.0,46.0,5.0,26.0,1990.98,1,6,7,1
2132,ㅼ궗702398,127.1636153,37.45737029,79.0,38.0,41.0,0.0,0.0,0.0,15.0,10.0,0.0,12.0,2.0,2.0,1998.34,0,2,2,1
2135,ㅼ궗679388,127.1376531,37.44827985,488.0,252.0,236.0,16.0,10.0,6.0,144.0,85.0,59.0,109.0,1.0,102.0,1988.75,1,13,14,1
2139,ㅼ궗608327,127.0577083,37.39302404,137.0,72.0,65.0,28.0,14.0,14.0,14.0,10.0,0.0,11.0,8.0,2.0,2009.45,0,3,3,1
2140,ㅼ궗707385,127.1693204,37.44566858,200.0,99.0,101.0,23.0,11.0,12.0,30.0,15.0,15.0,4.0,1.0,2.0,2001.25,1,1,2,1
2142,ㅼ궗677386,127.1354007,37.44647018,381.0,199.0,182.0,26.0,11.0,15.0,87.0,50.0,37.0,35.0,4.0,23.0,1986.43,1,11,12,1
2147,ㅼ궗697390,127.1579947,37.4501432,423.0,221.0,202.0,55.0,28.0,27.0,79.0,46.0,33.0,7.0,4.0,3.0,2005.71,0,1,1,1
2148,ㅼ궗649399,127.1036845,37.45808588,40.0,19.0,21.0,9.0,0.0,7.0,6.0,0.0,0.0,10.0,4.0,2.0,2010.2,1,5,6,1
2153,ㅼ궗701386,127.1625333,37.44655077,438.0,226.0,212.0,35.0,18.0,17.0,102.0,56.0,46.0,46.0,3.0,35.0,1990.13,2,7,9,1
2154,ㅼ궗706379,127.1682137,37.44025725,651.0,329.0,322.0,57.0,27.0,30.0,140.0,78.0,62.0,3.0,2.0,1.0,1990.33,0,0,0,0
2157,ㅼ궗632322,127.0848461,37.38861554,355.0,176.0,179.0,59.0,31.0,28.0,32.0,16.0,16.0,4.0,1.0,3.0,2011.25,1,0,1,1
2160,ㅼ궗703373,127.1648466,37.43483952,397.0,178.0,219.0,22.0,12.0,10.0,69.0,31.0,38.0,38.0,6.0,29.0,1989.16,0,7,7,1
2173,ㅼ궗682371,127.1411179,37.43296711,613.0,298.0,315.0,42.0,18.0,24.0,128.0,73.0,55.0,44.0,16.0,25.0,1993.91,1,12,13,1
2177,ㅼ궗702399,127.1636113,37.45827165,352.0,176.0,176.0,24.0,11.0,13.0,91.0,52.0,39.0,34.0,5.0,16.0,1991.12,1,5,6,1
2178,ㅼ궗675386,127.1331397,37.44646319,528.0,265.0,263.0,19.0,10.0,9.0,150.0,85.0,65.0,102.0,1.0,98.0,1988.64,2,15,17,1
2180,ㅼ궗656273,127.112185,37.34454066,119.0,58.0,61.0,9.0,0.0,0.0,31.0,17.0,14.0,9.0,3.0,5.0,1998.33,0,2,2,1
2182,ㅼ궗687383,127.1467187,37.44380044,511.0,229.0,282.0,14.0,6.0,8.0,138.0,76.0,62.0,114.0,1.0,102.0,1988.01,1,15,16,1
2190,ㅼ궗709397,127.1715341,37.4564912,131.0,63.0,68.0,10.0,6.0,0.0,20.0,14.0,6.0,9.0,7.0,1.0,1993.67,0,0,0,0
2194,ㅼ궗706380,127.1682098,37.44115861,859.0,467.0,392.0,73.0,36.0,37.0,237.0,135.0,102.0,6.0,4.0,1.0,1992.2,0,1,1,1
2200,ㅼ궗672333,127.1299833,37.39868055,238.0,114.0,124.0,29.0,10.0,19.0,47.0,28.0,19.0,19.0,3.0,11.0,1994.32,1,5,6,1
2204,ㅼ궗705404,127.1669834,37.46278804,531.0,265.0,266.0,28.0,12.0,16.0,131.0,68.0,63.0,42.0,14.0,25.0,1988.93,1,6,7,1
2205,ㅼ궗705379,127.1670833,37.44025407,346.0,158.0,188.0,23.0,7.0,16.0,85.0,44.0,41.0,42.0,2.0,40.0,1989.26,1,9,10,1
2212,ㅼ궗707405,127.169241,37.46369575,247.0,120.0,127.0,9.0,0.0,0.0,67.0,39.0,28.0,15.0,5.0,6.0,1993.73,0,1,1,1
2222,ㅼ궗699387,127.1602681,37.44744565,479.0,244.0,235.0,25.0,10.0,15.0,115.0,65.0,50.0,37.0,10.0,26.0,1992.57,1,9,10,1
2226,ㅼ궗696375,127.1569259,37.43661954,198.0,80.0,118.0,11.0,0.0,8.0,61.0,31.0,30.0,93.0,2.0,81.0,1988.32,0,11,11,1
2227,ㅼ궗699391,127.1602518,37.45105108,345.0,165.0,180.0,21.0,7.0,14.0,79.0,48.0,31.0,52.0,2.0,34.0,1992.69,0,14,14,1
2235,ㅼ궗642302,127.0962392,37.37062741,65.0,35.0,30.0,6.0,0.0,0.0,20.0,10.0,10.0,6.0,3.0,2.0,2002.0,0,1,1,1
2244,ㅼ궗700398,127.161354,37.45736383,536.0,266.0,270.0,47.0,20.0,27.0,111.0,61.0,50.0,46.0,11.0,34.0,1993.87,1,7,8,1
2247,ㅼ궗686303,127.1459277,37.37168798,202.0,94.0,108.0,23.0,8.0,15.0,18.0,8.0,10.0,5.0,3.0,2.0,1996.4,0,1,1,1
2253,ㅼ궗669377,127.1263969,37.43832973,435.0,223.0,212.0,29.0,13.0,16.0,97.0,51.0,46.0,41.0,3.0,32.0,1993.8,0,7,7,1
2259,ㅼ궗673350,127.131038,37.41400724,240.0,125.0,115.0,15.0,0.0,10.0,88.0,47.0,41.0,5.0,1.0,4.0,1996.8,0,1,1,1
2263,ㅼ궗702389,127.1636517,37.44925807,285.0,132.0,153.0,15.0,0.0,10.0,55.0,28.0,27.0,29.0,3.0,20.0,1988.9,1,11,12,1
2270,ㅼ궗678376,127.1365749,37.43746009,527.0,254.0,273.0,14.0,7.0,7.0,125.0,64.0,61.0,101.0,1.0,96.0,1989.37,1,17,18,1
2274,ㅼ궗674334,127.1322385,37.39958896,39.0,24.0,15.0,0.0,0.0,0.0,11.0,7.0,0.0,5.0,1.0,3.0,2007.0,0,4,4,1
2277,ㅼ궗696378,127.1569136,37.43932362,298.0,146.0,152.0,9.0,0.0,0.0,90.0,54.0,36.0,99.0,1.0,95.0,1988.15,0,24,24,1
2281,ㅼ궗697388,127.158003,37.44834049,188.0,105.0,83.0,19.0,7.0,12.0,37.0,27.0,10.0,24.0,7.0,6.0,2001.63,1,2,3,1
2286,ㅼ궗677367,127.1354838,37.42934438,440.0,222.0,218.0,30.0,11.0,19.0,91.0,46.0,45.0,21.0,6.0,6.0,1995.71,0,3,3,1
2296,ㅼ궗612327,127.0622271,37.39304085,47.0,22.0,25.0,6.0,0.0,0.0,12.0,0.0,7.0,6.0,1.0,5.0,2013.0,1,0,1,1
2308,ㅼ궗698392,127.1591171,37.45194919,316.0,175.0,141.0,23.0,10.0,13.0,57.0,36.0,21.0,16.0,2.0,2.0,1993.67,0,1,1,1
2311,ㅼ궗704371,127.1659849,37.43304,63.0,30.0,33.0,0.0,0.0,0.0,11.0,0.0,7.0,13.0,2.0,2.0,1987.54,0,5,5,1
2312,ㅼ궗687385,127.1467102,37.44560316,134.0,71.0,63.0,15.0,9.0,6.0,24.0,10.0,14.0,8.0,3.0,5.0,1998.5,0,9,9,1
2319,ㅼ궗677381,127.1354226,37.4419634,132.0,43.0,89.0,0.0,0.0,0.0,28.0,11.0,17.0,16.0,1.0,1.0,1987.56,1,1,2,1
2324,ㅼ궗696388,127.1568724,37.44833721,283.0,147.0,136.0,19.0,13.0,6.0,65.0,41.0,24.0,23.0,5.0,17.0,1993.22,1,8,9,1
2325,ㅼ궗701374,127.1625818,37.43573445,561.0,251.0,310.0,61.0,25.0,36.0,86.0,41.0,45.0,33.0,17.0,13.0,1993.48,0,9,9,1
2328,ㅼ궗613327,127.0633568,37.39304503,118.0,55.0,63.0,11.0,0.0,7.0,13.0,0.0,9.0,9.0,1.0,8.0,2014.22,1,0,1,1
2331,ㅼ궗698375,127.1591867,37.43662608,326.0,157.0,169.0,16.0,8.0,8.0,81.0,40.0,41.0,45.0,2.0,25.0,1989.86,0,14,14,1
2336,ㅼ궗682386,127.1410533,37.44648749,658.0,334.0,324.0,69.0,28.0,41.0,115.0,57.0,58.0,9.0,7.0,1.0,1999.67,1,0,1,1
2337,ㅼ궗656276,127.1121711,37.34724477,412.0,202.0,210.0,61.0,22.0,39.0,56.0,34.0,22.0,8.0,2.0,5.0,1995.0,0,0,0,0
2350,ㅼ궗644302,127.098498,37.3706351,81.0,36.0,45.0,0.0,0.0,0.0,14.0,7.0,7.0,5.0,4.0,1.0,2009.6,0,0,0,0
2367,ㅼ궗683387,127.1421796,37.44739227,409.0,199.0,210.0,27.0,19.0,8.0,85.0,42.0,43.0,28.0,7.0,18.0,1991.37,0,5,5,1
2373,ㅼ궗689365,127.1490554,37.42758271,419.0,200.0,219.0,27.0,17.0,10.0,123.0,66.0,57.0,43.0,6.0,28.0,1989.7,2,6,8,1
2375,ㅼ궗706391,127.168166,37.45107357,457.0,230.0,227.0,34.0,15.0,19.0,88.0,48.0,40.0,38.0,27.0,7.0,1995.24,1,9,10,1
2379,ㅼ궗684381,127.1433358,37.44198754,246.0,103.0,143.0,6.0,0.0,0.0,52.0,24.0,28.0,38.0,1.0,18.0,1985.08,0,9,9,1
2382,ㅼ궗696383,127.156893,37.44383042,269.0,128.0,141.0,31.0,14.0,17.0,67.0,37.0,30.0,15.0,3.0,7.0,1993.57,1,8,9,1
2385,ㅼ궗683384,127.1421924,37.4446882,314.0,147.0,167.0,43.0,23.0,20.0,32.0,18.0,14.0,9.0,4.0,2.0,1991.33,0,2,2,1
2395,ㅼ궗699398,127.1602233,37.45736059,644.0,313.0,331.0,51.0,22.0,29.0,125.0,64.0,61.0,27.0,8.0,16.0,1992.3,1,6,7,1
2402,ㅼ궗701375,127.1625778,37.43663581,494.0,219.0,275.0,48.0,21.0,27.0,75.0,36.0,39.0,39.0,15.0,22.0,1992.18,0,13,13,1
2407,ㅼ궗678390,127.1365138,37.45007909,338.0,160.0,178.0,13.0,8.0,0.0,77.0,41.0,36.0,82.0,1.0,79.0,1987.4,1,7,8,1
2422,ㅼ궗643320,127.0972819,37.38685579,149.0,77.0,72.0,40.0,19.0,21.0,7.0,0.0,0.0,13.0,10.0,3.0,2010.23,2,1,3,1
2431,ㅼ궗693391,127.1534683,37.45103139,83.0,46.0,37.0,18.0,10.0,8.0,10.0,8.0,0.0,7.0,3.0,1.0,1990.0,0,3,3,1
2435,ㅼ궗644275,127.0986276,37.34629821,78.0,38.0,40.0,6.0,0.0,0.0,15.0,7.0,8.0,6.0,4.0,1.0,2012.33,1,0,1,1
2455,ㅼ궗708398,127.1703995,37.45738941,491.0,243.0,248.0,39.0,17.0,22.0,90.0,50.0,40.0,14.0,8.0,6.0,1992.14,0,0,0,0
2462,ㅼ궗683381,127.1422053,37.44198413,587.0,282.0,305.0,27.0,7.0,20.0,150.0,82.0,68.0,108.0,4.0,101.0,1988.51,1,37,38,1
2464,ㅼ궗707398,127.1692688,37.45738625,540.0,261.0,279.0,35.0,18.0,17.0,113.0,66.0,47.0,39.0,28.0,11.0,1993.21,0,3,3,1
2465,ㅼ궗705388,127.1670474,37.44836631,97.0,50.0,47.0,6.0,0.0,0.0,18.0,8.0,10.0,8.0,1.0,5.0,1991.5,0,0,0,0
2466,ㅼ궗618327,127.0690053,37.39306575,45.0,27.0,18.0,10.0,7.0,0.0,9.0,0.0,0.0,5.0,2.0,3.0,2013.6,0,0,0,0
2473,ㅼ궗696370,127.1569465,37.43211274,131.0,64.0,67.0,0.0,0.0,0.0,38.0,17.0,21.0,24.0,1.0,16.0,1985.88,1,7,8,1
2477,ㅼ궗684386,127.1433144,37.44649433,399.0,198.0,201.0,56.0,28.0,28.0,76.0,40.0,36.0,46.0,4.0,37.0,1986.8,0,13,13,1
2480,ㅼ궗704373,127.1659769,37.43484272,316.0,150.0,166.0,35.0,21.0,14.0,48.0,22.0,26.0,25.0,5.0,15.0,1993.72,0,1,1,1
2482,ㅼ궗676370,127.1343404,37.43204497,669.0,318.0,351.0,30.0,12.0,18.0,167.0,82.0,85.0,27.0,9.0,15.0,1994.81,0,13,13,1
2495,ㅼ궗678386,127.1365313,37.44647367,444.0,226.0,218.0,33.0,17.0,16.0,64.0,43.0,21.0,30.0,12.0,15.0,1994.45,1,3,4,1
2496,ㅼ궗694395,127.1545823,37.45464013,62.0,32.0,30.0,7.0,0.0,0.0,10.0,6.0,0.0,27.0,4.0,22.0,1990.74,1,7,8,1
2497,ㅼ궗701401,127.1624725,37.46007114,217.0,109.0,108.0,13.0,0.0,8.0,52.0,27.0,25.0,12.0,10.0,2.0,1987.58,2,7,9,1
2504,ㅼ궗670376,127.1275318,37.43743194,243.0,131.0,112.0,12.0,7.0,0.0,60.0,37.0,23.0,29.0,2.0,17.0,1994.59,0,6,6,1
2506,ㅼ궗679373,127.1377183,37.43475949,241.0,120.0,121.0,20.0,12.0,8.0,41.0,21.0,20.0,16.0,1.0,2.0,1996.0,0,4,4,1
2508,ㅼ궗658305,127.1142954,37.37339181,152.0,75.0,77.0,27.0,12.0,15.0,15.0,9.0,6.0,9.0,1.0,3.0,1994.56,0,2,2,1
2511,ㅼ궗645302,127.0996274,37.37063893,133.0,76.0,57.0,8.0,0.0,0.0,36.0,18.0,18.0,12.0,8.0,2.0,2005.92,0,13,13,1
2523,ㅼ궗707401,127.1692569,37.46009032,374.0,201.0,173.0,31.0,14.0,17.0,99.0,54.0,45.0,5.0,3.0,2.0,1989.6,0,2,2,1
2526,ㅼ궗693377,127.1535265,37.43841237,164.0,78.0,86.0,8.0,0.0,0.0,32.0,15.0,17.0,70.0,1.0,69.0,1987.81,0,14,14,1
2542,ㅼ궗695372,127.1558079,37.43391217,345.0,167.0,178.0,44.0,22.0,22.0,45.0,22.0,23.0,13.0,4.0,9.0,1992.85,0,3,3,1
2543,ㅼ궗641367,127.0947945,37.42921191,197.0,96.0,101.0,28.0,12.0,16.0,22.0,11.0,11.0,7.0,2.0,5.0,2019.71,0,0,0,0
2555,ㅼ궗703399,127.164742,37.45827486,179.0,87.0,92.0,19.0,7.0,12.0,40.0,18.0,22.0,19.0,5.0,4.0,1997.26,0,3,3,1
2560,ㅼ궗675389,127.1331265,37.44916726,279.0,133.0,146.0,24.0,8.0,16.0,57.0,31.0,26.0,56.0,1.0,48.0,1989.82,0,3,3,1
2567,ㅼ궗693376,127.1535306,37.43751101,276.0,122.0,154.0,9.0,0.0,7.0,66.0,30.0,36.0,103.0,7.0,95.0,1987.49,0,19,19,1
2573,ㅼ궗697374,127.1580604,37.43572146,148.0,74.0,74.0,8.0,0.0,0.0,32.0,15.0,17.0,34.0,3.0,12.0,1984.71,1,7,8,1
2576,ㅼ궗708402,127.1703836,37.46099484,57.0,32.0,25.0,0.0,0.0,0.0,12.0,8.0,0.0,7.0,1.0,4.0,1994.71,2,9,11,1
2585,ㅼ궗708397,127.1704034,37.45648805,606.0,300.0,306.0,37.0,19.0,18.0,125.0,75.0,50.0,41.0,31.0,10.0,1993.76,1,11,12,1
2588,ㅼ궗716374,127.1795373,37.43578163,75.0,34.0,41.0,9.0,0.0,8.0,7.0,0.0,0.0,8.0,2.0,2.0,2002.13,1,2,3,1
2602,ㅼ궗670381,127.1275095,37.44193873,237.0,124.0,113.0,10.0,0.0,7.0,45.0,27.0,18.0,16.0,1.0,11.0,1997.0,0,2,2,1
2605,ㅼ궗701371,127.162594,37.43303037,70.0,32.0,38.0,8.0,0.0,6.0,7.0,0.0,0.0,7.0,2.0,1.0,1996.71,0,0,0,0
2614,ㅼ궗672387,127.1297437,37.44735397,416.0,190.0,226.0,11.0,0.0,6.0,93.0,53.0,40.0,75.0,1.0,72.0,1988.97,2,9,11,1
2615,ㅼ궗700397,127.161358,37.45646248,528.0,261.0,267.0,38.0,16.0,22.0,137.0,84.0,53.0,50.0,8.0,40.0,1989.64,2,11,13,1
2627,ㅼ궗681367,127.1400049,37.42935824,612.0,318.0,294.0,46.0,24.0,22.0,119.0,80.0,39.0,5.0,1.0,1.0,1992.4,1,1,2,1
2630,ㅼ궗706402,127.1681222,37.46098851,411.0,211.0,200.0,26.0,13.0,13.0,119.0,73.0,46.0,34.0,9.0,19.0,1992.79,1,10,11,1
2632,ㅼ궗676301,127.1346425,37.36985089,76.0,44.0,32.0,11.0,6.0,0.0,17.0,11.0,6.0,6.0,1.0,5.0,2002.5,1,0,1,1
2639,ㅼ궗684375,127.1433614,37.43657939,388.0,195.0,193.0,24.0,12.0,12.0,91.0,56.0,35.0,35.0,2.0,28.0,1993.34,0,14,14,1
2643,ㅼ궗694397,127.154574,37.45644284,1000.0,501.0,499.0,79.0,38.0,41.0,254.0,150.0,104.0,63.0,50.0,12.0,1995.63,1,14,15,1
2663,ㅼ궗699384,127.1602804,37.44474157,180.0,85.0,95.0,0.0,0.0,0.0,52.0,27.0,25.0,23.0,3.0,9.0,1991.22,2,7,9,1
2667,ㅼ궗685387,127.1444406,37.44739909,182.0,98.0,84.0,12.0,0.0,7.0,48.0,28.0,20.0,19.0,2.0,13.0,1997.68,1,11,12,1
2672,ㅼ궗675376,127.1331837,37.43744962,234.0,113.0,121.0,12.0,8.0,0.0,60.0,33.0,27.0,43.0,1.0,32.0,1988.35,0,5,5,1
2674,ㅼ궗693396,127.1534475,37.45553818,690.0,344.0,346.0,64.0,29.0,35.0,167.0,92.0,75.0,49.0,33.0,13.0,2001.16,1,8,9,1
2677,ㅼ궗675382,127.1331573,37.44285776,502.0,250.0,252.0,33.0,15.0,18.0,115.0,69.0,46.0,47.0,7.0,35.0,1993.09,0,6,6,1
2685,ㅼ궗698380,127.1591662,37.44113288,125.0,58.0,67.0,8.0,0.0,0.0,31.0,20.0,11.0,12.0,4.0,6.0,1994.58,0,2,2,1
2691,ㅼ궗698394,127.159109,37.4537519,76.0,31.0,45.0,0.0,0.0,0.0,15.0,6.0,9.0,17.0,3.0,13.0,1989.0,0,2,2,1
2694,ㅼ궗669268,127.1268842,37.34008101,75.0,41.0,34.0,0.0,0.0,0.0,23.0,11.0,12.0,15.0,1.0,14.0,2000.33,0,3,3,1
2695,ㅼ궗680378,127.138827,37.43926974,482.0,232.0,250.0,21.0,10.0,11.0,102.0,56.0,46.0,96.0,1.0,89.0,1989.94,0,14,14,1
2696,ㅼ궗679385,127.1376661,37.44557578,552.0,279.0,273.0,34.0,11.0,23.0,125.0,74.0,51.0,41.0,12.0,23.0,1993.34,2,6,8,1
2701,ㅼ궗700390,127.1613865,37.45015297,527.0,266.0,261.0,37.0,16.0,21.0,119.0,71.0,48.0,33.0,4.0,20.0,1990.24,0,4,4,1
2713,ㅼ궗645275,127.0997566,37.34630204,129.0,67.0,62.0,0.0,0.0,0.0,22.0,12.0,10.0,14.0,5.0,3.0,2004.86,0,0,0,0
2716,ㅼ궗684374,127.1433657,37.43567803,50.0,28.0,22.0,7.0,0.0,0.0,8.0,0.0,0.0,4.0,1.0,2.0,1996.25,1,0,1,1
2725,ㅼ궗706378,127.1682177,37.43935589,445.0,226.0,219.0,63.0,29.0,34.0,108.0,62.0,46.0,6.0,1.0,2.0,1993.17,1,1,2,1
2729,ㅼ궗688391,127.1478153,37.45101468,67.0,34.0,33.0,0.0,0.0,0.0,14.0,8.0,6.0,6.0,1.0,2.0,1990.5,0,7,7,1
2731,ㅼ궗683372,127.1422439,37.4338719,552.0,271.0,281.0,41.0,17.0,24.0,130.0,71.0,59.0,46.0,10.0,33.0,1990.2,0,9,9,1
2733,ㅼ궗682300,127.141423,37.36897026,93.0,43.0,50.0,0.0,0.0,0.0,29.0,13.0,16.0,2.0,1.0,1.0,1995.5,0,0,0,0
2734,ㅼ궗701373,127.1625859,37.43483309,570.0,260.0,310.0,29.0,13.0,16.0,119.0,61.0,58.0,45.0,8.0,33.0,1992.43,0,12,12,1
2741,ㅼ궗648394,127.1025776,37.45357532,48.0,22.0,26.0,0.0,0.0,0.0,11.0,6.0,0.0,7.0,1.0,6.0,2001.67,1,2,3,1
2762,ㅼ궗653318,127.1085874,37.38509099,24.0,13.0,11.0,0.0,0.0,0.0,0.0,0.0,0.0,9.0,1.0,7.0,2012.56,1,2,3,1
2767,ㅼ궗686384,127.1455839,37.44469842,513.0,254.0,259.0,23.0,11.0,12.0,120.0,70.0,50.0,83.0,3.0,69.0,1988.55,1,11,12,1
2768,ㅼ궗679387,127.1376574,37.44737849,397.0,193.0,204.0,25.0,8.0,17.0,87.0,49.0,38.0,67.0,2.0,54.0,1989.36,0,7,7,1
2770,ㅼ궗685388,127.1444364,37.44830045,695.0,346.0,349.0,74.0,32.0,42.0,124.0,71.0,53.0,41.0,19.0,17.0,1993.34,0,10,10,1
2771,ㅼ궗689381,127.148988,37.44200446,189.0,70.0,119.0,0.0,0.0,0.0,16.0,7.0,9.0,23.0,1.0,1.0,1993.3,1,2,3,1
2775,ㅼ궗699388,127.1602641,37.44834701,549.0,264.0,285.0,20.0,0.0,15.0,133.0,75.0,58.0,65.0,7.0,56.0,1990.58,0,10,10,1
2780,ㅼ궗686368,127.1456519,37.43027667,34.0,18.0,16.0,0.0,0.0,0.0,0.0,0.0,0.0,2.0,1.0,1.0,1997.0,0,0,0,0
2781,ㅼ궗700394,127.1613702,37.4537584,241.0,124.0,117.0,15.0,10.0,0.0,77.0,45.0,32.0,35.0,1.0,22.0,1990.97,0,9,9,1
2787,ㅼ궗690365,127.1501856,37.42758606,299.0,150.0,149.0,12.0,7.0,0.0,71.0,40.0,31.0,33.0,5.0,23.0,1990.12,1,9,10,1
2789,ㅼ궗667353,127.1242443,37.41668996,221.0,110.0,111.0,34.0,15.0,19.0,36.0,19.0,17.0,2.0,1.0,1.0,2002.0,0,0,0,0
2809,ㅼ궗685383,127.1444577,37.44379366,468.0,229.0,239.0,20.0,9.0,11.0,115.0,65.0,50.0,86.0,1.0,80.0,1988.06,1,18,19,1
2816,ㅼ궗676378,127.1343053,37.43925583,421.0,200.0,221.0,12.0,0.0,7.0,153.0,95.0,58.0,101.0,1.0,89.0,1987.0,1,12,13,1
2821,ㅼ궗702395,127.1636275,37.45466622,278.0,152.0,126.0,33.0,16.0,17.0,60.0,37.0,23.0,13.0,10.0,1.0,1999.38,1,3,4,1
2830,ㅼ궗693397,127.1534433,37.45643953,413.0,206.0,207.0,22.0,12.0,10.0,114.0,63.0,51.0,70.0,24.0,40.0,1992.49,1,10,11,1
2831,ㅼ궗697378,127.158044,37.4393269,314.0,153.0,161.0,11.0,0.0,7.0,75.0,45.0,30.0,84.0,3.0,80.0,1987.71,1,13,14,1
2839,ㅼ궗698387,127.1591376,37.4474424,601.0,283.0,318.0,43.0,21.0,22.0,141.0,67.0,74.0,41.0,12.0,24.0,1993.66,0,14,14,1
2842,ㅼ궗685375,127.1444918,37.4365828,560.0,256.0,304.0,35.0,17.0,18.0,122.0,69.0,53.0,72.0,1.0,69.0,1990.03,2,20,22,1
2849,ㅼ궗689317,127.1492571,37.38431723,63.0,31.0,32.0,7.0,0.0,0.0,0.0,0.0,0.0,13.0,3.0,1.0,2002.46,0,3,3,1
2857,ㅼ궗684387,127.1433101,37.44739569,416.0,214.0,202.0,29.0,16.0,13.0,77.0,41.0,36.0,35.0,6.0,23.0,1987.03,1,6,7,1
2860,ㅼ궗671383,127.128631,37.443745,502.0,234.0,268.0,19.0,9.0,10.0,114.0,62.0,52.0,103.0,1.0,98.0,1986.24,1,12,13,1
2866,ㅼ궗702387,127.1636597,37.44745535,323.0,150.0,173.0,21.0,13.0,8.0,69.0,35.0,34.0,27.0,2.0,22.0,1993.38,1,8,9,1
2870,ㅼ궗671375,127.1286666,37.43653414,615.0,316.0,299.0,57.0,41.0,16.0,91.0,49.0,42.0,21.0,2.0,14.0,1992.05,0,5,5,1
2889,ㅼ궗671405,127.1285329,37.4635748,367.0,152.0,215.0,31.0,12.0,19.0,39.0,18.0,21.0,19.0,1.0,18.0,2006.95,1,0,1,1
2890,ㅼ궗674387,127.1320048,37.44736103,561.0,275.0,286.0,24.0,11.0,13.0,147.0,87.0,60.0,111.0,1.0,107.0,1989.32,0,20,20,1
2893,ㅼ궗691369,127.1512991,37.43119484,133.0,70.0,63.0,0.0,0.0,0.0,38.0,23.0,15.0,7.0,2.0,3.0,1992.14,1,2,3,1
2898,ㅼ궗677368,127.1354794,37.43024574,470.0,244.0,226.0,27.0,14.0,13.0,138.0,83.0,55.0,46.0,7.0,34.0,1996.16,1,13,14,1
2904,ㅼ궗697375,127.1580563,37.43662282,72.0,36.0,36.0,7.0,0.0,0.0,16.0,8.0,8.0,28.0,1.0,7.0,1983.15,1,4,5,1
2912,ㅼ궗697381,127.1580317,37.44203098,552.0,301.0,251.0,60.0,42.0,18.0,71.0,38.0,33.0,12.0,4.0,8.0,1996.08,1,0,1,1
2913,ㅼ궗697399,127.1579578,37.45825542,625.0,330.0,295.0,36.0,18.0,18.0,140.0,86.0,54.0,46.0,33.0,10.0,1992.5,2,8,10,1
2914,ㅼ궗687364,127.1467991,37.42667462,168.0,75.0,93.0,0.0,0.0,0.0,30.0,15.0,15.0,12.0,2.0,8.0,1995.75,1,7,8,1
2921,ㅼ궗668385,127.1252306,37.445537,259.0,121.0,138.0,0.0,0.0,0.0,61.0,36.0,25.0,20.0,4.0,16.0,1994.3,0,5,5,1
2927,ㅼ궗679342,127.1378529,37.4068173,227.0,106.0,121.0,18.0,9.0,9.0,36.0,22.0,14.0,15.0,3.0,7.0,2006.27,1,6,7,1
2928,ㅼ궗694380,127.1546445,37.44111976,336.0,152.0,184.0,8.0,0.0,6.0,124.0,68.0,56.0,57.0,1.0,55.0,1987.86,2,16,18,1
2933,ㅼ궗704392,127.1659008,37.45196856,417.0,220.0,197.0,29.0,13.0,16.0,68.0,42.0,26.0,26.0,21.0,5.0,1994.15,2,5,7,1
2941,ㅼ궗673374,127.1309318,37.43563986,273.0,130.0,143.0,13.0,7.0,6.0,70.0,40.0,30.0,61.0,1.0,59.0,1990.0,1,7,8,1
2945,ㅼ궗683306,127.1425267,37.37438189,216.0,111.0,105.0,33.0,17.0,16.0,31.0,19.0,12.0,5.0,2.0,2.0,1995.0,0,0,0,0
2946,ㅼ궗700396,127.1613621,37.45556112,223.0,127.0,96.0,11.0,6.0,0.0,60.0,40.0,20.0,21.0,4.0,12.0,1989.24,1,8,9,1
2948,ㅼ궗626328,127.078038,37.39399971,115.0,55.0,60.0,8.0,0.0,0.0,14.0,7.0,7.0,25.0,1.0,24.0,2013.28,4,0,4,1
2951,ㅼ궗677384,127.1354095,37.44466747,349.0,172.0,177.0,16.0,8.0,8.0,76.0,42.0,34.0,34.0,10.0,13.0,1991.62,0,4,4,1
2962,ㅼ궗673368,127.1309583,37.43023171,531.0,283.0,248.0,22.0,11.0,11.0,132.0,71.0,61.0,23.0,17.0,2.0,2001.27,1,11,12,1
2967,ㅼ궗702372,127.1637203,37.43393495,395.0,177.0,218.0,38.0,17.0,21.0,49.0,21.0,28.0,30.0,7.0,13.0,1994.87,0,6,6,1
2973,ㅼ궗699377,127.1603089,37.43843206,406.0,200.0,206.0,36.0,13.0,23.0,71.0,42.0,29.0,29.0,7.0,10.0,1992.69,1,6,7,1
2981,ㅼ궗695400,127.1556923,37.45915021,79.0,39.0,40.0,0.0,0.0,0.0,12.0,6.0,6.0,5.0,3.0,2.0,1992.2,0,1,1,1
2987,ㅼ궗699395,127.1602355,37.45465652,156.0,79.0,77.0,0.0,0.0,0.0,40.0,20.0,20.0,27.0,1.0,5.0,1992.44,0,4,4,1
2989,ㅼ궗676345,127.13445,37.40951096,134.0,64.0,70.0,7.0,0.0,0.0,30.0,16.0,14.0,7.0,1.0,6.0,1994.86,0,2,2,1
2997,ㅼ궗698373,127.1591948,37.43482336,447.0,214.0,233.0,24.0,10.0,14.0,117.0,65.0,52.0,47.0,9.0,30.0,1990.36,2,15,17,1
3004,ㅼ궗709392,127.1715538,37.4519844,143.0,74.0,69.0,10.0,0.0,6.0,28.0,16.0,12.0,11.0,6.0,4.0,1992.82,0,4,4,1
3008,ㅼ궗696371,127.1569424,37.4330141,903.0,440.0,463.0,84.0,38.0,46.0,127.0,61.0,66.0,6.0,3.0,1.0,2003.17,0,0,0,0
3018,ㅼ궗699381,127.1602926,37.4420375,555.0,275.0,280.0,51.0,20.0,31.0,105.0,55.0,50.0,14.0,9.0,4.0,1995.46,0,1,1,1
3020,ㅼ궗703387,127.1647903,37.44745856,412.0,206.0,206.0,22.0,11.0,11.0,79.0,42.0,37.0,33.0,9.0,23.0,1991.64,0,8,8,1
3022,ㅼ궗706400,127.1681301,37.4591858,216.0,113.0,103.0,19.0,10.0,9.0,43.0,27.0,16.0,5.0,3.0,1.0,1998.2,1,2,3,1
3025,ㅼ궗644274,127.0986324,37.34539685,93.0,43.0,50.0,0.0,0.0,0.0,26.0,13.0,13.0,5.0,3.0,1.0,2006.8,0,1,1,1
3029,ㅼ궗644303,127.0984932,37.37153646,80.0,43.0,37.0,0.0,0.0,0.0,37.0,20.0,17.0,9.0,4.0,5.0,2004.0,0,0,0,0
3033,ㅼ궗681381,127.1399444,37.44197726,454.0,210.0,244.0,28.0,15.0,13.0,106.0,54.0,52.0,78.0,3.0,67.0,1989.62,1,27,28,1
3044,ㅼ궗698399,127.1590885,37.45825869,19.0,9.0,10.0,0.0,0.0,0.0,7.0,0.0,0.0,4.0,1.0,2.0,1991.0,0,0,0,0
3049,ㅼ궗649367,127.1038366,37.42924256,88.0,43.0,45.0,7.0,0.0,0.0,12.0,6.0,6.0,10.0,2.0,8.0,2013.0,0,0,0,0
3052,ㅼ궗656272,127.1121897,37.34363929,87.0,50.0,37.0,0.0,0.0,0.0,37.0,21.0,16.0,6.0,3.0,3.0,1995.67,0,2,2,1
3054,ㅼ궗696379,127.1569095,37.44022498,200.0,93.0,107.0,13.0,6.0,7.0,38.0,18.0,20.0,20.0,8.0,11.0,1991.9,1,8,9,1
3060,ㅼ궗676375,127.1343185,37.43655176,400.0,205.0,195.0,31.0,15.0,16.0,71.0,39.0,32.0,66.0,4.0,56.0,1990.38,1,10,11,1
3061,ㅼ궗683378,127.1422182,37.43928005,350.0,162.0,188.0,6.0,0.0,0.0,91.0,56.0,35.0,60.0,1.0,51.0,1988.47,0,19,19,1
3065,ㅼ궗704381,127.1659449,37.44205361,377.0,190.0,187.0,25.0,14.0,11.0,92.0,46.0,46.0,45.0,5.0,27.0,1993.18,0,8,8,1
3084,ㅼ궗696381,127.1569012,37.4420277,633.0,313.0,320.0,35.0,16.0,19.0,178.0,91.0,87.0,72.0,23.0,46.0,1992.01,1,15,16,1
3089,ㅼ궗670382,127.127505,37.44284008,202.0,106.0,96.0,9.0,8.0,0.0,41.0,26.0,15.0,28.0,2.0,21.0,1991.54,2,2,4,1
3096,ㅼ궗671379,127.1286488,37.44013957,404.0,181.0,223.0,22.0,12.0,10.0,96.0,38.0,58.0,15.0,4.0,3.0,1989.8,1,3,4,1
3099,ㅼ궗672386,127.1297481,37.44645261,451.0,217.0,234.0,30.0,14.0,16.0,113.0,60.0,53.0,52.0,9.0,39.0,1990.29,1,7,8,1
3100,ㅼ궗670318,127.1277905,37.38515299,88.0,47.0,41.0,15.0,0.0,11.0,9.0,6.0,0.0,2.0,1.0,1.0,1994.0,0,0,0,0
3105,ㅼ궗698376,127.1591826,37.43752744,298.0,163.0,135.0,21.0,7.0,14.0,55.0,33.0,22.0,26.0,7.0,10.0,1995.96,1,3,4,1
3113,ㅼ궗656305,127.1120366,37.37338443,190.0,96.0,94.0,16.0,0.0,11.0,32.0,22.0,10.0,18.0,4.0,14.0,1994.94,0,0,0,0
3117,ㅼ궗698372,127.1591989,37.433922,91.0,45.0,46.0,0.0,0.0,0.0,16.0,8.0,8.0,13.0,2.0,1.0,1992.92,0,1,1,1
3125,ㅼ궗704375,127.1659689,37.43664544,380.0,176.0,204.0,33.0,18.0,15.0,60.0,32.0,28.0,44.0,5.0,33.0,1989.55,0,12,12,1
3126,ㅼ궗685368,127.1445217,37.43027328,510.0,246.0,264.0,79.0,34.0,45.0,76.0,39.0,37.0,30.0,13.0,12.0,1995.77,1,9,10,1
3137,ㅼ궗706392,127.168162,37.45197493,1013.0,525.0,488.0,59.0,26.0,33.0,183.0,108.0,75.0,70.0,52.0,15.0,1993.47,0,10,10,1
3144,ㅼ궗700400,127.1613458,37.45916655,139.0,68.0,71.0,23.0,13.0,10.0,22.0,14.0,8.0,14.0,2.0,12.0,1986.0,1,2,3,1
3157,ㅼ궗679383,127.1376748,37.44377307,472.0,245.0,227.0,35.0,15.0,20.0,107.0,61.0,46.0,36.0,15.0,11.0,1996.22,1,7,8,1
3160,ㅼ궗680381,127.138814,37.44197381,533.0,268.0,265.0,27.0,14.0,13.0,131.0,75.0,56.0,98.0,2.0,77.0,1988.99,0,28,28,1
3162,ㅼ궗680367,127.1388746,37.42935479,276.0,148.0,128.0,18.0,13.0,0.0,68.0,38.0,30.0,15.0,1.0,10.0,1984.53,0,3,3,1
3164,ㅼ궗703397,127.1647501,37.45647215,496.0,261.0,235.0,28.0,13.0,15.0,135.0,82.0,53.0,35.0,22.0,7.0,1994.74,0,4,4,1
3165,ㅼ궗677374,127.1354532,37.43565389,503.0,253.0,250.0,24.0,18.0,6.0,104.0,57.0,47.0,82.0,5.0,76.0,1990.98,1,20,21,1
3170,ㅼ궗681388,127.1399142,37.44828676,535.0,280.0,255.0,40.0,21.0,19.0,144.0,94.0,50.0,108.0,1.0,100.0,1988.56,1,13,14,1
3175,ㅼ궗653317,127.1085921,37.38418963,159.0,83.0,76.0,28.0,17.0,11.0,12.0,0.0,7.0,9.0,2.0,6.0,2012.44,1,2,3,1
3188,ㅼ궗624327,127.0757836,37.39309026,339.0,168.0,171.0,50.0,22.0,28.0,36.0,19.0,17.0,6.0,2.0,4.0,2009.5,2,0,2,1
3193,ㅼ궗701396,127.1624928,37.45556435,365.0,185.0,180.0,12.0,6.0,6.0,96.0,60.0,36.0,31.0,15.0,8.0,1992.71,1,3,4,1
3197,ㅼ궗699385,127.1602763,37.44564293,619.0,299.0,320.0,34.0,14.0,20.0,131.0,70.0,61.0,49.0,6.0,34.0,1994.0,0,7,7,1
3201,ㅼ궗678383,127.1365443,37.44376959,459.0,244.0,215.0,29.0,19.0,10.0,115.0,71.0,44.0,40.0,13.0,20.0,1992.28,1,11,12,1
3204,ㅼ궗671385,127.1286221,37.44554771,437.0,205.0,232.0,26.0,12.0,14.0,118.0,72.0,46.0,89.0,1.0,86.0,1989.03,0,20,20,1
3209,ㅼ궗685389,127.1444321,37.44920181,438.0,218.0,220.0,40.0,16.0,24.0,92.0,56.0,36.0,25.0,9.0,15.0,1992.6,1,10,11,1
3217,ㅼ궗717374,127.1806676,37.43578469,327.0,163.0,164.0,26.0,7.0,19.0,86.0,53.0,33.0,17.0,10.0,7.0,2000.71,0,4,4,1
3227,ㅼ궗654275,127.1099177,37.34633598,400.0,204.0,196.0,34.0,16.0,18.0,56.0,27.0,29.0,21.0,8.0,9.0,1995.86,2,1,3,1
3232,ㅼ궗674369,127.1320842,37.4311366,408.0,196.0,212.0,19.0,8.0,11.0,107.0,58.0,49.0,38.0,6.0,22.0,1994.58,0,7,7,1
3235,ㅼ궗680377,127.1388313,37.43836838,319.0,145.0,174.0,12.0,0.0,7.0,53.0,25.0,28.0,46.0,3.0,40.0,1990.41,2,8,10,1
3238,ㅼ궗671381,127.1286399,37.44194228,552.0,254.0,298.0,26.0,14.0,12.0,124.0,73.0,51.0,57.0,2.0,45.0,1991.35,1,13,14,1
3241,ㅼ궗674381,127.1320313,37.44195289,225.0,110.0,115.0,10.0,8.0,0.0,68.0,31.0,37.0,27.0,1.0,20.0,1986.73,1,12,13,1
3242,ㅼ궗681373,127.139979,37.43476639,465.0,234.0,231.0,58.0,34.0,24.0,65.0,32.0,33.0,15.0,5.0,5.0,1993.8,0,4,4,1
3245,ㅼ궗677318,127.1356977,37.38517762,276.0,111.0,165.0,13.0,0.0,8.0,48.0,25.0,23.0,14.0,8.0,5.0,2002.79,1,2,3,1
3252,ㅼ궗670370,127.1275586,37.4320238,446.0,215.0,231.0,16.0,7.0,9.0,141.0,73.0,68.0,42.0,6.0,26.0,1996.55,0,10,10,1
3267,ㅼ궗670371,127.1275541,37.43292515,220.0,102.0,118.0,0.0,0.0,0.0,52.0,31.0,21.0,19.0,3.0,11.0,1992.72,0,5,5,1
3274,ㅼ궗687406,127.1466211,37.46453164,170.0,89.0,81.0,22.0,10.0,12.0,17.0,8.0,9.0,7.0,1.0,5.0,2017.86,0,0,0,0
3279,ㅼ궗674372,127.132071,37.43384067,93.0,34.0,59.0,0.0,0.0,0.0,16.0,7.0,9.0,13.0,1.0,3.0,1995.75,0,1,1,1
3281,ㅼ궗678318,127.1368273,37.38518109,198.0,84.0,114.0,20.0,11.0,9.0,26.0,9.0,17.0,8.0,1.0,5.0,2008.75,0,2,2,1
3308,ㅼ궗609326,127.0588433,37.3921269,166.0,88.0,78.0,25.0,11.0,14.0,23.0,16.0,7.0,18.0,9.0,3.0,2005.72,0,6,6,1
3309,ㅼ궗678374,127.1365836,37.43565738,60.0,26.0,34.0,0.0,0.0,0.0,13.0,6.0,7.0,10.0,1.0,8.0,1992.6,1,3,4,1
3313,ㅼ궗703371,127.1648546,37.4330368,290.0,130.0,160.0,15.0,10.0,0.0,41.0,21.0,20.0,17.0,4.0,7.0,1991.18,2,4,6,1
3315,ㅼ궗651358,127.1061396,37.4211379,47.0,23.0,24.0,0.0,0.0,0.0,10.0,0.0,0.0,6.0,1.0,1.0,1997.25,0,0,0,0
3318,ㅼ궗669369,127.1264328,37.43111887,276.0,124.0,152.0,21.0,9.0,12.0,67.0,35.0,32.0,30.0,3.0,24.0,1996.87,0,11,11,1
3320,ㅼ궗646309,127.1007233,37.37695229,21.0,13.0,8.0,6.0,0.0,0.0,0.0,0.0,0.0,2.0,1.0,1.0,1999.5,0,1,1,1
3324,ㅼ궗639303,127.0928462,37.37151716,98.0,53.0,45.0,0.0,0.0,0.0,34.0,19.0,15.0,6.0,5.0,1.0,2006.0,0,2,2,1
3329,ㅼ궗697379,127.1580399,37.44022826,258.0,117.0,141.0,10.0,6.0,0.0,82.0,42.0,40.0,37.0,7.0,30.0,1991.32,1,7,8,1
3331,ㅼ궗703390,127.1647782,37.45016264,411.0,197.0,214.0,32.0,15.0,17.0,81.0,38.0,43.0,36.0,13.0,15.0,1990.39,0,8,8,1
3336,ㅼ궗675320,127.1334298,37.38697337,37.0,15.0,22.0,0.0,0.0,0.0,8.0,0.0,0.0,2.0,1.0,1.0,2002.5,0,0,0,0
3341,ㅼ궗655352,127.1106881,37.41574473,60.0,26.0,34.0,0.0,0.0,0.0,0.0,0.0,0.0,5.0,1.0,3.0,2009.6,0,1,1,1
3350,ㅼ궗654273,127.109927,37.34453324,153.0,75.0,78.0,8.0,0.0,0.0,35.0,18.0,17.0,17.0,5.0,12.0,1996.06,0,0,0,0
3357,ㅼ궗681375,127.1399703,37.43656911,92.0,44.0,48.0,15.0,0.0,12.0,11.0,0.0,7.0,6.0,2.0,1.0,2001.67,0,4,4,1
3358,ㅼ궗706398,127.1681381,37.45738308,287.0,144.0,143.0,26.0,10.0,16.0,69.0,39.0,30.0,25.0,14.0,8.0,1991.16,1,3,4,1
3359,ㅼ궗680372,127.1388529,37.43386159,140.0,69.0,71.0,14.0,10.0,0.0,34.0,18.0,16.0,11.0,3.0,6.0,1993.64,1,4,5,1
3362,ㅼ궗670387,127.1274826,37.44734686,229.0,111.0,118.0,8.0,6.0,0.0,30.0,18.0,12.0,27.0,1.0,12.0,1993.19,1,8,9,1
3372,ㅼ궗684379,127.1433443,37.44018483,467.0,227.0,240.0,17.0,9.0,8.0,119.0,65.0,54.0,81.0,1.0,67.0,1989.51,0,27,27,1
3377,ㅼ궗681386,127.1399228,37.44648405,461.0,233.0,228.0,40.0,22.0,18.0,84.0,51.0,33.0,40.0,5.0,31.0,1994.75,0,10,10,1
3384,ㅼ궗684382,127.1433315,37.4428889,506.0,232.0,274.0,63.0,29.0,34.0,64.0,28.0,36.0,37.0,3.0,18.0,1991.65,0,9,9,1
3385,ㅼ궗699389,127.16026,37.44924837,513.0,242.0,271.0,19.0,10.0,9.0,123.0,57.0,66.0,68.0,3.0,58.0,1990.0,2,15,17,1
3388,ㅼ궗646304,127.1007472,37.37244547,28.0,12.0,16.0,0.0,0.0,0.0,0.0,0.0,0.0,2.0,1.0,1.0,2013.5,0,0,0,0
3396,ㅼ궗703395,127.1647581,37.45466943,372.0,182.0,190.0,29.0,16.0,13.0,64.0,34.0,30.0,25.0,19.0,6.0,1990.72,0,7,7,1
3398,ㅼ궗682384,127.141062,37.44468477,846.0,435.0,411.0,103.0,47.0,56.0,135.0,76.0,59.0,21.0,8.0,11.0,1994.71,1,4,5,1
3406,ㅼ궗672332,127.1299877,37.39777919,77.0,36.0,41.0,7.0,0.0,0.0,11.0,7.0,0.0,13.0,1.0,4.0,2003.62,0,7,7,1
3409,ㅼ궗700377,127.1614393,37.4384353,601.0,299.0,302.0,48.0,24.0,24.0,112.0,65.0,47.0,63.0,10.0,47.0,1990.27,1,11,12,1
3410,ㅼ궗673333,127.1311131,37.39868408,150.0,81.0,69.0,16.0,7.0,9.0,23.0,9.0,14.0,11.0,3.0,3.0,2005.73,0,4,4,1
3412,ㅼ궗704400,127.1658687,37.45917942,345.0,179.0,166.0,26.0,18.0,8.0,88.0,50.0,38.0,27.0,10.0,9.0,1994.3,1,5,6,1
3414,ㅼ궗680385,127.1387966,37.44557924,300.0,152.0,148.0,13.0,0.0,9.0,91.0,53.0,38.0,28.0,8.0,18.0,1993.85,0,8,8,1
3424,ㅼ궗615327,127.0656162,37.39305335,61.0,30.0,31.0,6.0,0.0,0.0,6.0,0.0,0.0,4.0,1.0,3.0,2015.25,1,0,1,1
3431,ㅼ궗680390,127.138775,37.45008602,511.0,242.0,269.0,16.0,9.0,7.0,117.0,66.0,51.0,97.0,4.0,92.0,1989.66,1,17,18,1
3432,ㅼ궗681366,127.1400092,37.42845688,138.0,65.0,73.0,6.0,0.0,0.0,29.0,13.0,16.0,14.0,4.0,3.0,1995.64,0,2,2,1
3435,ㅼ궗706393,127.168158,37.45287629,268.0,131.0,137.0,17.0,7.0,10.0,39.0,22.0,17.0,20.0,14.0,2.0,1996.95,1,4,5,1
3437,ㅼ궗698385,127.1591458,37.44563968,483.0,256.0,227.0,20.0,11.0,9.0,134.0,85.0,49.0,53.0,2.0,37.0,1991.35,0,13,13,1
3444,ㅼ궗668353,127.1253743,37.41669355,218.0,120.0,98.0,28.0,15.0,13.0,32.0,18.0,14.0,7.0,1.0,5.0,2005.71,3,0,3,1
3468,ㅼ궗631373,127.083462,37.43458074,56.0,29.0,27.0,0.0,0.0,0.0,15.0,7.0,8.0,14.0,1.0,12.0,2004.79,0,8,8,1
3469,ㅼ궗695397,127.1557047,37.45644614,168.0,87.0,81.0,13.0,8.0,0.0,34.0,17.0,17.0,8.0,7.0,1.0,1996.38,2,2,4,1
3470,ㅼ궗706381,127.1682058,37.44205997,346.0,165.0,181.0,20.0,7.0,13.0,104.0,59.0,45.0,53.0,1.0,43.0,1988.6,1,18,19,1
3478,ㅼ궗703386,127.1647943,37.4465572,398.0,192.0,206.0,43.0,15.0,28.0,70.0,42.0,28.0,33.0,5.0,15.0,1995.45,2,4,6,1
3481,ㅼ궗701376,127.1625737,37.43753717,518.0,244.0,274.0,31.0,19.0,12.0,97.0,52.0,45.0,87.0,8.0,73.0,1989.38,1,20,21,1
3482,ㅼ궗675317,127.1334429,37.38426927,57.0,33.0,24.0,0.0,0.0,0.0,6.0,0.0,0.0,9.0,2.0,2.0,2002.67,1,0,1,1
3517,ㅼ궗676383,127.1342834,37.44376262,342.0,176.0,166.0,22.0,10.0,12.0,77.0,43.0,34.0,27.0,6.0,17.0,1994.0,0,7,7,1
3521,ㅼ궗669380,127.1263835,37.4410338,464.0,216.0,248.0,18.0,8.0,10.0,111.0,60.0,51.0,61.0,2.0,44.0,1990.67,1,8,9,1
3530,ㅼ궗682374,127.141105,37.43567119,609.0,293.0,316.0,52.0,28.0,24.0,66.0,35.0,31.0,19.0,6.0,5.0,1997.53,0,2,2,1
3532,ㅼ궗673381,127.1309008,37.44194936,310.0,163.0,147.0,8.0,0.0,6.0,86.0,55.0,31.0,66.0,1.0,54.0,1984.79,1,9,10,1
3540,ㅼ궗633325,127.0859609,37.39132358,159.0,82.0,77.0,16.0,10.0,6.0,29.0,13.0,16.0,3.0,1.0,2.0,2013.0,0,0,0,0
3541,ㅼ궗669385,127.1263611,37.44554058,263.0,114.0,149.0,0.0,0.0,0.0,65.0,37.0,28.0,36.0,2.0,31.0,1989.42,1,10,11,1
3542,ㅼ궗700399,127.1613499,37.45826519,533.0,276.0,257.0,59.0,31.0,28.0,116.0,65.0,51.0,41.0,11.0,28.0,1990.54,1,10,11,1
3565,ㅼ궗656274,127.1121804,37.34544203,98.0,51.0,47.0,8.0,0.0,0.0,21.0,13.0,8.0,6.0,1.0,3.0,1996.83,0,1,1,1
3566,ㅼ궗647390,127.1014661,37.4499661,95.0,41.0,54.0,0.0,0.0,0.0,19.0,9.0,10.0,15.0,2.0,8.0,2007.2,1,2,3,1
3571,ㅼ궗676385,127.1342746,37.44556533,278.0,130.0,148.0,20.0,13.0,7.0,64.0,37.0,27.0,29.0,4.0,12.0,1991.14,1,6,7,1
3577,ㅼ궗701379,127.1625616,37.44024125,161.0,79.0,82.0,17.0,11.0,6.0,29.0,13.0,16.0,26.0,1.0,8.0,1989.4,3,4,7,1
3578,ㅼ궗676324,127.1345419,37.39058233,86.0,44.0,42.0,0.0,0.0,0.0,19.0,11.0,8.0,6.0,4.0,1.0,2006.5,0,1,1,1
3584,ㅼ궗673353,127.1310247,37.41671132,289.0,150.0,139.0,41.0,16.0,25.0,46.0,29.0,17.0,3.0,1.0,2.0,1995.0,0,0,0,0
3591,ㅼ궗696403,127.1568106,37.46185757,212.0,113.0,99.0,8.0,6.0,0.0,70.0,46.0,24.0,4.0,2.0,1.0,1990.0,1,0,1,1
3594,ㅼ궗700381,127.161423,37.44204074,352.0,179.0,173.0,22.0,11.0,11.0,73.0,37.0,36.0,30.0,8.0,18.0,1993.5,0,5,5,1
3595,ㅼ궗669370,127.1264283,37.43202023,426.0,221.0,205.0,28.0,14.0,14.0,91.0,59.0,32.0,42.0,6.0,32.0,1999.98,1,12,13,1
3604,ㅼ궗684299,127.143686,37.36807572,122.0,65.0,57.0,0.0,0.0,0.0,18.0,11.0,7.0,8.0,1.0,7.0,2001.25,0,0,0,0
3612,ㅼ궗691368,127.1513033,37.43029348,131.0,60.0,71.0,16.0,10.0,6.0,19.0,10.0,9.0,20.0,3.0,3.0,1992.75,0,5,5,1
3614,ㅼ궗670386,127.1274871,37.44644551,197.0,89.0,108.0,8.0,0.0,0.0,40.0,24.0,16.0,20.0,4.0,12.0,1994.35,0,4,4,1
3615,ㅼ궗703400,127.164738,37.45917622,173.0,91.0,82.0,12.0,8.0,0.0,29.0,19.0,10.0,9.0,2.0,4.0,1996.89,0,2,2,1
3618,ㅼ궗717384,127.1806293,37.44479831,248.0,130.0,118.0,13.0,7.0,6.0,65.0,37.0,28.0,12.0,8.0,2.0,2003.5,0,4,4,1
3619,ㅼ궗703376,127.1648345,37.4375436,513.0,226.0,287.0,34.0,14.0,20.0,98.0,49.0,49.0,88.0,3.0,74.0,1988.32,1,14,15,1
3627,ㅼ궗645303,127.0996226,37.37154029,100.0,50.0,50.0,8.0,0.0,0.0,21.0,12.0,9.0,7.0,5.0,2.0,2004.43,0,0,0,0
3637,ㅼ궗689408,127.1488743,37.4663411,188.0,93.0,95.0,53.0,29.0,24.0,13.0,6.0,7.0,32.0,20.0,12.0,2016.78,0,0,0,0
3639,ㅼ궗705398,127.1670074,37.4573799,447.0,216.0,231.0,23.0,13.0,10.0,107.0,51.0,56.0,8.0,2.0,6.0,1991.43,2,2,4,1
3642,ㅼ궗668297,127.1256254,37.36621717,200.0,107.0,93.0,38.0,18.0,20.0,16.0,13.0,0.0,3.0,2.0,1.0,1995.0,0,0,0,0
3664,ㅼ궗672373,127.1298059,37.43473497,280.0,113.0,167.0,17.0,7.0,10.0,63.0,25.0,38.0,11.0,7.0,1.0,1995.91,0,7,7,1
3668,ㅼ궗692369,127.1524294,37.43119817,184.0,92.0,92.0,19.0,12.0,7.0,29.0,15.0,14.0,15.0,4.0,7.0,1995.8,1,5,6,1
3685,ㅼ궗700374,127.1614515,37.43573122,502.0,236.0,266.0,37.0,12.0,25.0,86.0,44.0,42.0,47.0,9.0,30.0,1991.53,0,9,9,1
3689,ㅼ궗698397,127.1590967,37.45645598,221.0,109.0,112.0,9.0,0.0,7.0,61.0,33.0,28.0,19.0,8.0,8.0,1989.63,0,6,6,1
3694,ㅼ궗688366,127.1479209,37.42848071,55.0,25.0,30.0,0.0,0.0,0.0,13.0,7.0,6.0,7.0,1.0,3.0,1997.71,0,5,5,1
3697,ㅼ궗677324,127.1356716,37.39058581,289.0,154.0,135.0,22.0,6.0,16.0,54.0,29.0,25.0,16.0,12.0,4.0,2002.56,0,4,4,1
3711,ㅼ궗647311,127.1018432,37.37875883,50.0,24.0,26.0,0.0,0.0,0.0,10.0,0.0,6.0,9.0,1.0,4.0,2000.22,0,1,1,1
3720,ㅼ궗682385,127.1410576,37.44558613,651.0,335.0,316.0,48.0,24.0,24.0,161.0,85.0,76.0,54.0,13.0,39.0,1990.22,0,8,8,1
3739,ㅼ궗635325,127.0882203,37.39133147,142.0,68.0,74.0,15.0,6.0,9.0,20.0,9.0,11.0,4.0,2.0,2.0,2010.25,0,1,1,1
3748,ㅼ궗688381,127.1478576,37.4420011,453.0,192.0,261.0,25.0,13.0,12.0,60.0,31.0,29.0,26.0,2.0,4.0,1991.85,0,6,6,1
3752,ㅼ궗625327,127.0769133,37.39309431,107.0,54.0,53.0,11.0,0.0,6.0,25.0,13.0,12.0,14.0,1.0,13.0,2011.0,1,0,1,1
3753,ㅼ궗670378,127.1275229,37.43923466,170.0,86.0,84.0,13.0,6.0,7.0,21.0,11.0,10.0,8.0,2.0,1.0,1994.5,1,2,3,1
3755,ㅼ궗669384,127.1263656,37.44463923,301.0,141.0,160.0,21.0,10.0,11.0,69.0,36.0,33.0,55.0,1.0,51.0,1991.27,0,10,10,1
3756,ㅼ궗671387,127.1286132,37.44735042,178.0,84.0,94.0,13.0,6.0,7.0,33.0,22.0,11.0,14.0,6.0,6.0,1998.71,0,3,3,1
3758,ㅼ궗685381,127.1444662,37.44199095,586.0,278.0,308.0,39.0,23.0,16.0,126.0,72.0,54.0,94.0,3.0,80.0,1988.8,1,10,11,1
3759,ㅼ궗674367,127.132093,37.42933388,443.0,218.0,225.0,16.0,11.0,0.0,99.0,56.0,43.0,32.0,5.0,16.0,1996.47,0,5,5,1
3760,ㅼ궗704387,127.1659208,37.44746176,510.0,254.0,256.0,37.0,18.0,19.0,92.0,53.0,39.0,37.0,10.0,18.0,1994.51,2,11,13,1
3774,ㅼ궗667380,127.1241226,37.44102663,161.0,81.0,80.0,0.0,0.0,0.0,49.0,25.0,24.0,9.0,5.0,3.0,1997.22,0,0,0,0
3776,ㅼ궗667296,127.1245006,37.36531222,105.0,55.0,50.0,15.0,8.0,7.0,22.0,13.0,9.0,3.0,1.0,2.0,1996.33,0,0,0,0
3779,ㅼ궗700380,127.1614271,37.44113938,381.0,166.0,215.0,36.0,16.0,20.0,76.0,34.0,42.0,43.0,3.0,28.0,1989.88,1,16,17,1
3787,ㅼ궗685376,127.1444875,37.43748416,702.0,347.0,355.0,86.0,42.0,44.0,101.0,54.0,47.0,44.0,3.0,36.0,1993.55,1,12,13,1
3789,ㅼ궗697403,127.1579414,37.46186085,679.0,339.0,340.0,31.0,15.0,16.0,151.0,88.0,63.0,11.0,6.0,2.0,1997.45,0,0,0,0
3796,ㅼ궗688374,127.1478871,37.43569159,647.0,312.0,335.0,109.0,53.0,56.0,76.0,44.0,32.0,7.0,6.0,1.0,2014.0,0,0,0,0
3802,ㅼ궗682372,127.1411136,37.43386847,499.0,243.0,256.0,27.0,14.0,13.0,112.0,62.0,50.0,42.0,10.0,25.0,1988.98,1,6,7,1
3803,ㅼ궗704395,127.1658887,37.45467263,658.0,311.0,347.0,33.0,10.0,23.0,108.0,58.0,50.0,44.0,36.0,8.0,1992.82,1,2,3,1
3821,ㅼ궗683386,127.1421839,37.44649091,484.0,247.0,237.0,29.0,11.0,18.0,91.0,51.0,40.0,24.0,13.0,9.0,1991.08,3,8,11,1
3822,ㅼ궗708403,127.1703797,37.4618962,461.0,234.0,227.0,28.0,15.0,13.0,120.0,66.0,54.0,35.0,13.0,20.0,1990.6,1,9,10,1
