,gid,pa,ep,fp,yp,nb,year,cctv,light
5,木夭丑友什58ab30ba,8.15,6.0,7.0,0.0,2.0,0,0,0
17,木夭丑友什58bb30ab,7.768,0.0,0.0,0.0,2.0,0,0,0
26,木夭丑友什59aa30aa,7.768,0.0,0.0,0.0,2.0,0,0,0
27,木夭丑友什59aa30ab,7.768,0.0,0.0,0.0,3.0,0,0,0
42,木夭丑友什59ab30aa,6.89,0.0,0.0,0.0,3.0,0,1,1
43,木夭丑友什59ab30ab,6.89,0.0,0.0,0.0,2.0,0,0,0
66,木夭丑友什59ba30aa,6.339,0.0,0.0,0.0,14.0,1,0,0
69,木夭丑友什59ba30bb,4.878,36.0,27.0,0.0,8.0,1,0,0
71,木夭丑友什59ba31ab,4.285,0.0,6.0,0.0,5.0,0,0,0
93,木夭丑友什59bb29bb,6.541,0.0,0.0,0.0,4.0,1,0,0
96,木夭丑友什59bb30ba,5.025,9.0,18.0,6.0,11.0,0,0,0
97,木夭丑友什59bb30bb,4.164,7.0,7.0,0.0,4.0,1,0,0
98,木夭丑友什59bb31aa,3.953,0.0,8.0,0.0,14.0,1,0,0
99,木夭丑友什59bb31ab,4.028,0.0,8.0,0.0,14.0,0,0,0
100,木夭丑友什59bb31ba,4.028,0.0,0.0,0.0,4.0,0,0,0
105,木夭丑友什59bb32bb,2.968,0.0,0.0,0.0,4.0,0,0,0
122,木夭丑友什60aa29ba,7.025,0.0,0.0,0.0,4.0,0,0,0
123,木夭丑友什60aa29bb,6.339,8.0,7.0,0.0,25.0,1,0,0
124,木夭丑友什60aa30aa,6.339,0.0,0.0,0.0,8.0,1,0,0
125,木夭丑友什60aa30ab,5.025,0.0,0.0,0.0,2.0,0,0,0
131,木夭丑友什60aa31bb,3.708,0.0,0.0,0.0,1.0,0,0,0
134,木夭丑友什60aa32ba,2.781,0.0,0.0,0.0,1.0,1,0,0
135,木夭丑友什60aa32bb,2.968,0.0,0.0,0.0,1.0,0,1,1
154,木夭丑友什60ab29ba,5.571,7.0,13.0,0.0,11.0,1,0,0
155,木夭丑友什60ab29bb,5.954,0.0,0.0,0.0,4.0,1,0,0
167,木夭丑友什60ab32bb,2.885,0.0,0.0,0.0,14.0,0,0,0
185,木夭丑友什60ba29ab,5.571,0.0,0.0,0.0,1.0,0,0,0
198,木夭丑友什60ba32ba,5.564,21.0,55.0,0.0,14.0,1,0,0
199,木夭丑友什60ba32bb,2.144,0.0,9.0,0.0,3.0,0,0,0
216,木夭丑友什60bb29aa,5.275,0.0,0.0,0.0,4.0,0,1,1
217,木夭丑友什60bb29ab,4.753,27.0,66.0,9.0,20.0,1,1,1
229,木夭丑友什60bb32ab,5.564,0.0,0.0,0.0,3.0,1,0,0
230,木夭丑友什60bb32ba,5.564,93.0,253.0,51.0,54.0,1,0,0
231,木夭丑友什60bb32bb,9.795,12.0,113.0,34.0,16.0,1,0,0
248,木夭丑友什61aa29aa,5.275,0.0,0.0,0.0,3.0,0,0,0
249,木夭丑友什61aa29ab,4.753,0.0,21.0,10.0,7.0,1,0,0
255,木夭丑友什61aa30bb,4.32,0.0,0.0,0.0,3.0,0,0,0
261,木夭丑友什61aa32ab,1.505,0.0,0.0,0.0,2.0,0,0,0
262,木夭丑友什61aa32ba,1.505,65.0,223.0,40.0,41.0,1,1,1
263,木夭丑友什61aa32bb,1.505,28.0,109.0,23.0,22.0,1,0,0
293,木夭丑友什61ab32ab,1.505,36.0,291.0,86.0,1.0,1,1,1
294,木夭丑友什61ab32ba,1.505,14.0,67.0,15.0,43.0,1,1,1
295,木夭丑友什61ab32bb,1.505,45.0,168.0,45.0,9.0,1,1,1
313,木夭丑友什61ba29aa,4.173,0.0,0.0,0.0,3.0,0,0,0
326,木夭丑友什61ba32ab,1.505,9.0,86.0,26.0,35.0,1,1,1
327,木夭丑友什61ba32ba,1.876,28.0,115.0,37.0,53.0,1,1,1
328,木夭丑友什61ba32bb,1.876,25.0,110.0,29.0,5.0,1,1,1
342,木夭丑友什61ba36ab,5.342,10.0,17.0,0.0,10.0,0,0,0
357,木夭丑友什61bb31bb,1.394,21.0,79.0,14.0,1.0,1,0,0
359,木夭丑友什61bb32ab,7.653,30.0,193.0,85.0,28.0,1,1,1
360,木夭丑友什61bb32ba,1.876,71.0,309.0,106.0,62.0,1,1,1
361,木夭丑友什61bb32bb,1.876,37.0,99.0,26.0,5.0,1,0,0
375,木夭丑友什61bb36ab,4.44,49.0,76.0,0.0,31.0,1,0,0
376,木夭丑友什61bb36ba,4.44,27.0,63.0,0.0,32.0,1,0,0
390,木夭丑友什62aa31ba,1.394,37.0,100.0,17.0,2.0,1,1,1
391,木夭丑友什62aa31bb,1.394,343.0,982.0,225.0,14.0,1,0,0
392,木夭丑友什62aa32aa,1.038,227.0,898.0,277.0,8.0,1,1,1
393,木夭丑友什62aa32ab,0.525,187.0,739.0,185.0,20.0,1,1,1
394,木夭丑友什62aa32ba,1.876,117.0,527.0,169.0,15.0,1,1,1
395,木夭丑友什62aa32bb,18.176,75.0,520.0,186.0,19.0,1,1,1
399,木夭丑友什62aa33bb,3.182,0.0,0.0,0.0,2.0,0,0,0
401,木夭丑友什62aa34ab,5.378,0.0,0.0,0.0,11.0,1,0,0
409,木夭丑友什62aa36ab,4.44,14.0,35.0,0.0,17.0,1,1,1
410,木夭丑友什62aa36ba,4.44,22.0,43.0,0.0,23.0,1,1,1
411,木夭丑友什62aa36bb,4.133,6.0,12.0,0.0,23.0,1,1,1
412,木夭丑友什62aa37aa,4.248,17.0,32.0,7.0,12.0,1,0,0
418,木夭丑友什62ab28ab,4.628,6.0,7.0,0.0,2.0,0,0,0
426,木夭丑友什62ab30ab,3.082,0.0,10.0,0.0,8.0,1,0,0
427,木夭丑友什62ab30ba,3.055,7.0,12.0,0.0,9.0,1,0,0
431,木夭丑友什62ab31ba,1.394,94.0,229.0,47.0,16.0,1,0,0
432,木夭丑友什62ab31bb,0.892,105.0,254.0,64.0,3.0,1,1,1
433,木夭丑友什62ab32aa,0.892,122.0,529.0,152.0,7.0,1,1,1
434,木夭丑友什62ab32ab,0.892,159.0,666.0,210.0,24.0,1,1,1
435,木夭丑友什62ab32ba,0.525,144.0,678.0,204.0,29.0,1,1,1
436,木夭丑友什62ab32bb,18.176,80.0,368.0,80.0,9.0,1,1,1
440,木夭丑友什62ab33bb,3.182,0.0,0.0,0.0,1.0,1,0,0
442,木夭丑友什62ab34ab,5.22,0.0,0.0,0.0,10.0,0,0,0
447,木夭丑友什62ab35ba,4.883,0.0,0.0,0.0,14.0,1,0,0
448,木夭丑友什62ab35bb,4.883,0.0,0.0,0.0,1.0,0,0,0
450,木夭丑友什62ab36ab,6.677,0.0,0.0,0.0,3.0,1,0,0
452,木夭丑友什62ab36bb,4.133,0.0,0.0,0.0,6.0,0,0,0
453,木夭丑友什62ab37aa,4.248,19.0,31.0,0.0,18.0,0,0,0
460,木夭丑友什62ba28ab,5.45,0.0,0.0,0.0,4.0,0,0,0
468,木夭丑友什62ba30ab,2.949,0.0,0.0,0.0,1.0,1,0,0
469,木夭丑友什62ba30ba,3.055,14.0,17.0,0.0,11.0,1,0,0
470,木夭丑友什62ba30bb,3.055,0.0,11.0,0.0,12.0,1,0,0
471,木夭丑友什62ba31aa,3.055,10.0,15.0,0.0,9.0,1,0,0
476,木夭丑友什62ba32ab,0.892,32.0,202.0,89.0,21.0,1,1,1
477,木夭丑友什62ba32ba,0.525,81.0,263.0,49.0,75.0,1,1,1
478,木夭丑友什62ba32bb,18.176,101.0,290.0,49.0,64.0,1,1,1
479,木夭丑友什62ba33aa,18.176,26.0,61.0,12.0,5.0,1,1,1
485,木夭丑友什62ba34ba,5.22,0.0,0.0,0.0,2.0,1,0,0
488,木夭丑友什62ba35ab,4.883,14.0,39.0,0.0,17.0,1,0,0
489,木夭丑友什62ba35ba,4.883,16.0,21.0,0.0,20.0,0,1,1
490,木夭丑友什62ba35bb,4.883,0.0,0.0,0.0,3.0,1,0,0
501,木夭丑友什62bb28aa,2.882,8.0,14.0,0.0,12.0,0,0,0
502,木夭丑友什62bb28ab,2.799,0.0,0.0,0.0,3.0,0,0,0
504,木夭丑友什62bb28bb,3.272,0.0,7.0,0.0,8.0,1,1,1
505,木夭丑友什62bb29aa,3.272,8.0,12.0,0.0,5.0,1,0,0
515,木夭丑友什62bb31ba,3.518,0.0,7.0,0.0,3.0,1,0,0
517,木夭丑友什62bb32aa,1.181,0.0,0.0,0.0,4.0,1,1,1
518,木夭丑友什62bb32ab,1.181,34.0,203.0,50.0,76.0,1,1,1
519,木夭丑友什62bb32ba,0.294,40.0,175.0,41.0,72.0,1,1,1
520,木夭丑友什62bb32bb,0.53,16.0,59.0,8.0,34.0,1,1,1
521,木夭丑友什62bb33aa,5.4,8.0,19.0,0.0,18.0,1,0,0
525,木夭丑友什62bb34aa,4.079,0.0,0.0,0.0,5.0,1,0,0
526,木夭丑友什62bb34ab,4.079,0.0,0.0,0.0,2.0,1,0,0
530,木夭丑友什62bb35ab,4.883,8.0,21.0,0.0,12.0,1,1,1
531,木夭丑友什62bb35ba,4.883,0.0,6.0,0.0,6.0,1,0,0
536,木夭丑友什62bb36bb,3.315,0.0,0.0,0.0,1.0,0,0,0
542,木夭丑友什63aa28aa,2.882,0.0,0.0,0.0,1.0,0,0,0
543,木夭丑友什63aa28ab,2.799,0.0,6.0,0.0,2.0,1,0,0
544,木夭丑友什63aa28ba,3.083,0.0,8.0,0.0,1.0,0,0,0
545,木夭丑友什63aa28bb,3.083,0.0,0.0,0.0,1.0,0,0,0
558,木夭丑友什63aa32aa,1.181,8.0,33.0,0.0,19.0,1,1,1
559,木夭丑友什63aa32ab,1.181,54.0,219.0,74.0,74.0,1,1,1
560,木夭丑友什63aa32ba,0.477,23.0,101.0,19.0,66.0,1,1,1
561,木夭丑友什63aa32bb,0.53,13.0,41.0,13.0,29.0,1,0,0
566,木夭丑友什63aa34aa,4.079,0.0,0.0,0.0,34.0,0,1,1
579,木夭丑友什63aa37ab,1.724,31.0,62.0,9.0,29.0,1,0,0
586,木夭丑友什63ab28ab,2.799,0.0,7.0,0.0,6.0,0,0,0
599,木夭丑友什63ab31ba,3.518,0.0,9.0,0.0,14.0,1,0,0
600,木夭丑友什63ab31bb,1.181,35.0,76.0,20.0,13.0,1,0,0
601,木夭丑友什63ab32aa,1.181,153.0,962.0,322.0,15.0,1,1,1
602,木夭丑友什63ab32ab,1.181,109.0,516.0,126.0,32.0,1,1,1
603,木夭丑友什63ab32ba,0.477,101.0,406.0,88.0,27.0,1,1,1
610,木夭丑友什63ab34ab,3.423,0.0,0.0,0.0,14.0,1,0,0
611,木夭丑友什63ab34ba,3.423,0.0,0.0,0.0,38.0,0,0,0
612,木夭丑友什63ab34bb,4.105,0.0,0.0,0.0,3.0,0,1,1
622,木夭丑友什63ab37ab,1.724,11.0,33.0,0.0,14.0,0,1,1
635,木夭丑友什63ba29ba,4.808,0.0,0.0,0.0,8.0,1,0,0
643,木夭丑友什63ba31ba,2.162,10.0,19.0,6.0,13.0,1,0,0
644,木夭丑友什63ba31bb,3.025,0.0,0.0,0.0,3.0,1,1,1
645,木夭丑友什63ba32aa,1.59,256.0,1353.0,462.0,21.0,1,0,0
646,木夭丑友什63ba32ab,1.337,0.0,34.0,0.0,40.0,1,1,1
647,木夭丑友什63ba32ba,1.337,33.0,121.0,19.0,32.0,1,1,1
652,木夭丑友什63ba33bb,2.508,21.0,58.0,11.0,3.0,1,0,0
654,木夭丑友什63ba34ab,3.423,0.0,0.0,0.0,16.0,1,0,0
655,木夭丑友什63ba34ba,3.423,0.0,0.0,0.0,7.0,0,0,0
665,木夭丑友什63ba37aa,1.724,0.0,6.0,0.0,8.0,0,0,0
666,木夭丑友什63ba37ab,1.724,0.0,0.0,0.0,2.0,0,0,0
676,木夭丑友什63bb27bb,2.821,0.0,0.0,0.0,1.0,0,0,0
682,木夭丑友什63bb29ab,3.5,0.0,0.0,0.0,8.0,1,0,0
683,木夭丑友什63bb29ba,4.27,0.0,0.0,0.0,8.0,1,0,0
685,木夭丑友什63bb30aa,4.021,68.0,107.0,10.0,13.0,0,1,1
686,木夭丑友什63bb30ab,4.021,37.0,59.0,0.0,12.0,0,0,0
691,木夭丑友什63bb31ba,2.162,7.0,11.0,0.0,11.0,1,0,0
693,木夭丑友什63bb32aa,1.074,192.0,993.0,416.0,23.0,1,1,1
694,木夭丑友什63bb32ab,1.337,0.0,0.0,0.0,78.0,1,1,1
697,木夭丑友什63bb33aa,2.291,0.0,0.0,0.0,2.0,1,0,0
698,木夭丑友什63bb33ab,2.291,128.0,292.0,73.0,31.0,1,1,1
699,木夭丑友什63bb33ba,2.291,115.0,238.0,60.0,19.0,1,1,1
700,木夭丑友什63bb33bb,3.781,57.0,184.0,46.0,33.0,1,1,1
703,木夭丑友什63bb34ba,3.423,10.0,14.0,0.0,11.0,1,0,0
711,木夭丑友什63bb36ba,1.452,0.0,0.0,0.0,1.0,0,0,0
730,木夭丑友什64aa28bb,2.389,15.0,12.0,0.0,1.0,1,0,0
732,木夭丑友什64aa29ab,3.5,0.0,12.0,0.0,19.0,1,0,0
733,木夭丑友什64aa29ba,4.27,0.0,7.0,0.0,11.0,1,0,0
735,木夭丑友什64aa30aa,4.021,23.0,67.0,8.0,13.0,0,1,1
736,木夭丑友什64aa30ab,4.021,17.0,34.0,0.0,8.0,0,0,0
740,木夭丑友什64aa31ab,3.272,0.0,0.0,0.0,4.0,1,0,0
741,木夭丑友什64aa31ba,2.962,0.0,0.0,0.0,7.0,1,0,0
743,木夭丑友什64aa32aa,2.157,49.0,615.0,352.0,5.0,1,1,1
744,木夭丑友什64aa32ab,2.306,132.0,846.0,350.0,35.0,1,1,1
746,木夭丑友什64aa32bb,2.849,32.0,106.0,33.0,5.0,1,0,0
747,木夭丑友什64aa33aa,2.291,117.0,371.0,104.0,5.0,1,0,0
748,木夭丑友什64aa33ab,2.291,187.0,692.0,252.0,28.0,1,1,1
749,木夭丑友什64aa33ba,6.734,55.0,211.0,54.0,40.0,1,1,1
750,木夭丑友什64aa33bb,6.734,18.0,123.0,33.0,54.0,1,1,1
752,木夭丑友什64aa34ab,3.781,0.0,0.0,0.0,4.0,0,0,0
760,木夭丑友什64aa36ab,0.525,0.0,0.0,0.0,2.0,0,0,0
761,木夭丑友什64aa36ba,0.525,68.0,394.0,114.0,41.0,1,0,0
762,木夭丑友什64aa36bb,1.453,143.0,785.0,373.0,32.0,1,0,0
765,木夭丑友什64aa37ba,1.825,14.0,13.0,0.0,11.0,1,1,1
770,木夭丑友什64aa38bb,3.594,0.0,0.0,0.0,1.0,0,0,0
776,木夭丑友什64ab27ab,1.803,27.0,43.0,0.0,9.0,1,0,0
777,木夭丑友什64ab27ba,3.31,15.0,38.0,6.0,7.0,1,1,1
781,木夭丑友什64ab28ba,1.809,0.0,0.0,0.0,2.0,1,0,0
782,木夭丑友什64ab28bb,2.319,194.0,268.0,27.0,11.0,1,1,1
783,木夭丑友什64ab29aa,2.319,52.0,49.0,0.0,2.0,1,0,0
784,木夭丑友什64ab29ab,2.802,79.0,136.0,18.0,42.0,0,1,1
785,木夭丑友什64ab29ba,3.046,49.0,52.0,8.0,8.0,1,0,0
786,木夭丑友什64ab29bb,3.046,0.0,0.0,0.0,3.0,1,0,0
787,木夭丑友什64ab30aa,3.046,64.0,154.0,25.0,26.0,1,1,1
788,木夭丑友什64ab30ab,4.021,76.0,97.0,14.0,14.0,0,0,0
792,木夭丑友什64ab31ab,3.272,0.0,7.0,0.0,3.0,0,0,0
793,木夭丑友什64ab31ba,2.962,0.0,0.0,0.0,1.0,1,0,0
794,木夭丑友什64ab31bb,2.813,0.0,13.0,0.0,7.0,1,1,1
795,木夭丑友什64ab32aa,2.157,19.0,221.0,121.0,36.0,1,1,1
796,木夭丑友什64ab32ab,27.247,90.0,600.0,245.0,30.0,1,1,1
797,木夭丑友什64ab32ba,27.247,98.0,488.0,189.0,46.0,1,1,1
798,木夭丑友什64ab32bb,27.247,70.0,294.0,122.0,37.0,1,1,1
799,木夭丑友什64ab33aa,31.435,17.0,109.0,41.0,53.0,1,1,1
800,木夭丑友什64ab33ab,16.9,32.0,213.0,84.0,87.0,1,1,1
801,木夭丑友什64ab33ba,6.734,19.0,154.0,50.0,82.0,1,1,1
802,木夭丑友什64ab33bb,6.734,0.0,20.0,8.0,11.0,1,0,0
804,木夭丑友什64ab34ab,2.229,0.0,0.0,0.0,27.0,1,0,0
805,木夭丑友什64ab34ba,2.59,40.0,63.0,0.0,44.0,0,1,1
806,木夭丑友什64ab34bb,2.406,34.0,169.0,18.0,41.0,1,0,0
810,木夭丑友什64ab35bb,1.963,6.0,0.0,0.0,3.0,0,0,0
811,木夭丑友什64ab36aa,1.963,13.0,15.0,0.0,6.0,0,0,0
812,木夭丑友什64ab36ab,0.525,41.0,153.0,29.0,3.0,1,0,0
813,木夭丑友什64ab36ba,0.525,104.0,732.0,240.0,19.0,1,0,0
814,木夭丑友什64ab36bb,1.453,210.0,1008.0,334.0,35.0,1,0,0
815,木夭丑友什64ab37aa,1.453,0.0,7.0,0.0,1.0,0,0,0
816,木夭丑友什64ab37ab,1.453,11.0,14.0,0.0,7.0,1,0,0
817,木夭丑友什64ab37ba,1.825,25.0,37.0,9.0,21.0,1,1,1
822,木夭丑友什64ab38bb,14.554,6.0,11.0,0.0,6.0,1,0,0
823,木夭丑友什64ab39aa,14.554,17.0,36.0,6.0,14.0,1,0,0
828,木夭丑友什64ba27ab,1.803,73.0,117.0,6.0,38.0,0,1,1
829,木夭丑友什64ba27ba,10.222,34.0,87.0,0.0,25.0,1,1,1
831,木夭丑友什64ba28aa,9.545,0.0,0.0,0.0,2.0,1,0,0
832,木夭丑友什64ba28ab,1.809,0.0,0.0,0.0,8.0,1,0,0
834,木夭丑友什64ba28bb,2.319,106.0,157.0,21.0,17.0,1,0,0
835,木夭丑友什64ba29aa,2.319,0.0,0.0,0.0,13.0,0,0,0
836,木夭丑友什64ba29ab,7.616,27.0,46.0,0.0,14.0,1,1,1
837,木夭丑友什64ba29ba,3.046,0.0,0.0,0.0,7.0,1,0,0
838,木夭丑友什64ba29bb,3.046,0.0,0.0,0.0,10.0,1,0,0
839,木夭丑友什64ba30aa,3.046,166.0,382.0,49.0,43.0,1,1,1
840,木夭丑友什64ba30ab,6.123,79.0,215.0,35.0,35.0,1,1,1
841,木夭丑友什64ba30ba,4.106,0.0,0.0,0.0,11.0,1,0,0
842,木夭丑友什64ba30bb,4.106,8.0,28.0,7.0,22.0,1,1,1
843,木夭丑友什64ba31aa,3.437,29.0,88.0,19.0,35.0,1,1,1
846,木夭丑友什64ba31bb,3.42,0.0,21.0,6.0,14.0,1,1,1
847,木夭丑友什64ba32aa,3.42,13.0,90.0,32.0,38.0,1,1,1
848,木夭丑友什64ba32ab,3.42,36.0,196.0,66.0,78.0,1,1,1
849,木夭丑友什64ba32ba,2.718,26.0,132.0,31.0,47.0,1,1,1
850,木夭丑友什64ba32bb,2.48,12.0,77.0,28.0,39.0,1,1,1
851,木夭丑友什64ba33aa,2.418,10.0,76.0,26.0,36.0,1,1,1
854,木夭丑友什64ba33bb,1.84,0.0,64.0,0.0,6.0,1,1,1
858,木夭丑友什64ba34bb,2.406,28.0,59.0,11.0,24.0,1,0,0
859,木夭丑友什64ba35aa,2.202,0.0,0.0,0.0,8.0,1,0,0
861,木夭丑友什64ba35ba,1.963,17.0,22.0,0.0,19.0,1,0,0
862,木夭丑友什64ba35bb,1.963,16.0,28.0,0.0,27.0,0,1,1
863,木夭丑友什64ba36aa,1.963,58.0,207.0,58.0,48.0,1,1,1
864,木夭丑友什64ba36ab,1.185,51.0,207.0,61.0,17.0,1,1,1
865,木夭丑友什64ba36ba,0.718,75.0,319.0,65.0,21.0,1,0,0
866,木夭丑友什64ba36bb,1.453,366.0,701.0,100.0,36.0,1,0,0
867,木夭丑友什64ba37aa,1.453,44.0,96.0,7.0,2.0,0,0,0
868,木夭丑友什64ba37ab,1.453,0.0,6.0,0.0,14.0,1,0,0
872,木夭丑友什64ba38ab,2.064,8.0,8.0,0.0,4.0,0,1,1
873,木夭丑友什64ba38ba,2.064,0.0,0.0,0.0,1.0,0,0,0
874,木夭丑友什64ba38bb,2.064,18.0,39.0,9.0,13.0,1,0,0
875,木夭丑友什64ba39aa,2.579,88.0,202.0,31.0,79.0,1,1,1
876,木夭丑友什64ba39ab,2.579,6.0,12.0,0.0,5.0,0,1,1
877,木夭丑友什64ba39ba,3.458,12.0,14.0,0.0,11.0,1,0,0
883,木夭丑友什64bb27ab,1.566,0.0,0.0,0.0,2.0,1,0,0
886,木夭丑友什64bb28aa,0.358,0.0,0.0,0.0,2.0,1,0,0
887,木夭丑友什64bb28ab,0.134,0.0,0.0,0.0,9.0,1,0,0
888,木夭丑友什64bb28ba,1.809,0.0,0.0,0.0,6.0,1,0,0
889,木夭丑友什64bb28bb,2.319,0.0,0.0,0.0,7.0,1,0,0
890,木夭丑友什64bb29aa,2.319,0.0,6.0,0.0,8.0,0,0,0
891,木夭丑友什64bb29ab,7.616,0.0,0.0,0.0,7.0,1,1,1
893,木夭丑友什64bb29bb,3.046,0.0,0.0,0.0,9.0,1,0,0
894,木夭丑友什64bb30aa,3.046,0.0,0.0,0.0,13.0,1,0,0
896,木夭丑友什64bb30ba,3.566,0.0,0.0,0.0,11.0,1,0,0
898,木夭丑友什64bb31aa,3.437,0.0,0.0,0.0,4.0,1,0,0
913,木夭丑友什64bb34bb,2.344,15.0,27.0,0.0,10.0,1,0,0
914,木夭丑友什64bb35aa,2.344,0.0,0.0,0.0,5.0,1,0,0
915,木夭丑友什64bb35ab,2.202,0.0,0.0,0.0,8.0,1,0,0
916,木夭丑友什64bb35ba,2.089,0.0,0.0,0.0,20.0,1,0,0
917,木夭丑友什64bb35bb,1.276,12.0,27.0,0.0,20.0,0,1,1
918,木夭丑友什64bb36aa,1.591,8.0,0.0,0.0,11.0,1,1,1
919,木夭丑友什64bb36ab,1.591,15.0,16.0,0.0,15.0,0,1,1
920,木夭丑友什64bb36ba,1.591,84.0,169.0,23.0,71.0,0,1,1
921,木夭丑友什64bb36bb,1.374,0.0,10.0,0.0,3.0,0,0,0
923,木夭丑友什64bb37ab,0.786,0.0,0.0,0.0,3.0,0,1,1
929,木夭丑友什64bb38bb,2.064,14.0,40.0,7.0,7.0,1,0,0
930,木夭丑友什64bb39aa,2.579,58.0,103.0,10.0,36.0,1,1,1
931,木夭丑友什64bb39ab,2.579,29.0,71.0,11.0,25.0,0,1,1
932,木夭丑友什64bb39ba,3.458,24.0,74.0,17.0,19.0,1,0,0
933,木夭丑友什64bb39bb,3.461,18.0,45.0,10.0,20.0,1,1,1
934,木夭丑友什64bb40aa,2.499,29.0,74.0,13.0,37.0,1,1,1
938,木夭丑友什65aa27aa,1.464,0.0,0.0,0.0,2.0,0,0,0
939,木夭丑友什65aa27ab,1.563,150.0,355.0,22.0,1.0,0,0,0
940,木夭丑友什65aa27ba,0.358,33.0,141.0,23.0,5.0,0,0,0
941,木夭丑友什65aa27bb,0.358,26.0,83.0,0.0,9.0,0,1,1
942,木夭丑友什65aa28aa,0.358,765.0,2611.0,450.0,14.0,0,1,1
943,木夭丑友什65aa28ab,0.134,437.0,1611.0,456.0,16.0,0,0,0
944,木夭丑友什65aa28ba,0.649,316.0,1571.0,523.0,10.0,0,1,1
945,木夭丑友什65aa28bb,0.649,441.0,1531.0,419.0,22.0,0,1,1
946,木夭丑友什65aa29aa,8.111,209.0,1066.0,257.0,9.0,1,1,1
947,木夭丑友什65aa29ab,7.616,231.0,2204.0,104.0,13.0,1,0,0
948,木夭丑友什65aa29ba,6.375,13.0,41.0,0.0,26.0,1,1,1
949,木夭丑友什65aa29bb,6.123,137.0,1462.0,58.0,22.0,1,1,1
950,木夭丑友什65aa30aa,6.123,401.0,1296.0,236.0,13.0,1,0,0
951,木夭丑友什65aa30ab,6.123,585.0,2617.0,578.0,14.0,1,1,1
952,木夭丑友什65aa30ba,5.873,374.0,1108.0,337.0,3.0,1,1,1
953,木夭丑友什65aa30bb,5.624,188.0,576.0,169.0,14.0,1,0,0
956,木夭丑友什65aa31ba,4.119,37.0,105.0,30.0,3.0,1,0,0
957,木夭丑友什65aa31bb,3.42,56.0,140.0,35.0,4.0,1,0,0
961,木夭丑友什65aa32bb,2.096,78.0,321.0,58.0,2.0,1,0,0
964,木夭丑友什65aa33ba,1.896,0.0,0.0,0.0,3.0,1,0,0
965,木夭丑友什65aa33bb,1.84,0.0,15.0,0.0,6.0,1,0,0
971,木夭丑友什65aa35ab,1.546,0.0,0.0,0.0,14.0,1,0,0
972,木夭丑友什65aa35ba,3.724,10.0,9.0,0.0,11.0,1,0,0
973,木夭丑友什65aa35bb,1.276,48.0,109.0,14.0,51.0,1,1,1
974,木夭丑友什65aa36aa,1.591,0.0,0.0,0.0,2.0,1,0,0
975,木夭丑友什65aa36ab,1.591,0.0,7.0,0.0,1.0,0,0,0
976,木夭丑友什65aa36ba,1.591,19.0,32.0,11.0,7.0,1,0,0
977,木夭丑友什65aa36bb,1.178,0.0,0.0,0.0,2.0,1,0,0
985,木夭丑友什65aa38bb,2.064,0.0,0.0,0.0,5.0,1,0,0
987,木夭丑友什65aa39ab,2.579,23.0,58.0,12.0,25.0,1,0,0
988,木夭丑友什65aa39ba,3.229,78.0,135.0,18.0,59.0,0,1,1
989,木夭丑友什65aa39bb,3.091,14.0,36.0,0.0,15.0,1,0,0
990,木夭丑友什65aa40aa,2.499,97.0,176.0,29.0,81.0,1,1,1
993,木夭丑友什65ab26ab,2.341,70.0,198.0,13.0,2.0,0,0,0
994,木夭丑友什65ab26ba,2.341,6.0,17.0,0.0,10.0,1,1,1
995,木夭丑友什65ab26bb,1.464,59.0,379.0,9.0,12.0,1,1,1
996,木夭丑友什65ab27aa,1.464,0.0,0.0,0.0,2.0,0,0,0
997,木夭丑友什65ab27ab,1.563,91.0,166.0,13.0,30.0,0,1,1
998,木夭丑友什65ab27ba,0.358,191.0,687.0,89.0,58.0,0,1,1
999,木夭丑友什65ab27bb,0.358,109.0,642.0,29.0,32.0,0,1,1
1000,木夭丑友什65ab28aa,0.358,265.0,772.0,97.0,17.0,0,0,0
1001,木夭丑友什65ab28ab,0.134,506.0,1101.0,179.0,12.0,0,1,1
1002,木夭丑友什65ab28ba,0.649,121.0,572.0,185.0,10.0,0,1,1
1003,木夭丑友什65ab28bb,0.649,134.0,347.0,80.0,2.0,0,1,1
1004,木夭丑友什65ab29aa,0.903,116.0,342.0,67.0,7.0,0,0,0
1005,木夭丑友什65ab29ab,1.144,69.0,169.0,25.0,2.0,0,0,0
1006,木夭丑友什65ab29ba,1.144,38.0,169.0,48.0,6.0,0,1,1
1007,木夭丑友什65ab29bb,1.144,24.0,88.0,26.0,5.0,1,1,1
1008,木夭丑友什65ab30aa,0.401,111.0,315.0,49.0,19.0,0,1,1
1010,木夭丑友什65ab30ba,1.59,425.0,998.0,202.0,1.0,0,0,0
1011,木夭丑友什65ab30bb,1.59,251.0,564.0,127.0,14.0,1,0,0
1014,木夭丑友什65ab31ba,2.956,43.0,125.0,28.0,23.0,1,1,1
1015,木夭丑友什65ab31bb,2.956,68.0,267.0,51.0,43.0,1,1,1
1016,木夭丑友什65ab32aa,2.956,115.0,609.0,164.0,8.0,1,1,1
1017,木夭丑友什65ab32ab,2.522,134.0,1152.0,227.0,7.0,1,0,0
1018,木夭丑友什65ab32ba,2.096,53.0,293.0,74.0,2.0,1,1,1
1019,木夭丑友什65ab32bb,2.096,141.0,531.0,66.0,9.0,1,1,1
1020,木夭丑友什65ab33aa,2.096,82.0,386.0,69.0,11.0,1,1,1
1023,木夭丑友什65ab33bb,1.346,12.0,179.0,0.0,18.0,1,1,1
1028,木夭丑友什65ab35aa,1.573,0.0,24.0,6.0,9.0,1,0,0
1029,木夭丑友什65ab35ab,1.573,0.0,8.0,0.0,12.0,1,0,0
1030,木夭丑友什65ab35ba,1.573,11.0,15.0,0.0,15.0,1,0,0
1031,木夭丑友什65ab35bb,2.014,28.0,63.0,16.0,16.0,1,1,1
1032,木夭丑友什65ab36aa,1.591,0.0,0.0,0.0,14.0,1,0,0
1033,木夭丑友什65ab36ab,1.591,7.0,6.0,0.0,3.0,1,0,0
1047,木夭丑友什65ab39bb,2.758,0.0,0.0,0.0,1.0,1,1,1
1048,木夭丑友什65ab40aa,2.499,6.0,12.0,0.0,9.0,1,0,0
1052,木夭丑友什65ba26ba,1.387,120.0,461.0,26.0,6.0,0,0,0
1053,木夭丑友什65ba26bb,1.464,91.0,286.0,15.0,5.0,0,1,1
1054,木夭丑友什65ba27aa,1.464,33.0,40.0,0.0,11.0,0,0,0
1055,木夭丑友什65ba27ab,1.094,327.0,767.0,79.0,84.0,0,1,1
1056,木夭丑友什65ba27ba,0.844,303.0,1160.0,256.0,106.0,0,1,1
1057,木夭丑友什65ba27bb,0.844,202.0,617.0,143.0,37.0,0,1,1
1058,木夭丑友什65ba28aa,0.844,517.0,1387.0,113.0,21.0,0,1,1
1059,木夭丑友什65ba28ab,0.987,768.0,1220.0,90.0,17.0,0,1,1
1060,木夭丑友什65ba28ba,1.652,101.0,278.0,64.0,9.0,0,0,0
1062,木夭丑友什65ba29aa,1.184,103.0,316.0,38.0,77.0,0,1,1
1063,木夭丑友什65ba29ab,1.184,511.0,1413.0,279.0,35.0,0,0,0
1064,木夭丑友什65ba29ba,1.184,440.0,1107.0,271.0,17.0,0,0,0
1065,木夭丑友什65ba29bb,1.144,371.0,1617.0,398.0,29.0,0,1,1
1066,木夭丑友什65ba30aa,1.45,206.0,649.0,62.0,151.0,0,1,1
1067,木夭丑友什65ba30ab,1.59,137.0,480.0,54.0,101.0,0,1,1
1068,木夭丑友什65ba30ba,1.59,230.0,556.0,97.0,53.0,0,0,0
1069,木夭丑友什65ba30bb,1.59,620.0,1984.0,275.0,16.0,0,1,1
1070,木夭丑友什65ba31aa,1.917,198.0,452.0,59.0,6.0,0,1,1
1072,木夭丑友什65ba31ba,2.624,17.0,96.0,14.0,30.0,1,1,1
1073,木夭丑友什65ba31bb,2.624,60.0,276.0,63.0,71.0,1,1,1
1074,木夭丑友什65ba32aa,2.624,58.0,281.0,77.0,20.0,1,1,1
1075,木夭丑友什65ba32ab,1.964,163.0,1004.0,329.0,47.0,1,1,1
1076,木夭丑友什65ba32ba,1.964,48.0,234.0,82.0,4.0,1,0,0
1078,木夭丑友什65ba33aa,1.939,0.0,181.0,0.0,12.0,1,1,1
1079,木夭丑友什65ba33ab,1.637,0.0,162.0,0.0,3.0,1,1,1
1080,木夭丑友什65ba33ba,1.346,0.0,0.0,0.0,10.0,1,1,1
1082,木夭丑友什65ba34aa,0.476,37.0,185.0,79.0,4.0,1,0,0
1083,木夭丑友什65ba34ab,0.476,7.0,60.0,19.0,1.0,1,0,0
1085,木夭丑友什65ba34bb,1.044,0.0,0.0,0.0,5.0,1,0,0
1086,木夭丑友什65ba35aa,1.573,49.0,99.0,18.0,49.0,1,0,0
1087,木夭丑友什65ba35ab,1.972,30.0,84.0,11.0,20.0,1,1,1
1088,木夭丑友什65ba35ba,1.972,7.0,11.0,0.0,4.0,1,0,0
1092,木夭丑友什65ba36ba,1.777,0.0,0.0,0.0,2.0,0,1,1
1109,木夭丑友什65bb26ab,0.969,328.0,911.0,217.0,18.0,0,1,1
1110,木夭丑友什65bb26ba,0.377,428.0,1474.0,370.0,30.0,0,1,1
1111,木夭丑友什65bb26bb,0.377,156.0,597.0,139.0,6.0,0,0,0
1112,木夭丑友什65bb27aa,0.914,91.0,193.0,28.0,13.0,0,0,0
1113,木夭丑友什65bb27ab,1.094,596.0,963.0,55.0,22.0,0,1,1
1114,木夭丑友什65bb27ba,1.455,348.0,898.0,236.0,10.0,0,1,1
1115,木夭丑友什65bb27bb,1.508,426.0,1194.0,259.0,20.0,0,0,0
1116,木夭丑友什65bb28aa,1.508,389.0,1211.0,119.0,16.0,0,0,0
1117,木夭丑友什65bb28ab,1.508,225.0,500.0,75.0,9.0,0,1,1
1120,木夭丑友什65bb29aa,1.184,127.0,526.0,135.0,67.0,0,1,1
1121,木夭丑友什65bb29ab,1.184,161.0,627.0,158.0,32.0,0,1,1
1122,木夭丑友什65bb29ba,1.184,274.0,1168.0,313.0,33.0,0,1,1
1123,木夭丑友什65bb29bb,1.153,461.0,1104.0,192.0,25.0,0,1,1
1124,木夭丑友什65bb30aa,1.45,289.0,544.0,36.0,81.0,0,0,0
1125,木夭丑友什65bb30ab,1.59,161.0,533.0,40.0,135.0,0,1,1
1126,木夭丑友什65bb30ba,1.59,276.0,1015.0,216.0,43.0,0,1,1
1127,木夭丑友什65bb30bb,1.59,310.0,961.0,151.0,39.0,0,0,0
1128,木夭丑友什65bb31aa,1.83,127.0,443.0,25.0,20.0,0,1,1
1129,木夭丑友什65bb31ab,2.987,0.0,9.0,0.0,5.0,0,0,0
1131,木夭丑友什65bb31bb,2.624,26.0,150.0,23.0,50.0,1,1,1
1132,木夭丑友什65bb32aa,2.624,73.0,258.0,53.0,72.0,1,1,1
1133,木夭丑友什65bb32ab,1.964,510.0,1451.0,411.0,15.0,1,0,0
1134,木夭丑友什65bb32ba,1.964,429.0,1632.0,441.0,13.0,1,0,0
1135,木夭丑友什65bb32bb,1.964,202.0,1070.0,250.0,13.0,1,1,1
1136,木夭丑友什65bb33aa,1.452,251.0,1134.0,289.0,18.0,1,1,1
1137,木夭丑友什65bb33ab,1.346,0.0,0.0,0.0,3.0,1,1,1
1138,木夭丑友什65bb33ba,1.346,615.0,1390.0,251.0,25.0,1,1,1
1139,木夭丑友什65bb33bb,1.346,224.0,920.0,237.0,23.0,1,0,0
1140,木夭丑友什65bb34aa,0.476,107.0,770.0,288.0,18.0,1,1,1
1141,木夭丑友什65bb34ab,0.476,100.0,587.0,197.0,10.0,1,1,1
1142,木夭丑友什65bb34ba,0.476,10.0,14.0,0.0,30.0,0,1,1
1144,木夭丑友什65bb35aa,1.875,12.0,52.0,11.0,18.0,1,1,1
1145,木夭丑友什65bb35ab,1.875,0.0,0.0,0.0,3.0,0,0,0
1146,木夭丑友什65bb35ba,1.875,22.0,65.0,28.0,21.0,1,0,0
1147,木夭丑友什65bb35bb,1.972,10.0,12.0,0.0,10.0,1,0,0
1166,木夭丑友什66aa26aa,1.437,99.0,389.0,85.0,5.0,0,0,0
1167,木夭丑友什66aa26ab,0.969,350.0,1269.0,362.0,23.0,0,0,0
1168,木夭丑友什66aa26ba,0.377,171.0,649.0,183.0,16.0,0,1,1
1169,木夭丑友什66aa26bb,1.099,235.0,993.0,292.0,12.0,0,0,0
1170,木夭丑友什66aa27aa,1.099,110.0,248.0,31.0,20.0,0,0,0
1171,木夭丑友什66aa27ab,1.099,265.0,772.0,86.0,28.0,0,1,1
1172,木夭丑友什66aa27ba,1.455,275.0,1267.0,254.0,16.0,0,0,0
1173,木夭丑友什66aa27bb,1.508,259.0,1061.0,232.0,17.0,0,1,1
1174,木夭丑友什66aa28aa,1.508,227.0,544.0,105.0,23.0,0,1,1
1175,木夭丑友什66aa28ab,1.508,26.0,69.0,6.0,5.0,0,0,0
1177,木夭丑友什66aa28bb,1.724,176.0,133.0,0.0,4.0,1,0,0
1178,木夭丑友什66aa29aa,1.184,348.0,1174.0,289.0,21.0,0,1,1
1179,木夭丑友什66aa29ab,1.184,375.0,1202.0,245.0,30.0,0,0,0
1180,木夭丑友什66aa29ba,1.184,433.0,1561.0,237.0,19.0,0,1,1
1181,木夭丑友什66aa29bb,1.153,465.0,995.0,97.0,17.0,0,1,1
1182,木夭丑友什66aa30aa,1.45,394.0,875.0,92.0,9.0,0,1,1
1183,木夭丑友什66aa30ab,1.543,262.0,1124.0,360.0,12.0,0,1,1
1184,木夭丑友什66aa30ba,1.543,349.0,1203.0,314.0,21.0,0,1,1
1185,木夭丑友什66aa30bb,2.296,306.0,937.0,281.0,11.0,0,1,1
1186,木夭丑友什66aa31aa,1.72,273.0,1011.0,240.0,16.0,0,0,0
1187,木夭丑友什66aa31ab,1.72,44.0,380.0,8.0,13.0,0,0,0
1188,木夭丑友什66aa31ba,2.624,0.0,0.0,0.0,2.0,1,1,1
1190,木夭丑友什66aa32aa,2.624,112.0,351.0,113.0,26.0,1,0,0
1191,木夭丑友什66aa32ab,1.964,621.0,1439.0,380.0,29.0,1,1,1
1192,木夭丑友什66aa32ba,1.964,309.0,1097.0,272.0,10.0,1,1,1
1193,木夭丑友什66aa32bb,1.964,27.0,102.0,33.0,17.0,1,1,1
1194,木夭丑友什66aa33aa,1.452,190.0,1052.0,353.0,12.0,1,1,1
1195,木夭丑友什66aa33ab,2.675,39.0,179.0,57.0,4.0,1,1,1
1196,木夭丑友什66aa33ba,0.489,515.0,1292.0,280.0,21.0,1,1,1
1197,木夭丑友什66aa33bb,0.477,264.0,1125.0,328.0,25.0,1,1,1
1198,木夭丑友什66aa34aa,0.476,89.0,630.0,241.0,16.0,1,1,1
1199,木夭丑友什66aa34ab,0.476,125.0,816.0,325.0,11.0,1,1,1
1203,木夭丑友什66aa35ab,1.197,0.0,0.0,0.0,14.0,1,0,0
1204,木夭丑友什66aa35ba,2.376,20.0,37.0,0.0,15.0,1,1,1
1225,木夭丑友什66ab26ab,0.969,182.0,813.0,193.0,9.0,0,0,0
1226,木夭丑友什66ab26ba,2.311,326.0,893.0,183.0,10.0,0,0,0
1227,木夭丑友什66ab26bb,1.099,237.0,638.0,169.0,25.0,0,1,1
1229,木夭丑友什66ab27ab,1.087,42.0,80.0,12.0,6.0,0,0,0
1230,木夭丑友什66ab27ba,1.087,11.0,12.0,0.0,2.0,0,0,0
1231,木夭丑友什66ab27bb,1.508,100.0,158.0,22.0,11.0,0,0,0
1232,木夭丑友什66ab28aa,1.508,18.0,38.0,11.0,4.0,0,0,0
1236,木夭丑友什66ab29aa,1.724,314.0,1018.0,260.0,17.0,0,1,1
1237,木夭丑友什66ab29ab,1.724,272.0,1022.0,319.0,32.0,0,1,1
1238,木夭丑友什66ab29ba,1.153,325.0,1071.0,210.0,20.0,0,1,1
1239,木夭丑友什66ab29bb,1.153,171.0,735.0,166.0,23.0,0,0,0
1240,木夭丑友什66ab30aa,1.278,195.0,829.0,240.0,15.0,0,1,1
1241,木夭丑友什66ab30ab,1.232,284.0,1178.0,399.0,21.0,0,1,1
1242,木夭丑友什66ab30ba,2.296,231.0,985.0,368.0,20.0,0,1,1
1243,木夭丑友什66ab30bb,2.296,275.0,848.0,224.0,19.0,0,1,1
1244,木夭丑友什66ab31aa,1.33,123.0,376.0,128.0,15.0,0,0,0
1247,木夭丑友什66ab31bb,3.157,9.0,118.0,6.0,26.0,1,0,0
1248,木夭丑友什66ab32aa,2.501,0.0,0.0,0.0,4.0,1,1,1
1249,木夭丑友什66ab32ab,2.17,27.0,119.0,44.0,1.0,1,0,0
1250,木夭丑友什66ab32ba,1.452,106.0,527.0,166.0,15.0,1,0,0
1251,木夭丑友什66ab32bb,1.452,243.0,938.0,221.0,28.0,1,0,0
1252,木夭丑友什66ab33aa,1.452,276.0,997.0,303.0,20.0,0,0,0
1253,木夭丑友什66ab33ab,2.675,212.0,621.0,146.0,35.0,0,0,0
1254,木夭丑友什66ab33ba,0.698,321.0,1075.0,294.0,18.0,0,0,0
1255,木夭丑友什66ab33bb,0.477,223.0,693.0,149.0,11.0,0,0,0
1256,木夭丑友什66ab34aa,0.477,419.0,1100.0,247.0,37.0,0,0,0
1257,木夭丑友什66ab34ab,0.477,417.0,1042.0,222.0,18.0,0,1,1
1259,木夭丑友什66ab34bb,0.649,0.0,6.0,0.0,7.0,0,0,0
1261,木夭丑友什66ab35ab,1.305,0.0,0.0,0.0,2.0,1,0,0
1271,木夭丑友什66ab37bb,1.379,189.0,397.0,72.0,9.0,1,1,1
1273,木夭丑友什66ab38ab,1.644,0.0,0.0,0.0,5.0,1,0,0
1277,木夭丑友什66ab39ab,2.174,0.0,0.0,0.0,8.0,0,0,0
1284,木夭丑友什66ba26ba,2.234,86.0,138.0,26.0,20.0,0,0,0
1285,木夭丑友什66ba26bb,1.099,171.0,426.0,85.0,16.0,0,1,1
1286,木夭丑友什66ba27aa,1.087,210.0,399.0,51.0,13.0,0,0,0
1288,木夭丑友什66ba27ba,1.087,266.0,185.0,0.0,1.0,1,0,0
1289,木夭丑友什66ba27bb,2.316,0.0,0.0,0.0,1.0,0,0,0
1292,木夭丑友什66ba28ba,1.965,6.0,18.0,0.0,4.0,0,0,0
1293,木夭丑友什66ba28bb,1.253,179.0,656.0,110.0,117.0,0,1,1
1294,木夭丑友什66ba29aa,1.253,134.0,568.0,160.0,18.0,0,0,0
1295,木夭丑友什66ba29ab,1.253,193.0,782.0,193.0,9.0,0,0,0
1296,木夭丑友什66ba29ba,0.901,254.0,946.0,200.0,19.0,0,0,0
1297,木夭丑友什66ba29bb,0.901,199.0,1029.0,328.0,17.0,0,1,1
1298,木夭丑友什66ba30aa,0.861,132.0,753.0,220.0,17.0,0,1,1
1299,木夭丑友什66ba30ab,0.939,240.0,1150.0,443.0,11.0,0,1,1
1300,木夭丑友什66ba30ba,1.952,175.0,656.0,222.0,11.0,0,0,0
1303,木夭丑友什66ba31ab,0.555,165.0,477.0,115.0,5.0,0,0,0
1304,木夭丑友什66ba31ba,0.555,204.0,730.0,46.0,17.0,0,0,0
1305,木夭丑友什66ba31bb,2.457,8.0,43.0,0.0,24.0,0,1,1
1306,木夭丑友什66ba32aa,2.261,31.0,149.0,0.0,23.0,0,1,1
1307,木夭丑友什66ba32ab,2.17,403.0,1700.0,286.0,14.0,0,0,0
1308,木夭丑友什66ba32ba,2.17,34.0,127.0,17.0,6.0,0,1,1
1309,木夭丑友什66ba32bb,2.17,311.0,635.0,92.0,18.0,0,1,1
1310,木夭丑友什66ba33aa,2.442,160.0,597.0,160.0,13.0,0,1,1
1311,木夭丑友什66ba33ab,2.675,190.0,437.0,76.0,13.0,0,0,0
1312,木夭丑友什66ba33ba,0.9,213.0,749.0,199.0,13.0,0,1,1
1313,木夭丑友什66ba33bb,0.923,300.0,901.0,218.0,10.0,0,1,1
1314,木夭丑友什66ba34aa,0.923,239.0,499.0,102.0,22.0,0,1,1
1315,木夭丑友什66ba34ab,0.649,373.0,704.0,128.0,37.0,0,0,0
1317,木夭丑友什66ba34bb,0.649,0.0,0.0,0.0,3.0,1,0,0
1318,木夭丑友什66ba35aa,0.757,344.0,1007.0,317.0,14.0,0,0,0
1319,木夭丑友什66ba35ab,1.407,116.0,389.0,124.0,20.0,0,0,0
1328,木夭丑友什66ba37ba,1.128,65.0,150.0,38.0,2.0,0,0,0
1329,木夭丑友什66ba37bb,1.128,195.0,497.0,70.0,37.0,0,1,1
1330,木夭丑友什66ba38aa,1.128,0.0,0.0,0.0,1.0,1,0,0
1335,木夭丑友什66ba39ab,3.975,19.0,46.0,0.0,11.0,0,0,0
1343,木夭丑友什66bb26ba,2.234,6.0,23.0,0.0,12.0,1,0,0
1344,木夭丑友什66bb26bb,0.733,130.0,315.0,62.0,52.0,0,1,1
1345,木夭丑友什66bb27aa,1.087,132.0,346.0,52.0,32.0,1,1,1
1346,木夭丑友什66bb27ab,1.087,136.0,181.0,21.0,12.0,0,1,1
1351,木夭丑友什66bb28ba,1.804,35.0,98.0,14.0,19.0,0,1,1
1352,木夭丑友什66bb28bb,1.253,139.0,493.0,70.0,91.0,0,1,1
1353,木夭丑友什66bb29aa,1.253,131.0,432.0,70.0,69.0,0,1,1
1354,木夭丑友什66bb29ab,1.253,0.0,11.0,0.0,2.0,0,0,0
1355,木夭丑友什66bb29ba,0.47,195.0,756.0,120.0,116.0,0,1,1
1356,木夭丑友什66bb29bb,0.47,114.0,1007.0,385.0,26.0,0,0,0
1357,木夭丑友什66bb30aa,0.234,275.0,1227.0,366.0,18.0,0,1,1
1358,木夭丑友什66bb30ab,1.083,173.0,743.0,250.0,20.0,0,0,0
1361,木夭丑友什66bb31aa,1.291,149.0,486.0,120.0,19.0,0,0,0
1362,木夭丑友什66bb31ab,1.291,381.0,1120.0,256.0,11.0,0,0,0
1363,木夭丑友什66bb31ba,1.291,285.0,1155.0,300.0,14.0,0,1,1
1364,木夭丑友什66bb31bb,2.786,116.0,592.0,130.0,22.0,0,1,1
1365,木夭丑友什66bb32aa,2.261,268.0,1055.0,234.0,27.0,0,1,1
1366,木夭丑友什66bb32ab,2.279,272.0,931.0,220.0,27.0,0,1,1
1367,木夭丑友什66bb32ba,2.279,248.0,631.0,110.0,15.0,0,1,1
1368,木夭丑友什66bb32bb,2.279,161.0,521.0,89.0,17.0,0,0,0
1369,木夭丑友什66bb33aa,1.797,119.0,459.0,129.0,11.0,0,1,1
1370,木夭丑友什66bb33ab,1.28,103.0,303.0,97.0,26.0,0,1,1
1371,木夭丑友什66bb33ba,1.28,199.0,543.0,122.0,25.0,0,0,0
1372,木夭丑友什66bb33bb,2.199,176.0,607.0,145.0,13.0,0,1,1
1373,木夭丑友什66bb34aa,2.199,171.0,485.0,122.0,19.0,0,0,0
1374,木夭丑友什66bb34ab,2.199,158.0,363.0,109.0,20.0,0,1,1
1375,木夭丑友什66bb34ba,0.649,97.0,179.0,30.0,19.0,0,1,1
1376,木夭丑友什66bb34bb,0.649,72.0,381.0,14.0,11.0,0,1,1
1377,木夭丑友什66bb35aa,1.504,330.0,969.0,252.0,66.0,0,1,1
1378,木夭丑友什66bb35ab,1.504,153.0,632.0,149.0,45.0,1,1,1
1379,木夭丑友什66bb35ba,1.504,28.0,198.0,47.0,33.0,1,1,1
1380,木夭丑友什66bb35bb,7.37,0.0,0.0,0.0,2.0,1,0,0
1383,木夭丑友什66bb36ba,2.09,65.0,306.0,103.0,47.0,1,0,0
1384,木夭丑友什66bb36bb,1.42,318.0,550.0,53.0,48.0,0,1,1
1385,木夭丑友什66bb37aa,0.762,311.0,668.0,75.0,115.0,0,1,1
1386,木夭丑友什66bb37ab,0.762,66.0,184.0,27.0,31.0,0,1,1
1387,木夭丑友什66bb37ba,8.574,205.0,396.0,44.0,39.0,0,1,1
1388,木夭丑友什66bb37bb,8.574,566.0,1286.0,155.0,143.0,0,1,1
1389,木夭丑友什66bb38aa,7.724,606.0,1161.0,95.0,222.0,0,1,1
1390,木夭丑友什66bb38ab,0.69,331.0,595.0,57.0,189.0,0,1,1
1391,木夭丑友什66bb38ba,0.69,151.0,275.0,12.0,71.0,0,1,1
1392,木夭丑友什66bb38bb,3.975,0.0,0.0,0.0,8.0,1,0,0
1394,木夭丑友什66bb39ab,0.207,24.0,52.0,0.0,18.0,0,1,1
1395,木夭丑友什66bb39ba,4.92,0.0,0.0,0.0,1.0,0,0,0
1396,木夭丑友什66bb39bb,0.904,0.0,14.0,0.0,10.0,1,0,0
1397,木夭丑友什66bb40aa,0.904,0.0,8.0,0.0,15.0,1,0,0
1398,木夭丑友什66bb40ab,0.904,0.0,0.0,0.0,12.0,1,0,0
1399,木夭丑友什66bb40ba,0.952,0.0,0.0,0.0,2.0,1,0,0
1400,木夭丑友什66bb40bb,1.988,0.0,0.0,0.0,13.0,1,1,1
1402,木夭丑友什67aa26ba,2.713,0.0,0.0,0.0,1.0,1,0,0
1403,木夭丑友什67aa26bb,2.908,6.0,21.0,0.0,13.0,1,0,0
1404,木夭丑友什67aa27aa,0.733,20.0,49.0,6.0,19.0,1,0,0
1405,木夭丑友什67aa27ab,1.045,0.0,0.0,0.0,2.0,1,0,0
1411,木夭丑友什67aa28bb,1.253,0.0,12.0,0.0,2.0,0,0,0
1412,木夭丑友什67aa29aa,1.253,0.0,16.0,0.0,3.0,0,1,1
1413,木夭丑友什67aa29ab,1.253,91.0,333.0,48.0,52.0,0,1,1
1414,木夭丑友什67aa29ba,0.234,217.0,722.0,88.0,119.0,0,1,1
1415,木夭丑友什67aa29bb,0.234,39.0,182.0,55.0,21.0,0,1,1
1416,木夭丑友什67aa30aa,0.234,132.0,763.0,242.0,19.0,0,1,1
1417,木夭丑友什67aa30ab,1.083,369.0,1367.0,366.0,40.0,0,1,1
1418,木夭丑友什67aa30ba,1.495,105.0,479.0,168.0,3.0,0,0,0
1419,木夭丑友什67aa30bb,0.902,76.0,346.0,109.0,3.0,0,0,0
1420,木夭丑友什67aa31aa,1.291,302.0,1205.0,408.0,18.0,0,1,1
1421,木夭丑友什67aa31ab,1.291,235.0,821.0,206.0,9.0,0,0,0
1422,木夭丑友什67aa31ba,1.291,269.0,901.0,277.0,14.0,0,1,1
1423,木夭丑友什67aa31bb,2.786,160.0,693.0,163.0,64.0,0,1,1
1424,木夭丑友什67aa32aa,2.786,45.0,173.0,54.0,4.0,0,1,1
1425,木夭丑友什67aa32ab,2.279,132.0,442.0,78.0,13.0,0,0,0
1426,木夭丑友什67aa32ba,2.279,116.0,573.0,160.0,10.0,0,0,0
1427,木夭丑友什67aa32bb,2.279,200.0,696.0,217.0,12.0,0,0,0
1428,木夭丑友什67aa33aa,1.797,124.0,631.0,217.0,16.0,0,1,1
1429,木夭丑友什67aa33ab,2.136,95.0,447.0,150.0,28.0,0,0,0
1430,木夭丑友什67aa33ba,1.414,225.0,537.0,122.0,7.0,0,0,0
1431,木夭丑友什67aa33bb,1.414,207.0,615.0,168.0,11.0,0,0,0
1432,木夭丑友什67aa34aa,1.414,279.0,1013.0,285.0,19.0,0,1,1
1433,木夭丑友什67aa34ab,2.199,406.0,1109.0,290.0,16.0,0,1,1
1434,木夭丑友什67aa34ba,0.31,89.0,295.0,44.0,17.0,0,1,1
1435,木夭丑友什67aa34bb,0.31,38.0,190.0,0.0,16.0,0,1,1
1436,木夭丑友什67aa35aa,1.504,362.0,895.0,175.0,11.0,0,0,0
1437,木夭丑友什67aa35ab,1.504,199.0,748.0,186.0,54.0,0,0,0
1438,木夭丑友什67aa35ba,1.504,22.0,274.0,42.0,16.0,1,1,1
1442,木夭丑友什67aa36ba,1.368,9.0,164.0,0.0,3.0,1,1,1
1443,木夭丑友什67aa36bb,1.368,196.0,404.0,23.0,77.0,0,1,1
1444,木夭丑友什67aa37aa,0.762,303.0,524.0,28.0,109.0,0,1,1
1445,木夭丑友什67aa37ab,0.762,237.0,653.0,92.0,116.0,0,1,1
1446,木夭丑友什67aa37ba,0.198,584.0,1329.0,177.0,256.0,0,1,1
1447,木夭丑友什67aa37bb,0.447,388.0,849.0,94.0,127.0,0,1,1
1448,木夭丑友什67aa38aa,0.447,571.0,1323.0,124.0,275.0,0,1,1
1449,木夭丑友什67aa38ab,0.69,641.0,1151.0,83.0,491.0,0,1,1
1450,木夭丑友什67aa38ba,0.69,356.0,694.0,76.0,250.0,0,1,1
1451,木夭丑友什67aa38bb,3.975,230.0,765.0,98.0,81.0,0,1,1
1452,木夭丑友什67aa39aa,1.322,0.0,18.0,0.0,2.0,0,0,0
1453,木夭丑友什67aa39ab,0.207,48.0,242.0,25.0,35.0,1,1,1
1454,木夭丑友什67aa39ba,0.207,196.0,743.0,96.0,105.0,0,1,1
1455,木夭丑友什67aa39bb,3.506,102.0,398.0,54.0,50.0,0,1,1
1456,木夭丑友什67aa40aa,3.506,66.0,212.0,30.0,22.0,0,0,0
1457,木夭丑友什67aa40ab,3.506,182.0,826.0,166.0,112.0,1,1,1
1458,木夭丑友什67aa40ba,1.674,176.0,741.0,165.0,105.0,1,1,1
1459,木夭丑友什67aa40bb,1.674,129.0,392.0,90.0,60.0,1,1,1
1460,木夭丑友什67aa41aa,1.634,25.0,75.0,17.0,12.0,1,1,1
1473,木夭丑友什67ab29ba,0.793,101.0,414.0,57.0,63.0,0,1,1
1475,木夭丑友什67ab30aa,1.0,97.0,254.0,67.0,12.0,0,0,0
1476,木夭丑友什67ab30ab,1.0,229.0,1146.0,369.0,24.0,0,0,0
1477,木夭丑友什67ab30ba,1.0,293.0,1138.0,342.0,21.0,0,1,1
1478,木夭丑友什67ab30bb,0.902,358.0,1130.0,245.0,15.0,0,0,0
1479,木夭丑友什67ab31aa,1.291,269.0,851.0,190.0,12.0,0,1,1
1480,木夭丑友什67ab31ab,1.291,328.0,1455.0,402.0,21.0,0,0,0
1481,木夭丑友什67ab31ba,1.291,124.0,505.0,146.0,19.0,0,1,1
1482,木夭丑友什67ab31bb,2.786,49.0,218.0,40.0,36.0,0,1,1
1484,木夭丑友什67ab32ab,2.279,23.0,72.0,10.0,6.0,1,0,0
1485,木夭丑友什67ab32ba,2.279,16.0,49.0,9.0,18.0,1,1,1
1486,木夭丑友什67ab32bb,2.279,26.0,85.0,15.0,15.0,1,1,1
1487,木夭丑友什67ab33aa,1.797,23.0,87.0,14.0,14.0,1,1,1
1488,木夭丑友什67ab33ab,2.136,101.0,298.0,66.0,57.0,1,1,1
1489,木夭丑友什67ab33ba,1.414,0.0,12.0,0.0,7.0,1,0,0
1491,木夭丑友什67ab34aa,1.414,68.0,285.0,90.0,14.0,0,0,0
1492,木夭丑友什67ab34ab,0.892,535.0,1123.0,195.0,21.0,0,1,1
1493,木夭丑友什67ab34ba,0.892,400.0,876.0,77.0,94.0,0,1,1
1494,木夭丑友什67ab34bb,0.892,133.0,535.0,39.0,103.0,0,1,1
1495,木夭丑友什67ab35aa,1.772,485.0,905.0,151.0,31.0,0,1,1
1496,木夭丑友什67ab35ab,1.772,264.0,909.0,256.0,21.0,0,1,1
1497,木夭丑友什67ab35ba,1.504,156.0,772.0,276.0,61.0,1,1,1
1498,木夭丑友什67ab35bb,2.115,31.0,133.0,26.0,26.0,1,1,1
1501,木夭丑友什67ab36ba,1.485,140.0,362.0,26.0,43.0,0,1,1
1502,木夭丑友什67ab36bb,1.485,646.0,1368.0,135.0,184.0,0,1,1
1503,木夭丑友什67ab37aa,0.762,305.0,546.0,25.0,176.0,0,1,1
1504,木夭丑友什67ab37ab,0.762,140.0,249.0,16.0,107.0,0,1,1
1505,木夭丑友什67ab37ba,0.198,647.0,1066.0,96.0,488.0,0,1,1
1506,木夭丑友什67ab37bb,0.447,587.0,1117.0,118.0,342.0,0,1,1
1507,木夭丑友什67ab38aa,0.447,402.0,736.0,68.0,254.0,0,1,1
1508,木夭丑友什67ab38ab,0.606,452.0,898.0,132.0,224.0,0,1,1
1509,木夭丑友什67ab38ba,0.606,724.0,1456.0,130.0,570.0,0,1,1
1510,木夭丑友什67ab38bb,0.907,389.0,953.0,114.0,309.0,0,1,1
1512,木夭丑友什67ab39ab,0.207,40.0,138.0,14.0,14.0,1,1,1
1513,木夭丑友什67ab39ba,0.207,123.0,406.0,41.0,49.0,1,1,1
1516,木夭丑友什67ab40ab,1.674,26.0,85.0,21.0,18.0,0,1,1
1517,木夭丑友什67ab40ba,1.67,44.0,123.0,16.0,16.0,1,1,1
1518,木夭丑友什67ab40bb,2.316,59.0,206.0,22.0,31.0,1,1,1
1534,木夭丑友什67ba29bb,1.362,10.0,24.0,8.0,5.0,0,1,1
1535,木夭丑友什67ba30aa,1.373,116.0,283.0,58.0,37.0,0,1,1
1536,木夭丑友什67ba30ab,1.373,241.0,759.0,207.0,16.0,0,1,1
1537,木夭丑友什67ba30ba,1.373,235.0,855.0,216.0,21.0,0,1,1
1538,木夭丑友什67ba30bb,1.394,256.0,771.0,128.0,25.0,0,1,1
1539,木夭丑友什67ba31aa,1.394,249.0,1022.0,293.0,20.0,0,1,1
1540,木夭丑友什67ba31ab,1.141,73.0,274.0,75.0,6.0,0,0,0
1541,木夭丑友什67ba31ba,1.604,10.0,18.0,0.0,7.0,0,1,1
1542,木夭丑友什67ba31bb,1.836,97.0,350.0,58.0,48.0,1,1,1
1543,木夭丑友什67ba32aa,2.58,8.0,15.0,0.0,2.0,0,0,0
1544,木夭丑友什67ba32ab,2.92,62.0,144.0,15.0,21.0,0,0,0
1545,木夭丑友什67ba32ba,2.92,143.0,373.0,46.0,30.0,0,1,1
1546,木夭丑友什67ba32bb,2.97,42.0,91.0,20.0,12.0,1,1,1
1547,木夭丑友什67ba33aa,2.97,80.0,266.0,42.0,48.0,1,1,1
1548,木夭丑友什67ba33ab,2.136,41.0,113.0,13.0,23.0,0,1,1
1551,木夭丑友什67ba34aa,1.414,11.0,34.0,0.0,6.0,1,0,0
1552,木夭丑友什67ba34ab,0.892,277.0,756.0,119.0,20.0,0,0,0
1553,木夭丑友什67ba34ba,0.892,250.0,617.0,89.0,74.0,0,1,1
1554,木夭丑友什67ba34bb,0.892,130.0,472.0,60.0,112.0,0,1,1
1555,木夭丑友什67ba35aa,1.772,553.0,1569.0,341.0,20.0,0,0,0
1556,木夭丑友什67ba35ab,1.772,399.0,1284.0,308.0,23.0,1,0,0
1557,木夭丑友什67ba35ba,1.293,126.0,787.0,296.0,35.0,1,1,1
1558,木夭丑友什67ba35bb,14.277,14.0,88.0,30.0,17.0,1,0,0
1561,木夭丑友什67ba36ba,2.772,140.0,313.0,23.0,49.0,0,1,1
1562,木夭丑友什67ba36bb,1.485,756.0,1458.0,120.0,259.0,0,1,1
1563,木夭丑友什67ba37aa,1.203,785.0,1467.0,138.0,162.0,0,0,0
1564,木夭丑友什67ba37ab,1.04,242.0,693.0,66.0,163.0,0,1,1
1565,木夭丑友什67ba37ba,0.361,614.0,1203.0,129.0,470.0,0,1,1
1566,木夭丑友什67ba37bb,0.327,738.0,1114.0,68.0,587.0,0,1,1
1567,木夭丑友什67ba38aa,0.362,395.0,723.0,71.0,176.0,0,1,1
1568,木夭丑友什67ba38ab,0.642,390.0,951.0,160.0,160.0,0,1,1
1569,木夭丑友什67ba38ba,0.642,593.0,1127.0,125.0,349.0,0,1,1
1570,木夭丑友什67ba38bb,1.274,637.0,1291.0,158.0,537.0,0,1,1
1571,木夭丑友什67ba39aa,1.322,126.0,711.0,209.0,51.0,1,1,1
1575,木夭丑友什67ba40aa,1.469,0.0,0.0,0.0,6.0,1,1,1
1580,木夭丑友什67ba41ab,1.083,56.0,207.0,22.0,1.0,1,0,0
1581,木夭丑友什67ba41ba,1.083,684.0,1444.0,122.0,23.0,1,0,0
1590,木夭丑友什67bb29bb,1.362,47.0,118.0,27.0,13.0,0,0,0
1591,木夭丑友什67bb30aa,1.75,201.0,561.0,119.0,17.0,0,0,0
1592,木夭丑友什67bb30ab,1.75,426.0,1604.0,383.0,35.0,0,1,1
1593,木夭丑友什67bb30ba,1.75,167.0,636.0,193.0,22.0,0,0,0
1594,木夭丑友什67bb30bb,1.394,289.0,1014.0,226.0,21.0,0,0,0
1595,木夭丑友什67bb31aa,1.394,123.0,426.0,71.0,38.0,0,1,1
1596,木夭丑友什67bb31ab,1.353,0.0,6.0,0.0,3.0,0,0,0
1597,木夭丑友什67bb31ba,1.604,16.0,18.0,0.0,21.0,0,1,1
1598,木夭丑友什67bb31bb,1.604,66.0,155.0,32.0,33.0,1,1,1
1600,木夭丑友什67bb32ab,2.873,61.0,192.0,36.0,22.0,1,1,1
1603,木夭丑友什67bb33aa,2.97,0.0,6.0,0.0,2.0,1,0,0
1604,木夭丑友什67bb33ab,2.433,17.0,55.0,11.0,11.0,1,0,0
1607,木夭丑友什67bb34aa,1.873,55.0,163.0,27.0,31.0,1,1,1
1608,木夭丑友什67bb34ab,0.892,120.0,376.0,49.0,32.0,1,1,1
1609,木夭丑友什67bb34ba,0.892,212.0,713.0,88.0,105.0,0,0,0
1610,木夭丑友什67bb34bb,0.892,198.0,698.0,118.0,117.0,0,1,1
1611,木夭丑友什67bb35aa,1.772,351.0,1147.0,286.0,19.0,0,1,1
1612,木夭丑友什67bb35ab,1.772,136.0,499.0,123.0,37.0,1,0,0
1613,木夭丑友什67bb35ba,1.602,258.0,1206.0,456.0,15.0,1,0,0
1614,木夭丑友什67bb35bb,14.277,30.0,119.0,42.0,16.0,1,0,0
1617,木夭丑友什67bb36ba,1.462,153.0,516.0,83.0,52.0,0,1,1
1618,木夭丑友什67bb36bb,1.462,364.0,868.0,146.0,102.0,0,1,1
1619,木夭丑友什67bb37aa,0.564,71.0,186.0,21.0,12.0,0,1,1
1620,木夭丑友什67bb37ab,0.564,147.0,523.0,44.0,95.0,0,1,1
1621,木夭丑友什67bb37ba,0.261,732.0,1374.0,112.0,587.0,0,1,1
1622,木夭丑友什67bb37bb,0.327,763.0,1401.0,124.0,611.0,0,1,1
1623,木夭丑友什67bb38aa,0.362,309.0,772.0,90.0,223.0,0,1,1
1624,木夭丑友什67bb38ab,0.642,574.0,1310.0,148.0,205.0,0,1,1
1625,木夭丑友什67bb38ba,0.642,603.0,1505.0,203.0,236.0,0,1,1
1626,木夭丑友什67bb38bb,0.642,738.0,1423.0,119.0,646.0,0,1,1
1627,木夭丑友什67bb39aa,1.628,204.0,485.0,45.0,228.0,0,1,1
1628,木夭丑友什67bb39ab,1.08,0.0,0.0,0.0,1.0,0,0,0
1631,木夭丑友什67bb40aa,1.469,0.0,0.0,0.0,18.0,1,0,0
1632,木夭丑友什67bb40ab,1.469,0.0,0.0,0.0,4.0,1,1,1
1633,木夭丑友什67bb40ba,1.805,10.0,10.0,0.0,14.0,0,1,1
1634,木夭丑友什67bb40bb,1.793,66.0,254.0,72.0,49.0,1,0,0
1635,木夭丑友什67bb41aa,1.793,81.0,262.0,68.0,16.0,1,0,0
1636,木夭丑友什67bb41ab,1.083,48.0,194.0,58.0,4.0,1,0,0
1637,木夭丑友什67bb41ba,1.083,533.0,1079.0,209.0,7.0,1,0,0
1640,木夭丑友什68aa29ba,2.043,78.0,216.0,25.0,30.0,0,1,1
1641,木夭丑友什68aa29bb,1.362,83.0,234.0,30.0,29.0,0,0,0
1642,木夭丑友什68aa30aa,1.75,430.0,1033.0,160.0,27.0,0,1,1
1643,木夭丑友什68aa30ab,1.75,148.0,358.0,48.0,13.0,0,1,1
1644,木夭丑友什68aa30ba,1.75,72.0,294.0,73.0,23.0,0,1,1
1645,木夭丑友什68aa30bb,1.937,172.0,640.0,113.0,73.0,0,1,1
1646,木夭丑友什68aa31aa,1.937,72.0,245.0,45.0,41.0,0,1,1
1648,木夭丑友什68aa31ba,2.295,35.0,94.0,20.0,13.0,1,0,0
1649,木夭丑友什68aa31bb,2.295,33.0,107.0,28.0,13.0,1,0,0
1658,木夭丑友什68aa34aa,1.844,37.0,155.0,25.0,20.0,0,1,1
1659,木夭丑友什68aa34ab,1.844,673.0,756.0,36.0,33.0,1,1,1
1660,木夭丑友什68aa34ba,1.844,285.0,849.0,163.0,49.0,0,0,0
1661,木夭丑友什68aa34bb,1.119,188.0,609.0,105.0,44.0,0,0,0
1662,木夭丑友什68aa35aa,1.576,171.0,527.0,89.0,12.0,0,1,1
1668,木夭丑友什68aa36ba,1.462,315.0,803.0,119.0,51.0,0,0,0
1669,木夭丑友什68aa36bb,1.462,172.0,423.0,94.0,17.0,0,1,1
1670,木夭丑友什68aa37aa,0.564,238.0,540.0,67.0,85.0,0,1,1
1671,木夭丑友什68aa37ab,0.564,428.0,1950.0,280.0,114.0,0,1,1
1672,木夭丑友什68aa37ba,0.387,296.0,751.0,76.0,177.0,0,1,1
1673,木夭丑友什68aa37bb,0.387,629.0,1344.0,121.0,561.0,0,1,1
1674,木夭丑友什68aa38aa,0.362,656.0,1286.0,131.0,534.0,0,1,1
1675,木夭丑友什68aa38ab,0.642,158.0,381.0,48.0,83.0,0,1,1
1676,木夭丑友什68aa38ba,0.642,526.0,1300.0,204.0,183.0,0,1,1
1677,木夭丑友什68aa38bb,0.642,591.0,1244.0,146.0,531.0,0,1,1
1678,木夭丑友什68aa39aa,0.827,451.0,1039.0,93.0,436.0,0,1,1
1682,木夭丑友什68aa40aa,1.469,28.0,27.0,0.0,14.0,1,0,0
1683,木夭丑友什68aa40ab,1.42,0.0,0.0,0.0,7.0,0,1,1
1684,木夭丑友什68aa40ba,1.805,32.0,526.0,28.0,12.0,1,0,0
1685,木夭丑友什68aa40bb,1.899,167.0,766.0,214.0,98.0,1,0,0
1686,木夭丑友什68aa41aa,1.899,66.0,278.0,79.0,38.0,1,0,0
1687,木夭丑友什68aa41ab,1.899,149.0,782.0,268.0,20.0,1,0,0
1688,木夭丑友什68aa41ba,1.255,204.0,1163.0,495.0,36.0,1,0,0
1692,木夭丑友什68ab29ba,2.043,76.0,236.0,25.0,35.0,0,1,1
1693,木夭丑友什68ab29bb,2.342,276.0,932.0,123.0,140.0,0,1,1
1694,木夭丑友什68ab30aa,1.75,249.0,480.0,63.0,19.0,0,1,1
1695,木夭丑友什68ab30ab,1.75,381.0,986.0,231.0,9.0,0,1,1
1696,木夭丑友什68ab30ba,1.75,156.0,546.0,98.0,48.0,0,1,1
1697,木夭丑友什68ab30bb,1.937,74.0,245.0,24.0,40.0,0,1,1
1698,木夭丑友什68ab31aa,1.937,9.0,19.0,0.0,3.0,0,0,0
1700,木夭丑友什68ab31ba,2.295,0.0,0.0,0.0,4.0,1,0,0
1710,木夭丑友什68ab34aa,1.844,57.0,174.0,56.0,8.0,0,1,1
1711,木夭丑友什68ab34ab,1.844,433.0,838.0,134.0,17.0,0,1,1
1712,木夭丑友什68ab34ba,1.844,113.0,529.0,130.0,12.0,1,1,1
1713,木夭丑友什68ab34bb,1.425,185.0,898.0,184.0,12.0,0,0,0
1714,木夭丑友什68ab35aa,1.441,153.0,449.0,76.0,9.0,0,0,0
1719,木夭丑友什68ab36ab,1.462,0.0,0.0,0.0,3.0,0,0,0
1720,木夭丑友什68ab36ba,1.462,150.0,343.0,51.0,57.0,0,1,1
1721,木夭丑友什68ab36bb,1.462,0.0,0.0,0.0,7.0,0,1,1
1722,木夭丑友什68ab37aa,0.947,238.0,507.0,57.0,98.0,0,1,1
1723,木夭丑友什68ab37ab,0.564,414.0,1077.0,177.0,170.0,0,1,1
1724,木夭丑友什68ab37ba,0.837,214.0,517.0,97.0,93.0,0,1,1
1725,木夭丑友什68ab37bb,0.837,517.0,954.0,66.0,380.0,0,1,1
1726,木夭丑友什68ab38aa,0.837,717.0,1573.0,228.0,489.0,0,1,1
1727,木夭丑友什68ab38ab,0.624,304.0,968.0,197.0,116.0,0,1,1
1728,木夭丑友什68ab38ba,0.624,562.0,1391.0,232.0,199.0,0,1,1
1729,木夭丑友什68ab38bb,0.376,500.0,1110.0,145.0,269.0,0,1,1
1730,木夭丑友什68ab39aa,0.827,67.0,135.0,6.0,63.0,0,1,1
1735,木夭丑友什68ab40ab,1.42,0.0,0.0,0.0,12.0,1,1,1
1736,木夭丑友什68ab40ba,1.805,52.0,501.0,41.0,3.0,1,0,0
1737,木夭丑友什68ab40bb,1.899,81.0,465.0,168.0,26.0,1,0,0
1738,木夭丑友什68ab41aa,1.899,35.0,175.0,55.0,8.0,1,0,0
1739,木夭丑友什68ab41ab,1.899,316.0,984.0,262.0,61.0,1,0,0
1740,木夭丑友什68ab41ba,0.518,40.0,250.0,50.0,7.0,1,0,0
1745,木夭丑友什68ba29bb,2.342,109.0,410.0,47.0,60.0,0,1,1
1746,木夭丑友什68ba30aa,2.342,281.0,779.0,130.0,109.0,0,1,1
1747,木夭丑友什68ba30ab,2.342,147.0,505.0,110.0,44.0,0,1,1
1748,木夭丑友什68ba30ba,1.977,90.0,313.0,43.0,46.0,0,1,1
1749,木夭丑友什68ba30bb,1.977,119.0,350.0,55.0,54.0,0,1,1
1762,木夭丑友什68ba34aa,1.844,146.0,392.0,78.0,17.0,0,1,1
1763,木夭丑友什68ba34ab,1.844,192.0,570.0,109.0,37.0,0,1,1
1764,木夭丑友什68ba34ba,1.844,33.0,44.0,9.0,8.0,0,0,0
1765,木夭丑友什68ba34bb,2.309,234.0,611.0,102.0,11.0,1,1,1
1766,木夭丑友什68ba35aa,1.441,32.0,150.0,53.0,2.0,1,0,0
1771,木夭丑友什68ba36ab,1.643,66.0,188.0,28.0,31.0,0,0,0
1772,木夭丑友什68ba36ba,1.643,130.0,322.0,51.0,78.0,0,1,1
1773,木夭丑友什68ba36bb,1.104,234.0,766.0,200.0,49.0,0,1,1
1775,木夭丑友什68ba37ab,0.803,73.0,167.0,24.0,14.0,0,0,0
1776,木夭丑友什68ba37ba,1.139,342.0,814.0,137.0,165.0,0,1,1
1777,木夭丑友什68ba37bb,1.139,42.0,84.0,0.0,195.0,0,1,1
1778,木夭丑友什68ba38aa,1.139,530.0,1019.0,85.0,459.0,0,1,1
1779,木夭丑友什68ba38ab,0.75,751.0,1435.0,128.0,566.0,0,1,1
1780,木夭丑友什68ba38ba,0.75,141.0,390.0,72.0,67.0,0,1,1
1781,木夭丑友什68ba38bb,0.75,344.0,950.0,177.0,96.0,0,1,1
1782,木夭丑友什68ba39aa,0.37,49.0,151.0,41.0,9.0,0,1,1
1783,木夭丑友什68ba39ab,1.149,525.0,1888.0,472.0,22.0,1,0,0
1784,木夭丑友什68ba39ba,1.299,142.0,556.0,154.0,3.0,1,0,0
1786,木夭丑友什68ba40aa,1.32,13.0,28.0,13.0,13.0,0,0,0
1787,木夭丑友什68ba40ab,1.32,223.0,681.0,148.0,26.0,1,0,0
1788,木夭丑友什68ba40ba,1.32,203.0,647.0,150.0,32.0,1,0,0
1789,木夭丑友什68ba40bb,1.899,237.0,1528.0,638.0,13.0,1,0,0
1790,木夭丑友什68ba41aa,1.899,57.0,382.0,170.0,4.0,1,0,0
1791,木夭丑友什68ba41ab,1.899,491.0,984.0,90.0,10.0,1,0,0
1792,木夭丑友什68ba41ba,0.518,923.0,1582.0,113.0,10.0,1,0,0
1797,木夭丑友什68bb30aa,2.342,41.0,157.0,13.0,28.0,0,1,1
1798,木夭丑友什68bb30ab,3.045,77.0,204.0,20.0,12.0,0,0,0
1803,木夭丑友什68bb31ba,2.315,0.0,0.0,0.0,9.0,0,0,0
1804,木夭丑友什68bb31bb,3.28,29.0,104.0,21.0,20.0,1,0,0
1813,木夭丑友什68bb34aa,2.013,130.0,473.0,131.0,22.0,0,1,1
1814,木夭丑友什68bb34ab,2.013,197.0,560.0,106.0,27.0,0,1,1
1815,木夭丑友什68bb34ba,2.013,12.0,18.0,0.0,8.0,0,0,0
1816,木夭丑友什68bb34bb,2.309,158.0,453.0,123.0,7.0,1,0,0
1817,木夭丑友什68bb35aa,1.441,182.0,797.0,226.0,53.0,1,1,1
1822,木夭丑友什68bb36ab,1.643,108.0,260.0,28.0,31.0,0,1,1
1823,木夭丑友什68bb36ba,1.643,298.0,696.0,104.0,87.0,0,1,1
1824,木夭丑友什68bb36bb,1.104,254.0,480.0,51.0,117.0,0,1,1
1826,木夭丑友什68bb37ab,2.016,212.0,747.0,217.0,36.0,0,0,0
1827,木夭丑友什68bb37ba,1.383,142.0,590.0,182.0,14.0,1,1,1
1828,木夭丑友什68bb37bb,1.383,13.0,22.0,0.0,213.0,0,1,1
1829,木夭丑友什68bb38aa,1.383,271.0,754.0,80.0,185.0,0,1,1
1830,木夭丑友什68bb38ab,1.027,611.0,1242.0,128.0,308.0,0,1,1
1831,木夭丑友什68bb38ba,0.75,36.0,83.0,16.0,3.0,0,1,1
1833,木夭丑友什68bb39aa,0.458,269.0,871.0,192.0,27.0,0,1,1
1834,木夭丑友什68bb39ab,0.458,563.0,2019.0,531.0,14.0,1,0,0
1835,木夭丑友什68bb39ba,1.299,212.0,692.0,166.0,6.0,1,0,0
1838,木夭丑友什68bb40ab,1.32,22.0,76.0,16.0,1.0,1,0,0
1839,木夭丑友什68bb40ba,1.32,26.0,140.0,40.0,60.0,1,0,0
1840,木夭丑友什68bb40bb,0.453,105.0,903.0,476.0,58.0,1,0,0
1841,木夭丑友什68bb41aa,0.453,53.0,404.0,182.0,31.0,1,0,0
1845,木夭丑友什69aa29ab,3.73,0.0,0.0,0.0,1.0,0,0,0
1851,木夭丑友什69aa30bb,2.788,0.0,0.0,0.0,1.0,0,0,0
1853,木夭丑友什69aa31ab,2.678,0.0,0.0,0.0,7.0,0,1,1
1854,木夭丑友什69aa31ba,2.678,56.0,143.0,42.0,54.0,0,1,1
1855,木夭丑友什69aa31bb,3.37,0.0,0.0,0.0,2.0,1,0,0
1856,木夭丑友什69aa32aa,3.37,0.0,57.0,30.0,14.0,1,0,0
1857,木夭丑友什69aa32ab,3.37,13.0,145.0,54.0,14.0,1,0,0
1863,木夭丑友什69aa33bb,3.524,0.0,7.0,0.0,6.0,0,0,0
1864,木夭丑友什69aa34aa,2.715,0.0,17.0,0.0,13.0,1,0,0
1865,木夭丑友什69aa34ab,2.715,102.0,269.0,46.0,20.0,0,0,0
1866,木夭丑友什69aa34ba,2.715,16.0,34.0,0.0,1.0,0,0,0
1867,木夭丑友什69aa34bb,2.309,246.0,503.0,43.0,4.0,1,0,0
1868,木夭丑友什69aa35aa,0.249,135.0,377.0,47.0,50.0,1,1,1
1869,木夭丑友什69aa35ab,0.249,66.0,244.0,45.0,47.0,1,1,1
1870,木夭丑友什69aa35ba,0.249,0.0,0.0,0.0,5.0,1,1,1
1873,木夭丑友什69aa36ab,1.643,56.0,90.0,12.0,9.0,0,1,1
1874,木夭丑友什69aa36ba,1.643,704.0,1915.0,403.0,73.0,0,1,1
1875,木夭丑友什69aa36bb,1.104,188.0,453.0,82.0,78.0,0,1,1
1876,木夭丑友什69aa37aa,0.929,222.0,700.0,181.0,21.0,0,1,1
1877,木夭丑友什69aa37ab,2.016,26.0,101.0,29.0,1.0,1,1,1
1878,木夭丑友什69aa37ba,1.383,73.0,341.0,114.0,17.0,1,1,1
1879,木夭丑友什69aa37bb,1.338,0.0,0.0,0.0,8.0,0,1,1
1880,木夭丑友什69aa38aa,1.338,88.0,228.0,39.0,202.0,0,1,1
1881,木夭丑友什69aa38ab,1.338,804.0,1891.0,316.0,37.0,0,0,0
1882,木夭丑友什69aa38ba,0.515,155.0,391.0,74.0,7.0,0,1,1
1884,木夭丑友什69aa39aa,0.854,60.0,88.0,9.0,34.0,0,1,1
1885,木夭丑友什69aa39ab,0.854,29.0,87.0,10.0,390.0,0,1,1
1886,木夭丑友什69aa39ba,0.587,19.0,47.0,0.0,398.0,0,1,1
1887,木夭丑友什69aa39bb,2.285,0.0,0.0,0.0,58.0,0,0,0
1890,木夭丑友什69aa40ba,1.32,0.0,15.0,0.0,5.0,1,0,0
1891,木夭丑友什69aa40bb,0.453,85.0,303.0,98.0,30.0,1,0,0
1892,木夭丑友什69aa41aa,0.453,148.0,535.0,173.0,37.0,1,0,0
1893,木夭丑友什69aa41ab,0.453,172.0,898.0,366.0,12.0,1,0,0
1894,木夭丑友什69aa41ba,0.808,91.0,625.0,259.0,17.0,1,0,0
1905,木夭丑友什69ab31bb,3.546,0.0,0.0,0.0,2.0,0,0,0
1906,木夭丑友什69ab32aa,3.546,14.0,25.0,0.0,12.0,1,0,0
1913,木夭丑友什69ab33bb,3.37,10.0,21.0,0.0,15.0,1,0,0
1914,木夭丑友什69ab34aa,3.37,164.0,415.0,69.0,11.0,0,1,1
1917,木夭丑友什69ab34bb,2.704,10.0,132.0,56.0,8.0,1,0,0
1918,木夭丑友什69ab35aa,0.249,234.0,718.0,220.0,30.0,1,1,1
1919,木夭丑友什69ab35ab,2.338,0.0,38.0,18.0,6.0,1,1,1
1924,木夭丑友什69ab36ba,1.933,182.0,503.0,94.0,6.0,0,0,0
1925,木夭丑友什69ab36bb,2.157,76.0,227.0,42.0,23.0,0,1,1
1926,木夭丑友什69ab37aa,1.787,31.0,111.0,31.0,1.0,1,0,0
1927,木夭丑友什69ab37ab,2.016,67.0,171.0,26.0,87.0,0,1,1
1928,木夭丑友什69ab37ba,1.383,239.0,464.0,56.0,438.0,0,1,1
1929,木夭丑友什69ab37bb,1.332,35.0,61.0,0.0,54.0,0,1,1
1930,木夭丑友什69ab38aa,1.332,443.0,612.0,37.0,301.0,0,1,1
1931,木夭丑友什69ab38ab,1.332,238.0,506.0,72.0,55.0,0,1,1
1932,木夭丑友什69ab38ba,0.92,0.0,0.0,0.0,2.0,0,0,0
1933,木夭丑友什69ab38bb,0.854,78.0,195.0,45.0,25.0,0,0,0
1934,木夭丑友什69ab39aa,0.854,91.0,214.0,46.0,35.0,0,1,1
1935,木夭丑友什69ab39ab,0.854,0.0,8.0,0.0,240.0,0,1,1
1936,木夭丑友什69ab39ba,0.203,630.0,1350.0,238.0,397.0,0,1,1
1937,木夭丑友什69ab39bb,0.88,285.0,691.0,128.0,322.0,0,1,1
1938,木夭丑友什69ab40aa,1.067,0.0,0.0,0.0,1.0,1,0,0
1941,木夭丑友什69ab40bb,0.453,79.0,260.0,90.0,12.0,1,0,0
1942,木夭丑友什69ab41aa,0.453,260.0,715.0,215.0,9.0,1,0,0
1943,木夭丑友什69ab41ab,0.761,229.0,1079.0,414.0,20.0,1,0,0
1944,木夭丑友什69ab41ba,0.915,130.0,720.0,263.0,17.0,1,0,0
1947,木夭丑友什69ba30ab,5.537,0.0,0.0,0.0,2.0,0,0,0
1954,木夭丑友什69ba32aa,3.546,0.0,26.0,12.0,1.0,0,0,0
1961,木夭丑友什69ba33bb,3.37,20.0,71.0,13.0,11.0,0,1,1
1962,木夭丑友什69ba34aa,3.37,0.0,11.0,0.0,11.0,1,1,1
1966,木夭丑友什69ba35aa,0.682,286.0,840.0,178.0,32.0,1,1,1
1967,木夭丑友什69ba35ab,2.338,192.0,669.0,215.0,7.0,1,0,0
1968,木夭丑友什69ba35ba,3.156,0.0,9.0,0.0,6.0,1,0,0
1969,木夭丑友什69ba35bb,3.232,0.0,0.0,0.0,5.0,1,0,0
1973,木夭丑友什69ba36bb,2.157,8.0,11.0,0.0,5.0,0,1,1
1974,木夭丑友什69ba37aa,0.925,428.0,1312.0,238.0,114.0,0,1,1
1975,木夭丑友什69ba37ab,0.925,372.0,691.0,95.0,566.0,0,1,1
1976,木夭丑友什69ba37ba,1.307,288.0,468.0,46.0,449.0,0,1,1
1977,木夭丑友什69ba37bb,1.332,320.0,590.0,54.0,372.0,0,1,1
1978,木夭丑友什69ba38aa,1.332,773.0,1539.0,185.0,343.0,0,1,1
1979,木夭丑友什69ba38ab,1.332,297.0,504.0,85.0,121.0,0,1,1
1980,木夭丑友什69ba38ba,0.92,292.0,614.0,85.0,77.0,0,1,1
1981,木夭丑友什69ba38bb,0.293,525.0,1263.0,224.0,109.0,0,1,1
1982,木夭丑友什69ba39aa,0.293,576.0,1791.0,475.0,37.0,1,0,0
1983,木夭丑友什69ba39ab,0.854,140.0,486.0,125.0,9.0,1,1,1
1984,木夭丑友什69ba39ba,0.756,32.0,82.0,13.0,7.0,0,1,1
1985,木夭丑友什69ba39bb,0.939,228.0,582.0,58.0,84.0,0,1,1
1986,木夭丑友什69ba40aa,0.939,170.0,438.0,53.0,64.0,0,1,1
1987,木夭丑友什69ba40ab,1.499,202.0,369.0,28.0,27.0,0,1,1
1988,木夭丑友什69ba40ba,0.899,0.0,0.0,0.0,1.0,1,0,0
1990,木夭丑友什69ba41aa,1.235,112.0,262.0,68.0,3.0,1,0,0
1991,木夭丑友什69ba41ab,1.235,147.0,428.0,119.0,4.0,1,0,0
2005,木夭丑友什69bb33ba,3.37,7.0,28.0,0.0,3.0,0,0,0
2007,木夭丑友什69bb34aa,3.37,7.0,13.0,0.0,16.0,0,0,0
2010,木夭丑友什69bb34bb,3.095,489.0,1001.0,168.0,24.0,1,1,1
2011,木夭丑友什69bb35aa,1.556,147.0,478.0,126.0,29.0,1,1,1
2014,木夭丑友什69bb35bb,3.232,0.0,0.0,0.0,1.0,1,0,0
2019,木夭丑友什69bb37aa,1.108,41.0,128.0,13.0,41.0,0,1,1
2020,木夭丑友什69bb37ab,1.108,546.0,1191.0,128.0,313.0,0,1,1
2021,木夭丑友什69bb37ba,0.415,429.0,1005.0,114.0,262.0,0,1,1
2022,木夭丑友什69bb37bb,1.332,405.0,840.0,117.0,219.0,0,1,1
2023,木夭丑友什69bb38aa,1.332,433.0,1100.0,178.0,101.0,0,1,1
2024,木夭丑友什69bb38ab,1.332,170.0,346.0,43.0,54.0,0,1,1
2025,木夭丑友什69bb38ba,0.92,839.0,1671.0,180.0,283.0,0,1,1
2026,木夭丑友什69bb38bb,0.293,566.0,1223.0,138.0,272.0,0,1,1
2027,木夭丑友什69bb39aa,0.679,332.0,812.0,131.0,164.0,0,1,1
2028,木夭丑友什69bb39ab,0.51,117.0,283.0,38.0,57.0,0,1,1
2029,木夭丑友什69bb39ba,0.51,257.0,461.0,56.0,121.0,0,1,1
2030,木夭丑友什69bb39bb,0.51,424.0,1154.0,199.0,118.0,0,1,1
2031,木夭丑友什69bb40aa,1.837,128.0,241.0,16.0,30.0,0,0,0
2032,木夭丑友什69bb40ab,1.542,70.0,196.0,25.0,27.0,0,1,1
2048,木夭丑友什70aa33ba,4.239,0.0,0.0,0.0,1.0,1,0,0
2049,木夭丑友什70aa33bb,4.239,0.0,0.0,0.0,3.0,1,0,0
2052,木夭丑友什70aa34ba,3.461,42.0,85.0,10.0,1.0,1,0,0
2053,木夭丑友什70aa34bb,3.465,210.0,541.0,120.0,24.0,1,1,1
2056,木夭丑友什70aa35ba,1.56,0.0,0.0,0.0,2.0,1,0,0
2062,木夭丑友什70aa37aa,0.663,131.0,389.0,68.0,70.0,0,1,1
2063,木夭丑友什70aa37ab,0.637,568.0,1473.0,242.0,253.0,0,1,1
2064,木夭丑友什70aa37ba,0.637,585.0,1402.0,202.0,436.0,0,1,1
2065,木夭丑友什70aa37bb,0.39,528.0,1313.0,187.0,314.0,0,1,1
2066,木夭丑友什70aa38aa,0.39,257.0,654.0,120.0,125.0,0,1,1
2067,木夭丑友什70aa38ab,0.39,45.0,71.0,0.0,15.0,0,1,1
2068,木夭丑友什70aa38ba,0.427,580.0,1303.0,161.0,236.0,0,1,1
2069,木夭丑友什70aa38bb,0.672,388.0,964.0,117.0,154.0,0,1,1
2070,木夭丑友什70aa39aa,0.49,577.0,1454.0,220.0,132.0,0,1,1
2071,木夭丑友什70aa39ab,0.49,423.0,1014.0,165.0,136.0,0,1,1
2072,木夭丑友什70aa39ba,0.49,490.0,1053.0,108.0,172.0,0,1,1
2073,木夭丑友什70aa39bb,0.51,687.0,1555.0,236.0,242.0,0,1,1
2074,木夭丑友什70aa40aa,0.517,283.0,693.0,113.0,102.0,0,1,1
2075,木夭丑友什70aa40ab,1.837,0.0,0.0,0.0,1.0,0,0,0
2089,木夭丑友什70ab33ab,5.322,0.0,0.0,0.0,3.0,1,0,0
2094,木夭丑友什70ab34ba,1.349,232.0,597.0,111.0,6.0,1,0,0
2095,木夭丑友什70ab34bb,3.465,115.0,239.0,25.0,2.0,1,0,0
2099,木夭丑友什70ab35bb,1.28,0.0,0.0,0.0,5.0,1,0,0
2104,木夭丑友什70ab37aa,0.514,145.0,384.0,61.0,92.0,0,1,1
2105,木夭丑友什70ab37ab,0.637,370.0,1042.0,204.0,185.0,0,1,1
2106,木夭丑友什70ab37ba,0.637,477.0,1256.0,215.0,402.0,0,1,1
2107,木夭丑友什70ab37bb,0.345,535.0,1096.0,150.0,381.0,0,1,1
2108,木夭丑友什70ab38aa,0.345,432.0,935.0,116.0,214.0,0,1,1
2110,木夭丑友什70ab38ba,0.427,332.0,936.0,135.0,157.0,0,1,1
2111,木夭丑友什70ab38bb,0.672,477.0,1220.0,176.0,192.0,0,1,1
2112,木夭丑友什70ab39aa,0.49,397.0,1002.0,158.0,169.0,0,1,1
2113,木夭丑友什70ab39ab,0.49,330.0,905.0,144.0,60.0,0,1,1
2114,木夭丑友什70ab39ba,0.49,765.0,1820.0,251.0,164.0,0,1,1
2115,木夭丑友什70ab39bb,0.502,493.0,1005.0,142.0,187.0,0,1,1
2116,木夭丑友什70ab40aa,0.517,184.0,448.0,74.0,67.0,0,1,1
2117,木夭丑友什70ab40ab,0.931,80.0,183.0,15.0,42.0,0,1,1
2135,木夭丑友什70ba34ba,10.051,132.0,179.0,10.0,6.0,0,1,1
2136,木夭丑友什70ba34bb,3.465,0.0,0.0,0.0,1.0,0,1,1
2138,木夭丑友什70ba35ab,1.56,0.0,0.0,0.0,1.0,0,0,0
2140,木夭丑友什70ba35bb,3.016,0.0,0.0,0.0,14.0,1,0,0
2144,木夭丑友什70ba36bb,0.944,0.0,0.0,0.0,10.0,0,1,1
2145,木夭丑友什70ba37aa,0.944,0.0,0.0,0.0,8.0,0,0,0
2147,木夭丑友什70ba37ba,0.637,154.0,327.0,37.0,77.0,0,1,1
2148,木夭丑友什70ba37bb,0.345,614.0,1378.0,284.0,125.0,0,1,1
2149,木夭丑友什70ba38aa,0.345,640.0,1186.0,197.0,190.0,0,1,1
2150,木夭丑友什70ba38ab,0.345,68.0,173.0,28.0,3.0,0,1,1
2151,木夭丑友什70ba38ba,0.831,208.0,521.0,65.0,105.0,0,1,1
2152,木夭丑友什70ba38bb,0.672,34.0,95.0,17.0,18.0,0,0,0
2153,木夭丑友什70ba39aa,0.49,540.0,1315.0,177.0,276.0,0,1,1
2154,木夭丑友什70ba39ab,0.49,308.0,888.0,130.0,124.0,0,1,1
2155,木夭丑友什70ba39ba,0.49,444.0,1140.0,139.0,154.0,0,1,1
2156,木夭丑友什70ba39bb,0.502,499.0,1145.0,186.0,119.0,0,1,1
2157,木夭丑友什70ba40aa,1.106,589.0,1163.0,154.0,136.0,0,1,1
2158,木夭丑友什70ba40ab,1.106,339.0,748.0,85.0,140.0,0,1,1
2159,木夭丑友什70ba40ba,1.282,165.0,422.0,75.0,30.0,0,0,0
2174,木夭丑友什70bb34ba,10.051,0.0,0.0,0.0,1.0,0,0,0
2180,木夭丑友什70bb36aa,2.303,18.0,22.0,0.0,4.0,0,0,0
2184,木夭丑友什70bb37aa,0.944,0.0,0.0,0.0,18.0,0,1,1
2185,木夭丑友什70bb37ab,0.944,0.0,0.0,0.0,9.0,1,0,0
2186,木夭丑友什70bb37ba,0.914,0.0,0.0,0.0,1.0,1,0,0
2187,木夭丑友什70bb37bb,0.345,410.0,931.0,166.0,9.0,0,1,1
2188,木夭丑友什70bb38aa,0.345,260.0,600.0,113.0,8.0,0,1,1
2189,木夭丑友什70bb38ab,0.345,350.0,894.0,175.0,10.0,0,0,0
2190,木夭丑友什70bb38ba,0.358,30.0,112.0,23.0,9.0,0,1,1
2191,木夭丑友什70bb38bb,1.578,111.0,601.0,61.0,15.0,0,1,1
2192,木夭丑友什70bb39aa,0.587,102.0,306.0,55.0,18.0,0,1,1
2193,木夭丑友什70bb39ab,0.502,358.0,1006.0,166.0,167.0,0,1,1
2194,木夭丑友什70bb39ba,0.502,203.0,468.0,54.0,64.0,0,1,1
2195,木夭丑友什70bb39bb,0.502,439.0,1230.0,169.0,81.0,0,1,1
2196,木夭丑友什70bb40aa,1.357,332.0,1027.0,191.0,12.0,0,1,1
2197,木夭丑友什70bb40ab,1.357,486.0,1062.0,157.0,140.0,0,1,1
2198,木夭丑友什70bb40ba,1.357,34.0,57.0,0.0,5.0,0,0,0
2215,木夭丑友什71aa35bb,4.253,8.0,19.0,0.0,9.0,0,0,0
2216,木夭丑友什71aa36aa,4.005,44.0,102.0,23.0,25.0,1,1,1
2219,木夭丑友什71aa36bb,0.944,0.0,0.0,0.0,9.0,0,0,0
2220,木夭丑友什71aa37aa,0.944,6.0,20.0,0.0,20.0,0,0,0
2221,木夭丑友什71aa37ab,0.944,0.0,0.0,0.0,5.0,0,0,0
2223,木夭丑友什71aa37bb,0.994,0.0,25.0,0.0,20.0,0,0,0
2224,木夭丑友什71aa38aa,0.994,0.0,11.0,0.0,3.0,0,0,0
2227,木夭丑友什71aa38bb,1.189,131.0,422.0,97.0,2.0,1,1,1
2228,木夭丑友什71aa39aa,1.621,305.0,1059.0,287.0,16.0,1,0,0
2249,木夭丑友什71ab36aa,4.005,62.0,109.0,13.0,30.0,1,1,1
2252,木夭丑友什71ab36bb,1.93,0.0,0.0,0.0,11.0,0,0,0
2253,木夭丑友什71ab37aa,1.087,0.0,0.0,0.0,26.0,0,0,0
2255,木夭丑友什71ab37ba,0.994,0.0,0.0,0.0,21.0,0,0,0
2256,木夭丑友什71ab37bb,0.994,0.0,0.0,0.0,7.0,0,0,0
2257,木夭丑友什71ab38aa,0.994,0.0,0.0,0.0,8.0,0,0,0
2258,木夭丑友什71ab38ab,0.358,0.0,0.0,0.0,3.0,0,0,0
2269,木夭丑友什71ab41aa,2.241,0.0,0.0,0.0,2.0,0,0,0
2276,木夭丑友什71ba36aa,4.005,12.0,20.0,0.0,14.0,1,0,0
2279,木夭丑友什71ba36bb,1.93,0.0,0.0,0.0,8.0,0,0,0
2280,木夭丑友什71ba37aa,2.254,0.0,0.0,0.0,15.0,0,0,0
2281,木夭丑友什71ba37ab,0.953,234.0,505.0,75.0,60.0,0,1,1
2282,木夭丑友什71ba37ba,0.994,0.0,0.0,0.0,11.0,0,0,0
2283,木夭丑友什71ba37bb,0.994,199.0,615.0,74.0,22.0,0,0,0
2284,木夭丑友什71ba38aa,0.994,364.0,846.0,152.0,24.0,0,0,0
2285,木夭丑友什71ba38ab,1.668,42.0,103.0,8.0,27.0,1,1,1
2286,木夭丑友什71ba38ba,1.387,73.0,147.0,16.0,16.0,0,0,0
2295,木夭丑友什71ba40bb,1.882,0.0,0.0,0.0,1.0,0,0,0
2309,木夭丑友什71bb37ab,1.959,80.0,132.0,11.0,21.0,0,0,0
2310,木夭丑友什71bb37ba,2.05,0.0,0.0,0.0,1.0,0,0,0
2312,木夭丑友什71bb38aa,2.05,82.0,230.0,54.0,4.0,0,1,1
2313,木夭丑友什71bb38ab,1.668,51.0,93.0,14.0,17.0,0,0,0
2314,木夭丑友什71bb38ba,1.434,19.0,50.0,8.0,7.0,0,1,1
2341,木夭丑友什72aa38ba,1.434,0.0,0.0,0.0,2.0,1,0,0
