gid,year,cctv,light,log_pa,ep,fp,yp,log_nb
木夭丑友什58ab30ba,-0.133333333,-0.5,-0.5,2.098017927,-0.316027088,-0.33122807,-0.323076923,0.693147181
木夭丑友什58bb30ab,1.933333333,-0.5,-0.5,2.050012731,-0.343115124,-0.341052632,-0.323076923,0.693147181
木夭丑友什59aa30aa,1,-0.5,-0.5,2.050012731,-0.343115124,-0.341052632,-0.323076923,0.693147181
木夭丑友什59aa30ab,1.6,-0.5,-0.5,2.050012731,-0.343115124,-0.341052632,-0.323076923,1.098612289
木夭丑友什59ab30aa,4.133333333,0,0,1.930071085,-0.343115124,-0.341052632,-0.323076923,1.098612289
木夭丑友什59ab30ab,1.4,-0.5,-0.5,1.930071085,-0.343115124,-0.341052632,-0.323076923,0.693147181
木夭丑友什59ba30aa,-1.533333333,-0.5,-0.5,1.846721027,-0.343115124,-0.341052632,-0.323076923,2.63905733
木夭丑友什59ba30bb,-0.333333333,-0.5,-0.5,1.5847353,-0.180586907,-0.303157895,-0.323076923,2.079441542
木夭丑友什59ba31ab,0.533333333,-0.5,-0.5,1.455120552,-0.343115124,-0.332631579,-0.323076923,1.609437912
木夭丑友什59bb29bb,-0.6,-0.5,-0.5,1.878090059,-0.343115124,-0.341052632,-0.323076923,1.386294361
木夭丑友什59bb30ba,-0.133333333,-0.5,-0.5,1.614425454,-0.30248307,-0.315789474,-0.276923077,2.397895273
木夭丑友什59bb30bb,-0.4,-0.5,-0.5,1.426476151,-0.311512415,-0.33122807,-0.323076923,1.386294361
木夭丑友什59bb31aa,-0.266666667,-0.5,-0.5,1.374474784,-0.343115124,-0.329824561,-0.323076923,2.63905733
木夭丑友什59bb31ab,0.4,-0.5,-0.5,1.393269975,-0.343115124,-0.329824561,-0.323076923,2.63905733
木夭丑友什59bb31ba,2.8,-0.5,-0.5,1.393269975,-0.343115124,-0.341052632,-0.323076923,1.386294361
木夭丑友什59bb32bb,-0.133333333,-0.5,-0.5,1.087888325,-0.343115124,-0.341052632,-0.323076923,1.386294361
木夭丑友什60aa29ba,-0.133333333,-0.5,-0.5,1.949475215,-0.343115124,-0.341052632,-0.323076923,1.386294361
木夭丑友什60aa29bb,-0.4,-0.5,-0.5,1.846721027,-0.306997743,-0.33122807,-0.323076923,3.218875825
木夭丑友什60aa30aa,-0.466666667,-0.5,-0.5,1.846721027,-0.343115124,-0.341052632,-0.323076923,2.079441542
木夭丑友什60aa30ab,-0.133333333,-0.5,-0.5,1.614425454,-0.343115124,-0.341052632,-0.323076923,0.693147181
木夭丑友什60aa31bb,0,-0.5,-0.5,1.310492648,-0.343115124,-0.341052632,-0.323076923,0
木夭丑友什60aa32ba,-0.4,-0.5,-0.5,1.022810575,-0.343115124,-0.341052632,-0.323076923,0
木夭丑友什60aa32bb,1.066666667,0,0,1.087888325,-0.343115124,-0.341052632,-0.323076923,0
木夭丑友什60ab29ba,-0.2,-0.5,-0.5,1.717574571,-0.311512415,-0.322807018,-0.323076923,2.397895273
木夭丑友什60ab29bb,-0.333333333,-0.5,-0.5,1.784063263,-0.343115124,-0.341052632,-0.323076923,1.386294361
木夭丑友什60ab32bb,0.2,-0.5,-0.5,1.0595249,-0.343115124,-0.341052632,-0.323076923,2.63905733
木夭丑友什60ba29ab,2.133333333,-0.5,-0.5,1.717574571,-0.343115124,-0.341052632,-0.323076923,0
木夭丑友什60ba32ba,-0.333333333,-0.5,-0.5,1.716317274,-0.248306998,-0.263859649,-0.323076923,2.63905733
木夭丑友什60ba32bb,0.866666667,-0.5,-0.5,0.762673243,-0.343115124,-0.328421053,-0.323076923,1.098612289
木夭丑友什60bb29aa,0.466666667,0,0,1.662978679,-0.343115124,-0.341052632,-0.323076923,1.386294361
木夭丑友什60bb29ab,-0.466666667,0,0,1.558775998,-0.221218962,-0.248421053,-0.253846154,2.995732274
木夭丑友什60bb32ab,-0.4,-0.5,-0.5,1.716317274,-0.343115124,-0.341052632,-0.323076923,1.098612289
木夭丑友什60bb32ba,-0.533333333,-0.5,-0.5,1.716317274,0.076749436,0.014035088,0.069230769,3.988984047
木夭丑友什60bb32bb,-1.133333333,-0.5,-0.5,2.281872051,-0.288939052,-0.18245614,-0.061538462,2.772588722
木夭丑友什61aa29aa,-0.066666667,-0.5,-0.5,1.662978679,-0.343115124,-0.341052632,-0.323076923,1.098612289
木夭丑友什61aa29ab,-0.266666667,-0.5,-0.5,1.558775998,-0.343115124,-0.311578947,-0.246153846,1.945910149
木夭丑友什61aa30bb,4.8,-0.5,-0.5,1.463255402,-0.343115124,-0.341052632,-0.323076923,1.098612289
木夭丑友什61aa32ab,-0.133333333,-0.5,-0.5,0.408792898,-0.343115124,-0.341052632,-0.323076923,0.693147181
木夭丑友什61aa32ba,-0.666666667,0,0,0.408792898,-0.0496614,-0.028070175,-0.015384615,3.713572067
木夭丑友什61aa32bb,-0.8,-0.5,-0.5,0.408792898,-0.216704289,-0.188070175,-0.146153846,3.091042453
木夭丑友什61ab32ab,-1.2,0,0,0.408792898,-0.180586907,0.067368421,0.338461538,0
木夭丑友什61ab32ba,-0.933333333,2.5,2.5,0.408792898,-0.279909707,-0.247017544,-0.207692308,3.761200116
木夭丑友什61ab32bb,-0.666666667,0,0,0.408792898,-0.139954853,-0.105263158,0.023076923,2.197224577
木夭丑友什61ba29aa,0.733333333,-0.5,-0.5,1.428635202,-0.343115124,-0.341052632,-0.323076923,1.098612289
木夭丑友什61ba32ab,-0.866666667,0.5,0.5,0.408792898,-0.30248307,-0.220350877,-0.123076923,3.555348061
木夭丑友什61ba32ba,-0.8,4,4,0.629141851,-0.216704289,-0.179649123,-0.038461538,3.970291914
木夭丑友什61ba32bb,-0.666666667,0,0,0.629141851,-0.230248307,-0.186666667,-0.1,1.609437912
木夭丑友什61ba36ab,0.266666667,-0.5,-0.5,1.675600115,-0.297968397,-0.317192982,-0.323076923,2.302585093
木夭丑友什61bb31bb,-0.6,-0.5,-0.5,0.332177312,-0.248306998,-0.230175439,-0.215384615,0
木夭丑友什61bb32ab,-0.866666667,1.5,1.5,2.035097728,-0.207674944,-0.070175439,0.330769231,3.33220451
木夭丑友什61bb32ba,-0.8,3.5,3.5,0.629141851,-0.022573363,0.092631579,0.492307692,4.127134385
木夭丑友什61bb32bb,-0.666666667,-0.5,-0.5,0.629141851,-0.176072235,-0.202105263,-0.123076923,1.609437912
木夭丑友什61bb36ab,-0.4,-0.5,-0.5,1.490654376,-0.121896163,-0.234385965,-0.323076923,3.433987204
木夭丑友什61bb36ba,-0.266666667,-0.5,-0.5,1.490654376,-0.221218962,-0.252631579,-0.323076923,3.465735903
木夭丑友什62aa31ba,-0.6,0.5,0.5,0.332177312,-0.176072235,-0.200701754,-0.192307692,0.693147181
木夭丑友什62aa31bb,-0.6,-0.5,-0.5,0.332177312,1.205417607,1.037192982,1.407692308,2.63905733
木夭丑友什62aa32aa,-0.6,2,2,0.037295785,0.681715576,0.919298246,1.807692308,2.079441542
木夭丑友什62aa32ab,-0.6,1.5,1.5,-0.644357016,0.501128668,0.696140351,1.1,2.995732274
木夭丑友什62aa32ba,-0.533333333,0.5,0.5,0.629141851,0.18510158,0.398596491,0.976923077,2.708050201
木夭丑友什62aa32bb,-0.6,1.5,1.5,2.900102043,-0.004514673,0.38877193,1.107692308,2.944438979
木夭丑友什62aa33bb,0.866666667,-0.5,-0.5,1.15750993,-0.343115124,-0.341052632,-0.323076923,0.693147181
木夭丑友什62aa34ab,-0.266666667,-0.5,-0.5,1.682316558,-0.343115124,-0.341052632,-0.323076923,2.397895273
木夭丑友什62aa36ab,-0.2,0,0,1.490654376,-0.279909707,-0.291929825,-0.323076923,2.833213344
木夭丑友什62aa36ba,-0.333333333,0.5,0.5,1.490654376,-0.243792325,-0.280701754,-0.323076923,3.135494216
木夭丑友什62aa36bb,-0.266666667,0.5,0.5,1.419003536,-0.316027088,-0.324210526,-0.323076923,3.135494216
木夭丑友什62aa37aa,-0.466666667,-0.5,-0.5,1.446448284,-0.266365688,-0.296140351,-0.269230769,2.48490665
木夭丑友什62ab28ab,1,-0.5,-0.5,1.532124809,-0.316027088,-0.33122807,-0.323076923,0.693147181
木夭丑友什62ab30ab,-0.733333333,-0.5,-0.5,1.125578737,-0.343115124,-0.327017544,-0.323076923,2.079441542
木夭丑友什62ab30ba,-0.866666667,-0.5,-0.5,1.116779593,-0.311512415,-0.324210526,-0.323076923,2.197224577
木夭丑友什62ab31ba,-0.533333333,-0.5,-0.5,0.332177312,0.081264108,-0.019649123,0.038461538,2.772588722
木夭丑友什62ab31bb,-0.666666667,0,0,-0.114289146,0.130925508,0.015438596,0.169230769,1.098612289
木夭丑友什62ab32aa,-0.6,0.5,0.5,-0.114289146,0.207674944,0.401403509,0.846153846,1.945910149
木夭丑友什62ab32ab,-0.6,0,0,-0.114289146,0.374717833,0.593684211,1.292307692,3.17805383
木夭丑友什62ab32ba,-0.6,1.5,1.5,-0.644357016,0.306997743,0.610526316,1.246153846,3.36729583
木夭丑友什62ab32bb,-0.6,1.5,1.5,2.900102043,0.018058691,0.175438596,0.292307692,2.197224577
木夭丑友什62ab33bb,-0.666666667,-0.5,-0.5,1.15750993,-0.343115124,-0.341052632,-0.323076923,0
木夭丑友什62ab34ab,0,-0.5,-0.5,1.652497402,-0.343115124,-0.341052632,-0.323076923,2.302585093
木夭丑友什62ab35ba,-1.533333333,-0.5,-0.5,1.585759785,-0.343115124,-0.341052632,-0.323076923,2.63905733
木夭丑友什62ab35bb,-0.066666667,-0.5,-0.5,1.585759785,-0.343115124,-0.341052632,-0.323076923,0
木夭丑友什62ab36ab,-1.133333333,-0.5,-0.5,1.898668785,-0.343115124,-0.341052632,-0.323076923,1.098612289
木夭丑友什62ab36bb,0.6,-0.5,-0.5,1.419003536,-0.343115124,-0.341052632,-0.323076923,1.791759469
木夭丑友什62ab37aa,0.4,-0.5,-0.5,1.446448284,-0.257336343,-0.29754386,-0.323076923,2.890371758
木夭丑友什62ba28ab,0.2,-0.5,-0.5,1.695615609,-0.343115124,-0.341052632,-0.323076923,1.386294361
木夭丑友什62ba30ab,-1.133333333,-0.5,-0.5,1.08146613,-0.343115124,-0.341052632,-0.323076923,0
木夭丑友什62ba30ba,-0.866666667,-0.5,-0.5,1.116779593,-0.279909707,-0.317192982,-0.323076923,2.397895273
木夭丑友什62ba30bb,-1,-0.5,-0.5,1.116779593,-0.343115124,-0.325614035,-0.323076923,2.48490665
木夭丑友什62ba31aa,-0.466666667,-0.5,-0.5,1.116779593,-0.297968397,-0.32,-0.323076923,2.197224577
木夭丑友什62ba32ab,-0.666666667,2,2,-0.114289146,-0.198645598,-0.05754386,0.361538462,3.044522438
木夭丑友什62ba32ba,-0.666666667,5,5,-0.644357016,0.022573363,0.028070175,0.053846154,4.317488114
木夭丑友什62ba32bb,-0.8,5,5,2.900102043,0.112866817,0.065964912,0.053846154,4.158883083
木夭丑友什62ba33aa,-0.666666667,1.5,1.5,2.900102043,-0.225733634,-0.255438596,-0.230769231,1.609437912
木夭丑友什62ba34ba,-0.2,-0.5,-0.5,1.652497402,-0.343115124,-0.341052632,-0.323076923,0.693147181
木夭丑友什62ba35ab,-0.8,-0.5,-0.5,1.585759785,-0.279909707,-0.286315789,-0.323076923,2.833213344
木夭丑友什62ba35ba,0.133333333,0,0,1.585759785,-0.270880361,-0.311578947,-0.323076923,2.995732274
木夭丑友什62ba35bb,-0.533333333,-0.5,-0.5,1.585759785,-0.343115124,-0.341052632,-0.323076923,1.098612289
木夭丑友什62bb28aa,1,-0.5,-0.5,1.058484498,-0.306997743,-0.321403509,-0.323076923,2.48490665
木夭丑友什62bb28ab,0.866666667,-0.5,-0.5,1.029262211,-0.343115124,-0.341052632,-0.323076923,1.098612289
木夭丑友什62bb28bb,-0.266666667,0,0,1.185401419,-0.343115124,-0.33122807,-0.323076923,2.079441542
木夭丑友什62bb29aa,-0.333333333,-0.5,-0.5,1.185401419,-0.306997743,-0.324210526,-0.323076923,1.609437912
木夭丑友什62bb31ba,-0.733333333,-0.5,-0.5,1.257892646,-0.343115124,-0.33122807,-0.323076923,1.098612289
木夭丑友什62bb32aa,-0.8,0,0,0.166361537,-0.343115124,-0.341052632,-0.323076923,1.386294361
木夭丑友什62bb32ab,-0.8,1.5,1.5,0.166361537,-0.189616253,-0.056140351,0.061538462,4.33073334
木夭丑友什62bb32ba,-0.866666667,2.5,2.5,-1.224175512,-0.162528217,-0.095438596,-0.007692308,4.276666119
木夭丑友什62bb32bb,-1.133333333,1.5,1.5,-0.634878272,-0.270880361,-0.258245614,-0.261538462,3.526360525
木夭丑友什62bb33aa,-0.666666667,-0.5,-0.5,1.686398954,-0.306997743,-0.314385965,-0.323076923,2.890371758
木夭丑友什62bb34aa,-0.333333333,-0.5,-0.5,1.40585186,-0.343115124,-0.341052632,-0.323076923,1.609437912
木夭丑友什62bb34ab,-0.6,-0.5,-0.5,1.40585186,-0.343115124,-0.341052632,-0.323076923,0.693147181
木夭丑友什62bb35ab,-0.2,0,0,1.585759785,-0.306997743,-0.311578947,-0.323076923,2.48490665
木夭丑友什62bb35ba,-0.666666667,-0.5,-0.5,1.585759785,-0.343115124,-0.332631579,-0.323076923,1.791759469
木夭丑友什62bb36bb,0.133333333,-0.5,-0.5,1.198457624,-0.343115124,-0.341052632,-0.323076923,0
木夭丑友什63aa28aa,0.2,-0.5,-0.5,1.058484498,-0.343115124,-0.341052632,-0.323076923,0
木夭丑友什63aa28ab,-0.466666667,-0.5,-0.5,1.029262211,-0.343115124,-0.332631579,-0.323076923,0.693147181
木夭丑友什63aa28ba,2,-0.5,-0.5,1.125903149,-0.343115124,-0.329824561,-0.323076923,0
木夭丑友什63aa28bb,-0.133333333,-0.5,-0.5,1.125903149,-0.343115124,-0.341052632,-0.323076923,0
木夭丑友什63aa32aa,-0.866666667,0.5,0.5,0.166361537,-0.306997743,-0.294736842,-0.323076923,2.944438979
木夭丑友什63aa32ab,-0.8,5,5,0.166361537,-0.099322799,-0.033684211,0.246153846,4.304065093
木夭丑友什63aa32ba,-0.866666667,3,3,-0.740238788,-0.239277652,-0.199298246,-0.176923077,4.189654742
木夭丑友什63aa32bb,-1,-0.5,-0.5,-0.634878272,-0.284424379,-0.283508772,-0.223076923,3.36729583
木夭丑友什63aa34aa,-0.066666667,0,0,1.40585186,-0.343115124,-0.341052632,-0.323076923,3.526360525
木夭丑友什63aa37ab,-0.333333333,-0.5,-0.5,0.544647172,-0.203160271,-0.254035088,-0.253846154,3.36729583
木夭丑友什63ab28ab,0.8,-0.5,-0.5,1.029262211,-0.343115124,-0.33122807,-0.323076923,1.791759469
木夭丑友什63ab31ba,-1.533333333,-0.5,-0.5,1.257892646,-0.343115124,-0.328421053,-0.323076923,2.63905733
木夭丑友什63ab31bb,-0.6,-0.5,-0.5,0.166361537,-0.18510158,-0.234385965,-0.169230769,2.564949357
木夭丑友什63ab32aa,-0.6,0,0,0.166361537,0.347629797,1.009122807,2.153846154,2.708050201
木夭丑友什63ab32ab,-0.6,0.5,0.5,0.166361537,0.148984199,0.383157895,0.646153846,3.465735903
木夭丑友什63ab32ba,-0.8,0,0,-0.740238788,0.112866817,0.22877193,0.353846154,3.295836866
木夭丑友什63ab34ab,-0.6,-0.5,-0.5,1.23051736,-0.343115124,-0.341052632,-0.323076923,2.63905733
木夭丑友什63ab34ba,0.4,-0.5,-0.5,1.23051736,-0.343115124,-0.341052632,-0.323076923,3.63758616
木夭丑友什63ab34bb,0,0,0,1.412205743,-0.343115124,-0.341052632,-0.323076923,1.098612289
木夭丑友什63ab37ab,-0.133333333,0.5,0.5,0.544647172,-0.293453725,-0.294736842,-0.323076923,2.63905733
木夭丑友什63ba29ba,-1.133333333,-0.5,-0.5,1.570281197,-0.343115124,-0.341052632,-0.323076923,2.079441542
木夭丑友什63ba31ba,-0.666666667,-0.5,-0.5,0.771033719,-0.297968397,-0.314385965,-0.276923077,2.564949357
木夭丑友什63ba31bb,-1,0,0,1.106911091,-0.343115124,-0.341052632,-0.323076923,1.098612289
木夭丑友什63ba32aa,-0.6,-0.5,-0.5,0.463734016,0.812641084,1.557894737,3.230769231,3.044522438
木夭丑友什63ba32ab,-0.733333333,1,1,0.290428298,-0.343115124,-0.293333333,-0.323076923,3.688879454
木夭丑友什63ba32ba,-0.666666667,2,2,0.290428298,-0.194130926,-0.17122807,-0.176923077,3.465735903
木夭丑友什63ba33bb,-0.6,-0.5,-0.5,0.919485623,-0.248306998,-0.259649123,-0.238461538,1.098612289
木夭丑友什63ba34ab,-0.266666667,-0.5,-0.5,1.23051736,-0.343115124,-0.341052632,-0.323076923,2.772588722
木夭丑友什63ba34ba,0.066666667,-0.5,-0.5,1.23051736,-0.343115124,-0.341052632,-0.323076923,1.945910149
木夭丑友什63ba37aa,0,-0.5,-0.5,0.544647172,-0.343115124,-0.332631579,-0.323076923,2.079441542
木夭丑友什63ba37ab,0,-0.5,-0.5,0.544647172,-0.343115124,-0.341052632,-0.323076923,0.693147181
木夭丑友什63bb27bb,3.266666667,-0.5,-0.5,1.037091432,-0.343115124,-0.341052632,-0.323076923,0
木夭丑友什63bb29ab,-0.733333333,-0.5,-0.5,1.252762968,-0.343115124,-0.341052632,-0.323076923,2.079441542
木夭丑友什63bb29ba,-0.6,-0.5,-0.5,1.451613827,-0.343115124,-0.341052632,-0.323076923,2.079441542
木夭丑友什63bb30aa,-0.133333333,0,0,1.391530628,-0.036117381,-0.190877193,-0.246153846,2.564949357
木夭丑友什63bb30ab,0.2,-0.5,-0.5,1.391530628,-0.176072235,-0.258245614,-0.323076923,2.48490665
木夭丑友什63bb31ba,-0.466666667,-0.5,-0.5,0.771033719,-0.311512415,-0.325614035,-0.323076923,2.397895273
木夭丑友什63bb32aa,-0.6,0.5,0.5,0.071389996,0.523702032,1.052631579,2.876923077,3.135494216
木夭丑友什63bb32ab,-0.733333333,4.5,4.5,0.290428298,-0.343115124,-0.341052632,-0.323076923,4.356708827
木夭丑友什63bb33aa,-1,-0.5,-0.5,0.828988403,-0.343115124,-0.341052632,-0.323076923,0.693147181
木夭丑友什63bb33ab,-0.866666667,1,1,0.828988403,0.23476298,0.06877193,0.238461538,3.433987204
木夭丑友什63bb33ba,-0.6,0.5,0.5,0.828988403,0.176072235,-0.007017544,0.138461538,2.944438979
木夭丑友什63bb33bb,-0.8,0,0,1.329988525,-0.085778781,-0.082807018,0.030769231,3.496507561
木夭丑友什63bb34ba,-0.333333333,-0.5,-0.5,1.23051736,-0.297968397,-0.321403509,-0.323076923,2.397895273
木夭丑友什63bb36ba,1,-0.5,-0.5,0.372941916,-0.343115124,-0.341052632,-0.323076923,0
木夭丑友什64aa28bb,-0.6,-0.5,-0.5,0.870874868,-0.275395034,-0.324210526,-0.323076923,0
木夭丑友什64aa29ab,-0.666666667,-0.5,-0.5,1.252762968,-0.343115124,-0.324210526,-0.323076923,2.944438979
木夭丑友什64aa29ba,-0.8,-0.5,-0.5,1.451613827,-0.343115124,-0.33122807,-0.323076923,2.397895273
木夭丑友什64aa30aa,-0.133333333,0,0,1.391530628,-0.239277652,-0.247017544,-0.261538462,2.564949357
木夭丑友什64aa30ab,0.066666667,-0.5,-0.5,1.391530628,-0.266365688,-0.293333333,-0.323076923,2.079441542
木夭丑友什64aa31ab,-0.533333333,-0.5,-0.5,1.185401419,-0.343115124,-0.341052632,-0.323076923,1.386294361
木夭丑友什64aa31ba,-0.2,-0.5,-0.5,1.085864716,-0.343115124,-0.341052632,-0.323076923,1.945910149
木夭丑友什64aa32aa,-0.6,0,0,0.768718367,-0.121896163,0.522105263,2.384615385,1.609437912
木夭丑友什64aa32ab,-0.666666667,0.5,0.5,0.835514422,0.25282167,0.846315789,2.369230769,3.555348061
木夭丑友什64aa32bb,-0.6,-0.5,-0.5,1.046968056,-0.198645598,-0.192280702,-0.069230769,1.609437912
木夭丑友什64aa33aa,-0.6,-0.5,-0.5,0.828988403,0.18510158,0.179649123,0.476923077,1.609437912
木夭丑友什64aa33ab,-0.6,0.5,0.5,0.828988403,0.501128668,0.630175439,1.615384615,3.33220451
木夭丑友什64aa33ba,-0.866666667,2,2,1.907169321,-0.094808126,-0.044912281,0.092307692,3.688879454
木夭丑友什64aa33bb,-0.866666667,7,7,1.907169321,-0.261851016,-0.168421053,-0.069230769,3.988984047
木夭丑友什64aa34ab,-0.133333333,-0.5,-0.5,1.329988525,-0.343115124,-0.341052632,-0.323076923,1.386294361
木夭丑友什64aa36ab,0.066666667,-0.5,-0.5,-0.644357016,-0.343115124,-0.341052632,-0.323076923,0.693147181
木夭丑友什64aa36ba,-1.266666667,-0.5,-0.5,-0.644357016,-0.036117381,0.211929825,0.553846154,3.713572067
木夭丑友什64aa36bb,-1.333333333,-0.5,-0.5,0.373630385,0.30248307,0.760701754,2.546153846,3.465735903
木夭丑友什64aa37ba,-0.666666667,0,0,0.601579987,-0.279909707,-0.322807018,-0.323076923,2.397895273
木夭丑友什64aa38bb,2,-0.5,-0.5,1.279265788,-0.343115124,-0.341052632,-0.323076923,0
木夭丑友什64ab27ab,-0.4,-0.5,-0.5,0.589451944,-0.221218962,-0.280701754,-0.323076923,2.197224577
木夭丑友什64ab27ba,-0.6,0,0,1.196948189,-0.275395034,-0.287719298,-0.276923077,1.945910149
木夭丑友什64ab28ba,-0.4,-0.5,-0.5,0.592774206,-0.343115124,-0.341052632,-0.323076923,0.693147181
木夭丑友什64ab28bb,-0.6,0,0,0.841136058,0.532731377,0.035087719,-0.115384615,2.397895273
木夭丑友什64ab29aa,-0.6,-0.5,-0.5,0.841136058,-0.108352144,-0.272280702,-0.323076923,0.693147181
木夭丑友什64ab29ab,-0.133333333,0.5,0.5,1.030333448,0.013544018,-0.150175439,-0.184615385,3.737669618
木夭丑友什64ab29ba,-0.466666667,-0.5,-0.5,1.113829254,-0.121896163,-0.268070175,-0.261538462,2.079441542
木夭丑友什64ab29bb,-0.666666667,-0.5,-0.5,1.113829254,-0.343115124,-0.341052632,-0.323076923,1.098612289
木夭丑友什64ab30aa,-0.466666667,0,0,1.113829254,-0.054176072,-0.124912281,-0.130769231,3.258096538
木夭丑友什64ab30ab,0,-0.5,-0.5,1.391530628,0,-0.204912281,-0.215384615,2.63905733
木夭丑友什64ab31ab,0,-0.5,-0.5,1.185401419,-0.343115124,-0.33122807,-0.323076923,1.098612289
木夭丑友什64ab31ba,-0.333333333,-0.5,-0.5,1.085864716,-0.343115124,-0.341052632,-0.323076923,0
木夭丑友什64ab31bb,-0.8,0,0,1.03425153,-0.343115124,-0.322807018,-0.323076923,1.945910149
木夭丑友什64ab32aa,-0.8,0.5,0.5,0.768718367,-0.257336343,-0.030877193,0.607692308,3.583518938
木夭丑友什64ab32ab,-0.6,1,1,3.304943423,0.063205418,0.501052632,1.561538462,3.401197382
木夭丑友什64ab32ba,-0.733333333,0.5,0.5,3.304943423,0.099322799,0.343859649,1.130769231,3.828641396
木夭丑友什64ab32bb,-0.6,0.5,0.5,3.304943423,-0.027088036,0.071578947,0.615384615,3.610917913
木夭丑友什64ab33aa,-0.866666667,0.5,0.5,3.447921922,-0.266365688,-0.188070175,-0.007692308,3.970291914
木夭丑友什64ab33ab,-0.866666667,4.5,4.5,2.827313622,-0.198645598,-0.042105263,0.323076923,4.465908119
木夭丑友什64ab33ba,-0.866666667,1,1,1.907169321,-0.257336343,-0.124912281,0.061538462,4.406719247
木夭丑友什64ab33bb,-0.933333333,-0.5,-0.5,1.907169321,-0.343115124,-0.312982456,-0.261538462,2.397895273
木夭丑友什64ab34ab,-0.4,-0.5,-0.5,0.801553054,-0.343115124,-0.341052632,-0.323076923,3.295836866
木夭丑友什64ab34ba,0.2,0,0,0.951657876,-0.162528217,-0.252631579,-0.323076923,3.784189634
木夭丑友什64ab34bb,-1.2,-0.5,-0.5,0.877965618,-0.189616253,-0.103859649,-0.184615385,3.713572067
木夭丑友什64ab35bb,0.133333333,-0.5,-0.5,0.674473915,-0.316027088,-0.341052632,-0.323076923,1.098612289
木夭丑友什64ab36aa,0.066666667,-0.5,-0.5,0.674473915,-0.284424379,-0.32,-0.323076923,1.791759469
木夭丑友什64ab36ab,-1.333333333,-0.5,-0.5,-0.644357016,-0.158013544,-0.126315789,-0.1,1.098612289
木夭丑友什64ab36ba,-1.2,-0.5,-0.5,-0.644357016,0.126410835,0.686315789,1.523076923,2.944438979
木夭丑友什64ab36bb,-1.333333333,-0.5,-0.5,0.373630385,0.60496614,1.073684211,2.246153846,3.555348061
木夭丑友什64ab37aa,0.4,-0.5,-0.5,0.373630385,-0.343115124,-0.33122807,-0.323076923,0
木夭丑友什64ab37ab,-0.333333333,-0.5,-0.5,0.373630385,-0.293453725,-0.321403509,-0.323076923,1.945910149
木夭丑友什64ab37ba,-0.533333333,0,0,0.601579987,-0.230248307,-0.289122807,-0.253846154,3.044522438
木夭丑友什64ab38bb,-0.2,-0.5,-0.5,2.67786587,-0.316027088,-0.325614035,-0.323076923,1.791759469
木夭丑友什64ab39aa,-0.266666667,-0.5,-0.5,2.67786587,-0.266365688,-0.290526316,-0.276923077,2.63905733
木夭丑友什64ba27ab,0,1,1,0.589451944,-0.013544018,-0.176842105,-0.276923077,3.63758616
木夭丑友什64ba27ba,-0.266666667,0,0,2.32454226,-0.189616253,-0.218947368,-0.323076923,3.218875825
木夭丑友什64ba28aa,-0.533333333,-0.5,-0.5,2.256017457,-0.343115124,-0.341052632,-0.323076923,0.693147181
木夭丑友什64ba28ab,-0.4,-0.5,-0.5,0.592774206,-0.343115124,-0.341052632,-0.323076923,2.079441542
木夭丑友什64ba28bb,-0.466666667,-0.5,-0.5,0.841136058,0.135440181,-0.120701754,-0.161538462,2.833213344
木夭丑友什64ba29aa,-0.133333333,-0.5,-0.5,0.841136058,-0.343115124,-0.341052632,-0.323076923,2.564949357
木夭丑友什64ba29ab,-0.333333333,0,0,2.030251297,-0.221218962,-0.276491228,-0.323076923,2.63905733
木夭丑友什64ba29ba,-0.266666667,-0.5,-0.5,1.113829254,-0.343115124,-0.341052632,-0.323076923,1.945910149
木夭丑友什64ba29bb,-0.6,-0.5,-0.5,1.113829254,-0.343115124,-0.341052632,-0.323076923,2.302585093
木夭丑友什64ba30aa,-0.4,0.5,0.5,1.113829254,0.406320542,0.195087719,0.053846154,3.761200116
木夭丑友什64ba30ab,-0.333333333,0,0,1.812052172,0.013544018,-0.039298246,-0.053846154,3.555348061
木夭丑友什64ba30ba,-0.533333333,-0.5,-0.5,1.412449319,-0.343115124,-0.341052632,-0.323076923,2.397895273
木夭丑友什64ba30bb,-0.333333333,0,0,1.412449319,-0.306997743,-0.301754386,-0.269230769,3.091042453
木夭丑友什64ba31aa,-0.266666667,0,0,1.234598998,-0.212189616,-0.21754386,-0.176923077,3.555348061
木夭丑友什64ba31bb,-0.6,1,1,1.229640551,-0.343115124,-0.311578947,-0.276923077,2.63905733
木夭丑友什64ba32aa,-0.866666667,1,1,1.229640551,-0.284424379,-0.214736842,-0.076923077,3.63758616
木夭丑友什64ba32ab,-0.866666667,5,5,1.229640551,-0.180586907,-0.065964912,0.184615385,4.356708827
木夭丑友什64ba32ba,-0.8,2.5,2.5,0.999896316,-0.225733634,-0.155789474,-0.084615385,3.850147602
木夭丑友什64ba32bb,-0.8,1.5,1.5,0.90825856,-0.288939052,-0.232982456,-0.107692308,3.663561646
木夭丑友什64ba33aa,-0.866666667,0.5,0.5,0.882940752,-0.297968397,-0.234385965,-0.123076923,3.583518938
木夭丑友什64ba33bb,-0.8,0.5,0.5,0.609765572,-0.343115124,-0.25122807,-0.323076923,1.791759469
木夭丑友什64ba34bb,-0.266666667,-0.5,-0.5,0.877965618,-0.216704289,-0.258245614,-0.238461538,3.17805383
木夭丑友什64ba35aa,-0.533333333,-0.5,-0.5,0.789366038,-0.343115124,-0.341052632,-0.323076923,2.079441542
木夭丑友什64ba35ba,-0.4,-0.5,-0.5,0.674473915,-0.266365688,-0.310175439,-0.323076923,2.944438979
木夭丑友什64ba35bb,0,0.5,0.5,0.674473915,-0.270880361,-0.301754386,-0.323076923,3.295836866
木夭丑友什64ba36aa,-0.866666667,0,0,0.674473915,-0.081264108,-0.050526316,0.123076923,3.871201011
木夭丑友什64ba36ab,-1.333333333,0.5,0.5,0.169742775,-0.112866817,-0.050526316,0.146153846,2.833213344
木夭丑友什64ba36ba,-1.333333333,-0.5,-0.5,-0.33128571,-0.004514673,0.106666667,0.176923077,3.044522438
木夭丑友什64ba36bb,-1.266666667,-0.5,-0.5,0.373630385,1.309255079,0.642807018,0.446153846,3.583518938
木夭丑友什64ba37aa,0.333333333,-0.5,-0.5,0.373630385,-0.144469526,-0.206315789,-0.269230769,0.693147181
木夭丑友什64ba37ab,-1.533333333,-0.5,-0.5,0.373630385,-0.343115124,-0.332631579,-0.323076923,2.63905733
木夭丑友什64ba38ab,0.133333333,0,0,0.724645848,-0.306997743,-0.329824561,-0.323076923,1.386294361
木夭丑友什64ba38ba,1,-0.5,-0.5,0.724645848,-0.343115124,-0.341052632,-0.323076923,0
木夭丑友什64ba38bb,-0.733333333,-0.5,-0.5,0.724645848,-0.261851016,-0.286315789,-0.253846154,2.564949357
木夭丑友什64ba39aa,-0.6,0,0,0.947401727,0.054176072,-0.05754386,-0.084615385,4.369447852
木夭丑友什64ba39ab,0.066666667,0,0,0.947401727,-0.316027088,-0.324210526,-0.323076923,1.609437912
木夭丑友什64ba39ba,-0.533333333,-0.5,-0.5,1.240690387,-0.288939052,-0.321403509,-0.323076923,2.397895273
木夭丑友什64bb27ab,-0.333333333,-0.5,-0.5,0.448524598,-0.343115124,-0.341052632,-0.323076923,0.693147181
木夭丑友什64bb28aa,-0.666666667,-0.5,-0.5,-1.027222293,-0.343115124,-0.341052632,-0.323076923,0.693147181
木夭丑友什64bb28ab,-0.666666667,-0.5,-0.5,-2.009915479,-0.343115124,-0.341052632,-0.323076923,2.197224577
木夭丑友什64bb28ba,-0.533333333,-0.5,-0.5,0.592774206,-0.343115124,-0.341052632,-0.323076923,1.791759469
木夭丑友什64bb28bb,-0.533333333,-0.5,-0.5,0.841136058,-0.343115124,-0.341052632,-0.323076923,1.945910149
木夭丑友什64bb29aa,-0.133333333,-0.5,-0.5,0.841136058,-0.343115124,-0.332631579,-0.323076923,2.079441542
木夭丑友什64bb29ab,-0.666666667,0.5,0.5,2.030251297,-0.343115124,-0.341052632,-0.323076923,1.945910149
木夭丑友什64bb29bb,-0.533333333,-0.5,-0.5,1.113829254,-0.343115124,-0.341052632,-0.323076923,2.197224577
木夭丑友什64bb30aa,-0.466666667,-0.5,-0.5,1.113829254,-0.343115124,-0.341052632,-0.323076923,2.564949357
木夭丑友什64bb30ba,-0.266666667,-0.5,-0.5,1.271444519,-0.343115124,-0.341052632,-0.323076923,2.397895273
木夭丑友什64bb31aa,-0.933333333,-0.5,-0.5,1.234598998,-0.343115124,-0.341052632,-0.323076923,1.386294361
木夭丑友什64bb34bb,-0.2,-0.5,-0.5,0.851858872,-0.275395034,-0.303157895,-0.323076923,2.302585093
木夭丑友什64bb35aa,-1,-0.5,-0.5,0.851858872,-0.343115124,-0.341052632,-0.323076923,1.609437912
木夭丑友什64bb35ab,-0.666666667,-0.5,-0.5,0.789366038,-0.343115124,-0.341052632,-0.323076923,2.079441542
木夭丑友什64bb35ba,-0.533333333,-0.5,-0.5,0.736685483,-0.343115124,-0.341052632,-0.323076923,2.995732274
木夭丑友什64bb35bb,-0.133333333,0.5,0.5,0.243730185,-0.288939052,-0.303157895,-0.323076923,2.995732274
木夭丑友什64bb36aa,-0.466666667,0,0,0.464362749,-0.306997743,-0.341052632,-0.323076923,2.397895273
木夭丑友什64bb36ab,-0.066666667,0,0,0.464362749,-0.275395034,-0.318596491,-0.323076923,2.708050201
木夭丑友什64bb36ba,0,1.5,1.5,0.464362749,0.036117381,-0.103859649,-0.146153846,4.262679877
木夭丑友什64bb36bb,0.266666667,-0.5,-0.5,0.317726194,-0.343115124,-0.327017544,-0.323076923,1.098612289
木夭丑友什64bb37ab,0.866666667,0,0,-0.240798487,-0.343115124,-0.341052632,-0.323076923,1.098612289
木夭丑友什64bb38bb,-0.733333333,-0.5,-0.5,0.724645848,-0.279909707,-0.284912281,-0.269230769,1.945910149
木夭丑友什64bb39aa,-0.266666667,0,0,0.947401727,-0.081264108,-0.196491228,-0.246153846,3.583518938
木夭丑友什64bb39ab,-0.133333333,0.5,0.5,0.947401727,-0.212189616,-0.241403509,-0.238461538,3.218875825
木夭丑友什64bb39ba,-0.4,-0.5,-0.5,1.240690387,-0.23476298,-0.237192982,-0.192307692,2.944438979
木夭丑友什64bb39bb,-0.533333333,0,0,1.241557565,-0.261851016,-0.277894737,-0.246153846,2.995732274
木夭丑友什64bb40aa,-0.466666667,0,0,0.915890652,-0.212189616,-0.237192982,-0.223076923,3.610917913
木夭丑友什65aa27aa,0.266666667,-0.5,-0.5,0.381172416,-0.343115124,-0.341052632,-0.323076923,0.693147181
木夭丑友什65aa27ab,0.066666667,-0.5,-0.5,0.446607051,0.334085779,0.157192982,-0.153846154,0
木夭丑友什65aa27ba,0.333333333,-0.5,-0.5,-1.027222293,-0.194130926,-0.143157895,-0.146153846,1.609437912
木夭丑友什65aa27bb,-0.066666667,0.5,0.5,-1.027222293,-0.225733634,-0.224561404,-0.323076923,2.197224577
木夭丑友什65aa28aa,0.066666667,0,0,-1.027222293,3.110609481,3.323508772,3.138461538,2.63905733
木夭丑友什65aa28ab,0.2,-0.5,-0.5,-2.009915479,1.62979684,1.92,3.184615385,2.772588722
木夭丑友什65aa28ba,0.333333333,0,0,-0.432322562,1.083521445,1.863859649,3.7,2.302585093
木夭丑友什65aa28bb,0.333333333,1,1,-0.432322562,1.64785553,1.807719298,2.9,3.091042453
木夭丑友什65aa29aa,-0.466666667,0,0,2.093221165,0.600451467,1.155087719,1.653846154,2.197224577
木夭丑友什65aa29ab,-0.733333333,-0.5,-0.5,2.030251297,0.699774266,2.752280702,0.476923077,2.564949357
木夭丑友什65aa29ba,-0.4,0,0,1.852384091,-0.284424379,-0.283508772,-0.323076923,3.258096538
木夭丑友什65aa29bb,-0.333333333,0,0,1.812052172,0.275395034,1.710877193,0.123076923,3.091042453
木夭丑友什65aa30aa,-0.266666667,-0.5,-0.5,1.812052172,1.467268623,1.477894737,1.492307692,2.564949357
木夭丑友什65aa30ab,-0.2,0,0,1.812052172,2.297968397,3.331929825,4.123076923,2.63905733
木夭丑友什65aa30ba,-0.266666667,0,0,1.770365577,1.34537246,1.214035088,2.269230769,1.098612289
木夭丑友什65aa30bb,-1.533333333,-0.5,-0.5,1.727043155,0.505643341,0.467368421,0.976923077,2.63905733
木夭丑友什65aa31ba,-0.6,-0.5,-0.5,1.415610415,-0.176072235,-0.193684211,-0.092307692,1.098612289
木夭丑友什65aa31bb,-0.6,-0.5,-0.5,1.229640551,-0.090293454,-0.144561404,-0.053846154,1.386294361
木夭丑友什65aa32bb,-1,-0.5,-0.5,0.740030766,0.009029345,0.109473684,0.123076923,0.693147181
木夭丑友什65aa33ba,-0.8,-0.5,-0.5,0.639746404,-0.343115124,-0.341052632,-0.323076923,1.098612289
木夭丑友什65aa33bb,-0.933333333,-0.5,-0.5,0.609765572,-0.343115124,-0.32,-0.323076923,1.791759469
木夭丑友什65aa35ab,-1.533333333,-0.5,-0.5,0.43567095,-0.343115124,-0.341052632,-0.323076923,2.63905733
木夭丑友什65aa35ba,-0.666666667,-0.5,-0.5,1.314798359,-0.297968397,-0.328421053,-0.323076923,2.397895273
木夭丑友什65aa35bb,-0.266666667,0,0,0.243730185,-0.126410835,-0.188070175,-0.215384615,3.931825633
木夭丑友什65aa36aa,-0.866666667,-0.5,-0.5,0.464362749,-0.343115124,-0.341052632,-0.323076923,0.693147181
木夭丑友什65aa36ab,-0.066666667,-0.5,-0.5,0.464362749,-0.343115124,-0.33122807,-0.323076923,0
木夭丑友什65aa36ba,-0.6,-0.5,-0.5,0.464362749,-0.257336343,-0.296140351,-0.238461538,1.945910149
木夭丑友什65aa36bb,-1.266666667,-0.5,-0.5,0.163818085,-0.343115124,-0.341052632,-0.323076923,0.693147181
木夭丑友什65aa38bb,-0.333333333,-0.5,-0.5,0.724645848,-0.343115124,-0.341052632,-0.323076923,1.609437912
木夭丑友什65aa39ab,-0.266666667,-0.5,-0.5,0.947401727,-0.239277652,-0.259649123,-0.230769231,3.218875825
木夭丑友什65aa39ba,-0.133333333,0.5,0.5,1.172172492,0.009029345,-0.151578947,-0.184615385,4.077537444
木夭丑友什65aa39bb,-0.466666667,-0.5,-0.5,1.128494663,-0.279909707,-0.290526316,-0.323076923,2.708050201
木夭丑友什65aa40aa,-0.333333333,1.5,1.5,0.915890652,0.094808126,-0.094035088,-0.1,4.394449155
木夭丑友什65ab26ab,0,-0.5,-0.5,0.850578189,-0.027088036,-0.063157895,-0.223076923,0.693147181
木夭丑友什65ab26ba,-0.2,0.5,0.5,0.850578189,-0.316027088,-0.317192982,-0.323076923,2.302585093
木夭丑友什65ab26bb,-0.333333333,0,0,0.381172416,-0.076749436,0.190877193,-0.253846154,2.48490665
木夭丑友什65ab27aa,0,-0.5,-0.5,0.381172416,-0.343115124,-0.341052632,-0.323076923,0.693147181
木夭丑友什65ab27ab,0.266666667,0,0,0.446607051,0.06772009,-0.108070175,-0.223076923,3.401197382
木夭丑友什65ab27ba,0.333333333,1.5,1.5,-1.027222293,0.519187359,0.623157895,0.361538462,4.060443011
木夭丑友什65ab27bb,0.066666667,1,1,-1.027222293,0.148984199,0.56,-0.1,3.465735903
木夭丑友什65ab28aa,0.333333333,-0.5,-0.5,-1.027222293,0.853273138,0.74245614,0.423076923,2.833213344
木夭丑友什65ab28ab,0.4,0,0,-2.009915479,1.941309255,1.204210526,1.053846154,2.48490665
木夭丑友什65ab28ba,0.066666667,0,0,-0.432322562,0.203160271,0.461754386,1.1,2.302585093
木夭丑友什65ab28bb,0.066666667,0,0,-0.432322562,0.261851016,0.145964912,0.292307692,0.693147181
木夭丑友什65ab29aa,0.2,-0.5,-0.5,-0.102032726,0.180586907,0.138947368,0.192307692,1.945910149
木夭丑友什65ab29ab,0.4,-0.5,-0.5,0.134530893,-0.031602709,-0.103859649,-0.130769231,0.693147181
木夭丑友什65ab29ba,0,0.5,0.5,0.134530893,-0.171557562,-0.103859649,0.046153846,1.791759469
木夭丑友什65ab29bb,-0.266666667,0.5,0.5,0.134530893,-0.23476298,-0.21754386,-0.123076923,1.609437912
木夭丑友什65ab30aa,0.266666667,0,0,-0.913793852,0.158013544,0.101052632,0.053846154,2.944438979
木夭丑友什65ab30ba,0.333333333,-0.5,-0.5,0.463734016,1.575620767,1.059649123,1.230769231,0
木夭丑友什65ab30bb,-1.533333333,-0.5,-0.5,0.463734016,0.79006772,0.450526316,0.653846154,2.63905733
木夭丑友什65ab31ba,-0.666666667,0,0,1.083837003,-0.148984199,-0.165614035,-0.107692308,3.135494216
木夭丑友什65ab31bb,-0.866666667,2.5,2.5,1.083837003,-0.036117381,0.033684211,0.069230769,3.761200116
木夭丑友什65ab32aa,-0.733333333,0,0,1.083837003,0.176072235,0.513684211,0.938461538,2.079441542
木夭丑友什65ab32ab,-0.666666667,-0.5,-0.5,0.925052238,0.261851016,1.275789474,1.423076923,1.945910149
木夭丑友什65ab32ba,-0.8,0.5,0.5,0.740030766,-0.103837472,0.070175439,0.246153846,0.693147181
木夭丑友什65ab32bb,-1,0,0,0.740030766,0.293453725,0.404210526,0.184615385,2.197224577
木夭丑友什65ab33aa,-0.933333333,0,0,0.740030766,0.027088036,0.200701754,0.207692308,2.397895273
木夭丑友什65ab33bb,-1.066666667,0,0,0.297137231,-0.288939052,-0.089824561,-0.323076923,2.890371758
木夭丑友什65ab35aa,-0.4,-0.5,-0.5,0.452984624,-0.343115124,-0.307368421,-0.276923077,2.197224577
木夭丑友什65ab35ab,-0.933333333,-0.5,-0.5,0.452984624,-0.343115124,-0.329824561,-0.323076923,2.48490665
木夭丑友什65ab35ba,-0.4,-0.5,-0.5,0.452984624,-0.293453725,-0.32,-0.323076923,2.708050201
木夭丑友什65ab35bb,-0.533333333,0,0,0.700122794,-0.216704289,-0.252631579,-0.2,2.772588722
木夭丑友什65ab36aa,-1.533333333,-0.5,-0.5,0.464362749,-0.343115124,-0.341052632,-0.323076923,2.63905733
木夭丑友什65ab36ab,-0.933333333,-0.5,-0.5,0.464362749,-0.311512415,-0.332631579,-0.323076923,1.098612289
木夭丑友什65ab39bb,-0.866666667,0,0,1.014505779,-0.343115124,-0.341052632,-0.323076923,0
木夭丑友什65ab40aa,-0.666666667,-0.5,-0.5,0.915890652,-0.316027088,-0.324210526,-0.323076923,2.197224577
木夭丑友什65ba26ba,-0.133333333,-0.5,-0.5,0.327143141,0.198645598,0.305964912,-0.123076923,1.791759469
木夭丑友什65ba26bb,0,0.5,0.5,0.381172416,0.06772009,0.060350877,-0.207692308,1.609437912
木夭丑友什65ba27aa,0.066666667,-0.5,-0.5,0.381172416,-0.194130926,-0.284912281,-0.323076923,2.397895273
木夭丑友什65ba27ab,0.266666667,1,1,0.089840704,1.133182844,0.735438596,0.284615385,4.430816799
木夭丑友什65ba27ba,0.333333333,0,0,-0.169602784,1.0248307,1.287017544,1.646153846,4.663439094
木夭丑友什65ba27bb,0.333333333,0.5,0.5,-0.169602784,0.568848758,0.524912281,0.776923077,3.610917913
木夭丑友什65ba28aa,0.333333333,0.5,0.5,-0.169602784,1.990970655,1.605614035,0.546153846,3.044522438
木夭丑友什65ba28ab,0.4,1.5,1.5,-0.01308524,3.124153499,1.37122807,0.369230769,2.833213344
木夭丑友什65ba28ba,0.4,-0.5,-0.5,0.501986675,0.112866817,0.049122807,0.169230769,2.197224577
木夭丑友什65ba29aa,0.266666667,2,2,0.168898536,0.121896163,0.10245614,-0.030769231,4.343805422
木夭丑友什65ba29ab,0.4,-0.5,-0.5,0.168898536,1.963882619,1.642105263,1.823076923,3.555348061
木夭丑友什65ba29ba,0.333333333,-0.5,-0.5,0.168898536,1.643340858,1.212631579,1.761538462,2.833213344
木夭丑友什65ba29bb,0.4,1,1,0.134530893,1.331828442,1.928421053,2.738461538,3.36729583
木夭丑友什65ba30aa,0.333333333,0,0,0.371563556,0.586907449,0.569824561,0.153846154,5.017279837
木夭丑友什65ba30ab,0.333333333,1.5,1.5,0.463734016,0.275395034,0.332631579,0.092307692,4.615120517
木夭丑友什65ba30ba,0.333333333,-0.5,-0.5,0.463734016,0.695259594,0.439298246,0.423076923,3.970291914
木夭丑友什65ba30bb,-0.133333333,0,0,0.463734016,2.455981941,2.443508772,1.792307692,2.772588722
木夭丑友什65ba31aa,0,0,0,0.650761464,0.550790068,0.293333333,0.130769231,1.791759469
木夭丑友什65ba31ba,-0.666666667,1,1,0.964699871,-0.266365688,-0.206315789,-0.215384615,3.401197382
木夭丑友什65ba31bb,-0.666666667,2,2,0.964699871,-0.072234763,0.046315789,0.161538462,4.262679877
木夭丑友什65ba32aa,-0.6,1,1,0.964699871,-0.081264108,0.053333333,0.269230769,2.995732274
木夭丑友什65ba32ab,-0.6,0,0,0.67498321,0.392776524,1.068070175,2.207692308,3.850147602
木夭丑友什65ba32ba,-0.666666667,-0.5,-0.5,0.67498321,-0.126410835,-0.012631579,0.307692308,1.386294361
木夭丑友什65ba33aa,-0.8,1,1,0.662172376,-0.343115124,-0.087017544,-0.323076923,2.48490665
木夭丑友什65ba33ab,-0.8,0,0,0.492865298,-0.343115124,-0.113684211,-0.323076923,1.098612289
木夭丑友什65ba33ba,-0.733333333,0,0,0.297137231,-0.343115124,-0.341052632,-0.323076923,2.302585093
木夭丑友什65ba34aa,-0.6,-0.5,-0.5,-0.742337425,-0.176072235,-0.081403509,0.284615385,1.386294361
木夭丑友什65ba34ab,-0.6,-0.5,-0.5,-0.742337425,-0.311512415,-0.256842105,-0.176923077,0
木夭丑友什65ba34bb,-0.533333333,-0.5,-0.5,0.043059489,-0.343115124,-0.341052632,-0.323076923,1.609437912
木夭丑友什65ba35aa,-0.533333333,-0.5,-0.5,0.452984624,-0.121896163,-0.202105263,-0.184615385,3.891820298
木夭丑友什65ba35ab,-0.533333333,0,0,0.679048256,-0.207674944,-0.223157895,-0.238461538,2.995732274
木夭丑友什65ba35ba,-1,-0.5,-0.5,0.679048256,-0.311512415,-0.325614035,-0.323076923,1.386294361
木夭丑友什65ba36ba,2,0,0,0.574926549,-0.343115124,-0.341052632,-0.323076923,0.693147181
木夭丑友什65bb26ab,0.266666667,0,0,-0.031490667,1.137697517,0.93754386,1.346153846,2.890371758
木夭丑友什65bb26ba,0.266666667,0,0,-0.975510092,1.589164786,1.727719298,2.523076923,3.401197382
木夭丑友什65bb26bb,0.266666667,-0.5,-0.5,-0.975510092,0.361173815,0.496842105,0.746153846,1.791759469
木夭丑友什65bb27aa,0.2,-0.5,-0.5,-0.089924708,0.06772009,-0.070175439,-0.107692308,2.564949357
木夭丑友什65bb27ab,0.266666667,1,1,0.089840704,2.347629797,1.010526316,0.1,3.091042453
木夭丑友什65bb27ba,0.333333333,0.5,0.5,0.375005901,1.227990971,0.919298246,1.492307692,2.302585093
木夭丑友什65bb27bb,0.333333333,-0.5,-0.5,0.41078427,1.58013544,1.334736842,1.669230769,2.995732274
木夭丑友什65bb28aa,0.4,-0.5,-0.5,0.41078427,1.413092551,1.358596491,0.592307692,2.772588722
木夭丑友什65bb28ab,0.266666667,0.5,0.5,0.41078427,0.67268623,0.360701754,0.253846154,2.197224577
木夭丑友什65bb29aa,0.333333333,0,0,0.168898536,0.230248307,0.397192982,0.715384615,4.204692619
木夭丑友什65bb29ab,0.333333333,0.5,0.5,0.168898536,0.383747178,0.538947368,0.892307692,3.465735903
木夭丑友什65bb29ba,0.4,0,0,0.168898536,0.893905192,1.298245614,2.084615385,3.496507561
木夭丑友什65bb29bb,0,0,0,0.142367241,1.738148984,1.208421053,1.153846154,3.218875825
木夭丑友什65bb30aa,0.333333333,-0.5,-0.5,0.371563556,0.961625282,0.42245614,-0.046153846,4.394449155
木夭丑友什65bb30ab,0.333333333,0.5,0.5,0.463734016,0.383747178,0.407017544,-0.015384615,4.905274778
木夭丑友什65bb30ba,0.4,0.5,0.5,0.463734016,0.902934537,1.083508772,1.338461538,3.761200116
木夭丑友什65bb30bb,0.4,-0.5,-0.5,0.463734016,1.056433409,1.007719298,0.838461538,3.663561646
木夭丑友什65bb31aa,-0.066666667,2,2,0.604315967,0.230248307,0.280701754,-0.130769231,2.995732274
木夭丑友什65bb31ab,0,-0.5,-0.5,1.094269539,-0.343115124,-0.328421053,-0.323076923,1.609437912
木夭丑友什65bb31bb,-0.666666667,1,1,0.964699871,-0.225733634,-0.130526316,-0.146153846,3.912023005
木夭丑友什65bb32aa,-0.733333333,4.5,4.5,0.964699871,-0.013544018,0.021052632,0.084615385,4.276666119
木夭丑友什65bb32ab,-0.666666667,-0.5,-0.5,0.67498321,1.959367946,1.695438596,2.838461538,2.708050201
木夭丑友什65bb32ba,-0.733333333,-0.5,-0.5,0.67498321,1.593679458,1.949473684,3.069230769,2.564949357
木夭丑友什65bb32bb,-0.666666667,0.5,0.5,0.67498321,0.568848758,1.160701754,1.6,2.564949357
木夭丑友什65bb33aa,-0.6,0,0,0.372941916,0.79006772,1.250526316,1.9,2.890371758
木夭丑友什65bb33ab,-0.333333333,0.5,0.5,0.297137231,-0.343115124,-0.341052632,-0.323076923,1.098612289
木夭丑友什65bb33ba,-0.6,0,0,0.297137231,2.433408578,1.609824561,1.607692308,3.218875825
木夭丑友什65bb33bb,-0.6,-0.5,-0.5,0.297137231,0.668171558,0.950175439,1.5,3.135494216
木夭丑友什65bb34aa,-0.6,0.5,0.5,-0.742337425,0.139954853,0.739649123,1.892307692,2.890371758
木夭丑友什65bb34ab,-0.533333333,0,0,-0.742337425,0.108352144,0.482807018,1.192307692,2.302585093
木夭丑友什65bb34ba,-0.066666667,0,0,-0.742337425,-0.297968397,-0.321403509,-0.323076923,3.401197382
木夭丑友什65bb35aa,-0.6,0,0,0.628608659,-0.288939052,-0.268070175,-0.238461538,2.890371758
木夭丑友什65bb35ab,-0.133333333,-0.5,-0.5,0.628608659,-0.343115124,-0.341052632,-0.323076923,1.098612289
木夭丑友什65bb35ba,-0.6,-0.5,-0.5,0.628608659,-0.243792325,-0.249824561,-0.107692308,3.044522438
木夭丑友什65bb35bb,-0.333333333,-0.5,-0.5,0.679048256,-0.297968397,-0.324210526,-0.323076923,2.302585093
木夭丑友什66aa26aa,0.266666667,-0.5,-0.5,0.362557607,0.103837472,0.204912281,0.330769231,1.609437912
木夭丑友什66aa26ab,0.266666667,-0.5,-0.5,-0.031490667,1.237020316,1.44,2.461538462,3.135494216
木夭丑友什66aa26ba,0.266666667,1.5,1.5,-0.975510092,0.428893905,0.569824561,1.084615385,2.772588722
木夭丑友什66aa26bb,0.333333333,-0.5,-0.5,0.094400675,0.717832957,1.052631579,1.923076923,2.48490665
木夭丑友什66aa27aa,0.333333333,-0.5,-0.5,0.094400675,0.153498871,0.007017544,-0.084615385,2.995732274
木夭丑友什66aa27ab,0.333333333,0.5,0.5,0.094400675,0.853273138,0.74245614,0.338461538,3.33220451
木夭丑友什66aa27ba,0.266666667,-0.5,-0.5,0.375005901,0.898419865,1.437192982,1.630769231,2.772588722
木夭丑友什66aa27bb,0.333333333,0,0,0.41078427,0.826185102,1.148070175,1.461538462,2.833213344
木夭丑友什66aa28aa,0.4,0,0,0.41078427,0.681715576,0.42245614,0.484615385,3.135494216
木夭丑友什66aa28ab,0.4,-0.5,-0.5,0.41078427,-0.225733634,-0.244210526,-0.276923077,1.609437912
木夭丑友什66aa28bb,-0.2,-0.5,-0.5,0.544647172,0.451467269,-0.154385965,-0.323076923,1.386294361
木夭丑友什66aa29aa,0.4,0.5,0.5,0.168898536,1.227990971,1.306666667,1.9,3.044522438
木夭丑友什66aa29ab,0.4,-0.5,-0.5,0.168898536,1.349887133,1.345964912,1.561538462,3.401197382
木夭丑友什66aa29ba,0.4,0,0,0.168898536,1.611738149,1.849824561,1.5,2.944438979
木夭丑友什66aa29bb,0.333333333,0,0,0.142367241,1.756207675,1.055438596,0.423076923,2.833213344
木夭丑友什66aa30aa,0.4,2,2,0.371563556,1.435665914,0.887017544,0.384615385,2.197224577
木夭丑友什66aa30ab,0.533333333,0,0,0.433728573,0.83972912,1.236491228,2.446153846,2.48490665
木夭丑友什66aa30ba,0.533333333,0,0,0.433728573,1.232505643,1.347368421,2.092307692,3.044522438
木夭丑友什66aa30bb,0.466666667,1,1,0.831168478,1.038374718,0.974035088,1.838461538,2.397895273
木夭丑友什66aa31aa,0.2,-0.5,-0.5,0.542324291,0.889390519,1.077894737,1.523076923,2.772588722
木夭丑友什66aa31ab,-0.066666667,-0.5,-0.5,0.542324291,-0.144469526,0.192280702,-0.261538462,2.564949357
木夭丑友什66aa31ba,-0.466666667,0,0,0.964699871,-0.343115124,-0.341052632,-0.323076923,0.693147181
木夭丑友什66aa32aa,-0.733333333,-0.5,-0.5,0.964699871,0.162528217,0.151578947,0.546153846,3.258096538
木夭丑友什66aa32ab,-0.666666667,0.5,0.5,0.67498321,2.460496614,1.678596491,2.6,3.36729583
木夭丑友什66aa32ba,-0.666666667,0,0,0.67498321,1.051918736,1.198596491,1.769230769,2.302585093
木夭丑友什66aa32bb,-0.6,1,1,0.67498321,-0.221218962,-0.197894737,-0.069230769,2.833213344
木夭丑友什66aa33aa,-0.6,2,2,0.372941916,0.514672686,1.135438596,2.392307692,2.48490665
木夭丑友什66aa33ab,-0.6,1,1,0.98394938,-0.167042889,-0.089824561,0.115384615,1.386294361
木夭丑友什66aa33ba,-0.733333333,0.5,0.5,-0.71539279,1.981941309,1.472280702,1.830769231,3.044522438
木夭丑友什66aa33bb,-0.6,0,0,-0.740238788,0.848758465,1.237894737,2.2,3.218875825
木夭丑友什66aa34aa,-0.6,8,8,-0.742337425,0.058690745,0.543157895,1.530769231,2.772588722
木夭丑友什66aa34ab,-0.6,0.5,0.5,-0.742337425,0.221218962,0.804210526,2.176923077,2.397895273
木夭丑友什66aa35ab,-1.533333333,-0.5,-0.5,0.179818427,-0.343115124,-0.341052632,-0.323076923,2.63905733
木夭丑友什66aa35ba,-0.4,0,0,0.865418402,-0.25282167,-0.289122807,-0.323076923,2.708050201
木夭丑友什66ab26ab,0.333333333,-0.5,-0.5,-0.031490667,0.478555305,0.8,1.161538462,2.197224577
木夭丑友什66ab26ba,0.333333333,-0.5,-0.5,0.837680331,1.128668172,0.912280702,1.084615385,2.302585093
木夭丑友什66ab26bb,0.333333333,0.5,0.5,0.094400675,0.726862302,0.554385965,0.976923077,3.218875825
木夭丑友什66ab27ab,0.2,-0.5,-0.5,0.083421608,-0.153498871,-0.22877193,-0.230769231,1.791759469
木夭丑友什66ab27ba,0.2,-0.5,-0.5,0.083421608,-0.293453725,-0.324210526,-0.323076923,0.693147181
木夭丑友什66ab27bb,0,-0.5,-0.5,0.41078427,0.108352144,-0.119298246,-0.153846154,2.397895273
木夭丑友什66ab28aa,0.133333333,-0.5,-0.5,0.41078427,-0.261851016,-0.287719298,-0.238461538,1.386294361
木夭丑友什66ab29aa,0.333333333,1,1,0.544647172,1.074492099,1.087719298,1.676923077,2.833213344
木夭丑友什66ab29ab,0.4,0,0,0.544647172,0.884875847,1.093333333,2.130769231,3.465735903
木夭丑友什66ab29ba,0.4,0,0,0.142367241,1.124153499,1.162105263,1.292307692,2.995732274
木夭丑友什66ab29bb,0.466666667,-0.5,-0.5,0.142367241,0.428893905,0.690526316,0.953846154,3.135494216
木夭丑友什66ab30aa,0.466666667,0,0,0.245296356,0.53724605,0.82245614,1.523076923,2.708050201
木夭丑友什66ab30ab,0.333333333,0.5,0.5,0.208638865,0.939051919,1.312280702,2.746153846,3.044522438
木夭丑友什66ab30ba,0.4,0.5,0.5,0.831168478,0.699774266,1.041403509,2.507692308,2.995732274
木夭丑友什66ab30bb,0.533333333,0.5,0.5,0.831168478,0.898419865,0.849122807,1.4,2.944438979
木夭丑友什66ab31aa,0.533333333,-0.5,-0.5,0.285178942,0.212189616,0.186666667,0.661538462,2.708050201
木夭丑友什66ab31bb,-0.2,-0.5,-0.5,1.14962221,-0.30248307,-0.175438596,-0.276923077,3.258096538
木夭丑友什66ab32aa,-0.333333333,0,0,0.916690652,-0.343115124,-0.341052632,-0.323076923,1.386294361
木夭丑友什66ab32ab,-0.733333333,-0.5,-0.5,0.774727168,-0.221218962,-0.174035088,0.015384615,0
木夭丑友什66ab32ba,-0.6,-0.5,-0.5,0.372941916,0.135440181,0.398596491,0.953846154,2.708050201
木夭丑友什66ab32bb,-0.4,-0.5,-0.5,0.372941916,0.753950339,0.975438596,1.376923077,3.33220451
木夭丑友什66ab33aa,0.2,-0.5,-0.5,0.372941916,0.902934537,1.058245614,2.007692308,2.995732274
木夭丑友什66ab33ab,0.466666667,-0.5,-0.5,0.98394938,0.613995485,0.530526316,0.8,3.555348061
木夭丑友什66ab33ba,0.333333333,-0.5,-0.5,-0.359536176,1.106094808,1.167719298,1.938461538,2.890371758
木夭丑友什66ab33bb,0.533333333,-0.5,-0.5,-0.740238788,0.663656885,0.631578947,0.823076923,2.397895273
木夭丑友什66ab34aa,0.533333333,-0.5,-0.5,-0.740238788,1.548532731,1.202807018,1.576923077,3.610917913
木夭丑友什66ab34ab,0.466666667,0.5,0.5,-0.740238788,1.539503386,1.121403509,1.384615385,2.890371758
木夭丑友什66ab34bb,-0.133333333,-0.5,-0.5,-0.432322562,-0.343115124,-0.332631579,-0.323076923,1.945910149
木夭丑友什66ab35ab,-0.666666667,-0.5,-0.5,0.266203041,-0.343115124,-0.341052632,-0.323076923,0.693147181
木夭丑友什66ab37bb,-0.266666667,0,0,0.321358599,0.510158014,0.216140351,0.230769231,2.197224577
木夭丑友什66ab38ab,-1.2,-0.5,-0.5,0.497132297,-0.343115124,-0.341052632,-0.323076923,1.609437912
木夭丑友什66ab39ab,0.6,-0.5,-0.5,0.776568789,-0.343115124,-0.341052632,-0.323076923,2.079441542
木夭丑友什66ba26ba,0.066666667,-0.5,-0.5,0.803793701,0.045146727,-0.147368421,-0.123076923,2.995732274
木夭丑友什66ba26bb,0,0.5,0.5,0.094400675,0.428893905,0.256842105,0.330769231,2.772588722
木夭丑友什66ba27aa,0.333333333,-0.5,-0.5,0.083421608,0.60496614,0.218947368,0.069230769,2.564949357
木夭丑友什66ba27ba,-0.2,-0.5,-0.5,0.083421608,0.85778781,-0.081403509,-0.323076923,0
木夭丑友什66ba27bb,0,-0.5,-0.5,0.83984156,-0.343115124,-0.341052632,-0.323076923,0
木夭丑友什66ba28ba,0.133333333,-0.5,-0.5,0.675492245,-0.316027088,-0.315789474,-0.323076923,1.386294361
木夭丑友什66ba28bb,0.2,2.5,2.5,0.225540676,0.465011287,0.579649123,0.523076923,4.762173935
木夭丑友什66ba29aa,0.266666667,-0.5,-0.5,0.225540676,0.261851016,0.456140351,0.907692308,2.890371758
木夭丑友什66ba29ab,0.4,-0.5,-0.5,0.225540676,0.528216704,0.756491228,1.161538462,2.197224577
木夭丑友什66ba29ba,0.4,-0.5,-0.5,-0.104250021,0.803611738,0.986666667,1.215384615,2.944438979
木夭丑友什66ba29bb,0.533333333,1.5,1.5,-0.104250021,0.55530474,1.103157895,2.2,2.833213344
木夭丑友什66ba30aa,0.533333333,0.5,0.5,-0.149660775,0.25282167,0.715789474,1.369230769,2.833213344
木夭丑友什66ba30ab,0.466666667,1,1,-0.0629398,0.740406321,1.272982456,3.084615385,2.397895273
木夭丑友什66ba30ba,0.466666667,-0.5,-0.5,0.668854488,0.446952596,0.579649123,1.384615385,2.397895273
木夭丑友什66ba31ab,0.533333333,-0.5,-0.5,-0.588787165,0.401805869,0.328421053,0.561538462,1.609437912
木夭丑友什66ba31ba,0.4,-0.5,-0.5,-0.588787165,0.577878104,0.683508772,0.030769231,2.833213344
木夭丑友什66ba31bb,0.066666667,0,0,0.898941094,-0.306997743,-0.280701754,-0.323076923,3.17805383
木夭丑友什66ba32aa,0,0,0,0.815807193,-0.203160271,-0.131929825,-0.323076923,3.135494216
木夭丑友什66ba32ab,0.466666667,-0.5,-0.5,0.774727168,1.476297968,2.044912281,1.876923077,2.63905733
木夭丑友什66ba32ba,0,0,0,0.774727168,-0.189616253,-0.162807018,-0.192307692,1.791759469
木夭丑友什66ba32bb,0.333333333,0,0,0.774727168,1.060948081,0.550175439,0.384615385,2.890371758
木夭丑友什66ba33aa,0.466666667,0,0,0.892817376,0.379232506,0.496842105,0.907692308,2.564949357
木夭丑友什66ba33ab,0.4,-0.5,-0.5,0.98394938,0.514672686,0.272280702,0.261538462,2.564949357
木夭丑友什66ba33ba,0.533333333,0.5,0.5,-0.105360516,0.618510158,0.710175439,1.207692308,2.564949357
木夭丑友什66ba33bb,0.533333333,0.5,0.5,-0.080126044,1.011286682,0.923508772,1.353846154,2.302585093
木夭丑友什66ba34aa,0.4,1,1,-0.080126044,0.735891648,0.359298246,0.461538462,3.091042453
木夭丑友什66ba34ab,0.533333333,-0.5,-0.5,-0.432322562,1.340857788,0.647017544,0.661538462,3.610917913
木夭丑友什66ba34bb,-0.333333333,-0.5,-0.5,-0.432322562,-0.343115124,-0.341052632,-0.323076923,1.098612289
木夭丑友什66ba35aa,0.4,-0.5,-0.5,-0.278392026,1.20993228,1.072280702,2.115384615,2.63905733
木夭丑友什66ba35ab,0.266666667,-0.5,-0.5,0.341459778,0.180586907,0.204912281,0.630769231,2.995732274
木夭丑友什66ba37ba,-0.133333333,-0.5,-0.5,0.120446153,-0.0496614,-0.130526316,-0.030769231,0.693147181
木夭丑友什66ba37bb,0.4,0,0,0.120446153,0.53724605,0.356491228,0.215384615,3.610917913
木夭丑友什66ba38aa,-0.866666667,-0.5,-0.5,0.120446153,-0.343115124,-0.341052632,-0.323076923,0
木夭丑友什66ba39ab,0.133333333,-0.5,-0.5,1.380024748,-0.257336343,-0.276491228,-0.323076923,2.397895273
木夭丑友什66bb26ba,-0.666666667,-0.5,-0.5,0.803793701,-0.316027088,-0.30877193,-0.323076923,2.48490665
木夭丑友什66bb26bb,-0.066666667,0.5,0.5,-0.310609577,0.243792325,0.101052632,0.153846154,3.951243719
木夭丑友什66bb27aa,-0.4,0.5,0.5,0.083421608,0.25282167,0.144561404,0.076923077,3.465735903
木夭丑友什66bb27ab,0.266666667,0,0,0.083421608,0.270880361,-0.087017544,-0.161538462,2.48490665
木夭丑友什66bb28ba,0.2,0,0,0.590006422,-0.18510158,-0.203508772,-0.215384615,2.944438979
木夭丑友什66bb28bb,0.2,1.5,1.5,0.225540676,0.284424379,0.350877193,0.215384615,4.510859507
木夭丑友什66bb29aa,0.2,1,1,0.225540676,0.248306998,0.265263158,0.215384615,4.234106505
木夭丑友什66bb29ab,0.266666667,-0.5,-0.5,0.225540676,-0.343115124,-0.325614035,-0.323076923,0.693147181
木夭丑友什66bb29ba,0.2,0.5,0.5,-0.755022584,0.53724605,0.72,0.6,4.753590191
木夭丑友什66bb29bb,0.4,-0.5,-0.5,-0.755022584,0.171557562,1.072280702,2.638461538,3.258096538
木夭丑友什66bb30aa,0.4,1,1,-1.452434164,0.898419865,1.381052632,2.492307692,2.890371758
木夭丑友什66bb30ab,0.466666667,-0.5,-0.5,0.079734968,0.437923251,0.701754386,1.6,2.995732274
木夭丑友什66bb31aa,0.6,-0.5,-0.5,0.255417112,0.329571106,0.341052632,0.6,2.944438979
木夭丑友什66bb31ab,0.6,-0.5,-0.5,0.255417112,1.376975169,1.230877193,1.646153846,2.397895273
木夭丑友什66bb31ba,0.466666667,1.5,1.5,0.255417112,0.943566591,1.28,1.984615385,2.63905733
木夭丑友什66bb31bb,0.333333333,0,0,1.024606875,0.180586907,0.489824561,0.676923077,3.091042453
木夭丑友什66bb32aa,0.4,0,0,0.815807193,0.866817156,1.139649123,1.476923077,3.295836866
木夭丑友什66bb32ab,0.533333333,0,0,0.82373675,0.884875847,0.965614035,1.369230769,3.295836866
木夭丑友什66bb32ba,0.4,1,1,0.82373675,0.776523702,0.544561404,0.523076923,2.708050201
木夭丑友什66bb32bb,0.466666667,-0.5,-0.5,0.82373675,0.383747178,0.390175439,0.361538462,2.833213344
木夭丑友什66bb33aa,0.333333333,1,1,0.586118608,0.194130926,0.303157895,0.669230769,2.397895273
木夭丑友什66bb33ab,0.266666667,0.5,0.5,0.246860078,0.121896163,0.084210526,0.423076923,3.258096538
木夭丑友什66bb33ba,0.4,-0.5,-0.5,0.246860078,0.55530474,0.421052632,0.615384615,3.218875825
木夭丑友什66bb33bb,0.4,1,1,0.788002712,0.451467269,0.510877193,0.792307692,2.564949357
木夭丑友什66bb34aa,0.066666667,-0.5,-0.5,0.788002712,0.428893905,0.339649123,0.615384615,2.944438979
木夭丑友什66bb34ab,0.4,1.5,1.5,0.788002712,0.37020316,0.168421053,0.515384615,2.995732274
木夭丑友什66bb34ba,0.266666667,0,0,-0.432322562,0.094808126,-0.089824561,-0.092307692,2.944438979
木夭丑友什66bb34bb,0.066666667,0.5,0.5,-0.432322562,-0.018058691,0.193684211,-0.215384615,2.397895273
木夭丑友什66bb35aa,0.466666667,1,1,0.408128226,1.146726862,1.018947368,1.615384615,4.189654742
木夭丑友什66bb35ab,-0.6,2.5,2.5,0.408128226,0.347629797,0.545964912,0.823076923,3.80666249
木夭丑友什66bb35ba,-0.733333333,1,1,0.408128226,-0.216704289,-0.063157895,0.038461538,3.496507561
木夭丑友什66bb35bb,-0.666666667,-0.5,-0.5,1.997417706,-0.343115124,-0.341052632,-0.323076923,0.693147181
木夭丑友什66bb36ba,-1.133333333,-0.5,-0.5,0.737164066,-0.0496614,0.088421053,0.469230769,3.850147602
木夭丑友什66bb36bb,0.066666667,0,0,0.350656872,1.09255079,0.430877193,0.084615385,3.871201011
木夭丑友什66bb37aa,0,1,1,-0.271808723,1.060948081,0.596491228,0.253846154,4.744932128
木夭丑友什66bb37ab,0.133333333,0,0,-0.271808723,-0.045146727,-0.082807018,-0.115384615,3.433987204
木夭丑友什66bb37ba,0.4,0,0,2.148734368,0.582392777,0.214736842,0.015384615,3.663561646
木夭丑友什66bb37bb,0.6,1,1,2.148734368,2.212189616,1.463859649,0.869230769,4.96284463
木夭丑友什66bb38aa,0.533333333,0.5,0.5,2.044332365,2.392776524,1.288421053,0.407692308,5.402677382
木夭丑友什66bb38ab,0.666666667,0.5,0.5,-0.371063681,1.151241535,0.494035088,0.115384615,5.241747015
木夭丑友什66bb38ba,0.533333333,0.5,0.5,-0.371063681,0.338600451,0.044912281,-0.230769231,4.262679877
木夭丑友什66bb38bb,-0.466666667,-0.5,-0.5,1.380024748,-0.343115124,-0.341052632,-0.323076923,2.079441542
木夭丑友什66bb39ab,-0.066666667,0,0,-1.575036486,-0.23476298,-0.268070175,-0.323076923,2.890371758
木夭丑友什66bb39ba,0.4,-0.5,-0.5,1.593308531,-0.343115124,-0.341052632,-0.323076923,0
木夭丑友什66bb39bb,-0.333333333,-0.5,-0.5,-0.100925919,-0.343115124,-0.321403509,-0.323076923,2.302585093
木夭丑友什66bb40aa,-0.466666667,-0.5,-0.5,-0.100925919,-0.343115124,-0.329824561,-0.323076923,2.708050201
木夭丑友什66bb40ab,-0.466666667,-0.5,-0.5,-0.100925919,-0.343115124,-0.341052632,-0.323076923,2.48490665
木夭丑友什66bb40ba,-0.533333333,-0.5,-0.5,-0.049190244,-0.343115124,-0.341052632,-0.323076923,0.693147181
木夭丑友什66bb40bb,-0.266666667,0,0,0.687129108,-0.343115124,-0.341052632,-0.323076923,2.564949357
木夭丑友什67aa26ba,-1.133333333,-0.5,-0.5,0.998055034,-0.343115124,-0.341052632,-0.323076923,0
木夭丑友什67aa26bb,-0.333333333,-0.5,-0.5,1.06746556,-0.316027088,-0.311578947,-0.323076923,2.564949357
木夭丑友什67aa27aa,-0.2,-0.5,-0.5,-0.310609577,-0.25282167,-0.272280702,-0.276923077,2.944438979
木夭丑友什67aa27ab,-0.533333333,-0.5,-0.5,0.044016885,-0.343115124,-0.341052632,-0.323076923,0.693147181
木夭丑友什67aa28bb,0.2,-0.5,-0.5,0.225540676,-0.343115124,-0.324210526,-0.323076923,0.693147181
木夭丑友什67aa29aa,0.2,0,0,0.225540676,-0.343115124,-0.318596491,-0.323076923,1.098612289
木夭丑友什67aa29ab,0.2,0,0,0.225540676,0.06772009,0.126315789,0.046153846,3.951243719
木夭丑友什67aa29ba,0.266666667,1,1,-1.452434164,0.636568849,0.672280702,0.353846154,4.779123493
木夭丑友什67aa29bb,0.2,0,0,-1.452434164,-0.167042889,-0.085614035,0.1,3.044522438
木夭丑友什67aa30aa,0.533333333,0,0,-1.452434164,0.25282167,0.729824561,1.538461538,2.944438979
木夭丑友什67aa30ab,0.533333333,0.5,0.5,0.079734968,1.322799097,1.57754386,2.492307692,3.688879454
木夭丑友什67aa30ba,0.466666667,-0.5,-0.5,0.402126207,0.130925508,0.33122807,0.969230769,1.098612289
木夭丑友什67aa30bb,0.6,-0.5,-0.5,-0.103140759,0,0.144561404,0.515384615,1.098612289
木夭丑友什67aa31aa,0.6,0.5,0.5,0.255417112,1.020316027,1.350175439,2.815384615,2.890371758
木夭丑友什67aa31ab,0.466666667,-0.5,-0.5,0.255417112,0.717832957,0.81122807,1.261538462,2.197224577
木夭丑友什67aa31ba,0.533333333,0.5,0.5,0.255417112,0.871331828,0.923508772,1.807692308,2.63905733
木夭丑友什67aa31bb,0.066666667,0.5,0.5,1.024606875,0.379232506,0.631578947,0.930769231,4.158883083
木夭丑友什67aa32aa,0.533333333,0,0,1.024606875,-0.139954853,-0.098245614,0.092307692,1.386294361
木夭丑友什67aa32ab,0.533333333,-0.5,-0.5,0.82373675,0.25282167,0.279298246,0.276923077,2.564949357
木夭丑友什67aa32ba,0.533333333,-0.5,-0.5,0.82373675,0.180586907,0.463157895,0.907692308,2.302585093
木夭丑友什67aa32bb,0.133333333,-0.5,-0.5,0.82373675,0.559819413,0.635789474,1.346153846,2.48490665
木夭丑友什67aa33aa,0.266666667,0,0,0.586118608,0.216704289,0.544561404,1.346153846,2.772588722
木夭丑友什67aa33ab,0.2,-0.5,-0.5,0.758934921,0.085778781,0.286315789,0.830769231,3.33220451
木夭丑友什67aa33ba,0.4,-0.5,-0.5,0.346422567,0.67268623,0.412631579,0.615384615,1.945910149
木夭丑友什67aa33bb,0.466666667,-0.5,-0.5,0.346422567,0.591422122,0.522105263,0.969230769,2.397895273
木夭丑友什67aa34aa,0.266666667,0,0,0.346422567,0.916478555,1.080701754,1.869230769,2.944438979
木夭丑友什67aa34ab,0.4,0,0,0.788002712,1.489841986,1.215438596,1.907692308,2.772588722
木夭丑友什67aa34ba,0.133333333,0,0,-1.171182982,0.058690745,0.072982456,0.015384615,2.833213344
木夭丑友什67aa34bb,0.066666667,1,1,-1.171182982,-0.171557562,-0.074385965,-0.323076923,2.772588722
木夭丑友什67aa35aa,0.466666667,-0.5,-0.5,0.408128226,1.291196388,0.915087719,1.023076923,2.397895273
木夭丑友什67aa35ab,0.133333333,-0.5,-0.5,0.408128226,0.55530474,0.70877193,1.107692308,3.988984047
木夭丑友什67aa35ba,-0.866666667,0,0,0.408128226,-0.243792325,0.043508772,0,2.772588722
木夭丑友什67aa36ba,-1.266666667,0,0,0.313349819,-0.30248307,-0.110877193,-0.323076923,1.098612289
木夭丑友什67aa36bb,0.6,1,1,0.313349819,0.541760722,0.225964912,-0.146153846,4.343805422
木夭丑友什67aa37aa,0.333333333,2.5,2.5,-0.271808723,1.0248307,0.394385965,-0.107692308,4.691347882
木夭丑友什67aa37ab,0.533333333,1.5,1.5,-0.271808723,0.726862302,0.575438596,0.384615385,4.753590191
木夭丑友什67aa37ba,0.533333333,2,2,-1.619488248,2.293453725,1.524210526,1.038461538,5.545177444
木夭丑友什67aa37bb,0.6,2.5,2.5,-0.805196684,1.408577878,0.850526316,0.4,4.844187086
木夭丑友什67aa38aa,0.666666667,1.5,1.5,-0.805196684,2.23476298,1.515789474,0.630769231,5.616771098
木夭丑友什67aa38ab,0.866666667,2,2,-0.371063681,2.550790068,1.274385965,0.315384615,6.196444128
木夭丑友什67aa38ba,0.666666667,1,1,-0.371063681,1.264108352,0.632982456,0.261538462,5.521460918
木夭丑友什67aa38bb,0.2,1,1,1.380024748,0.695259594,0.732631579,0.430769231,4.394449155
木夭丑友什67aa39aa,0.133333333,-0.5,-0.5,0.279145741,-0.343115124,-0.315789474,-0.323076923,0.693147181
木夭丑友什67aa39ab,-0.2,0.5,0.5,-1.575036486,-0.126410835,-0.001403509,-0.130769231,3.555348061
木夭丑友什67aa39ba,-0.133333333,0,0,-1.575036486,0.541760722,0.701754386,0.415384615,4.65396035
木夭丑友什67aa39bb,-0.133333333,0.5,0.5,1.254475786,0.11738149,0.21754386,0.092307692,3.912023005
木夭丑友什67aa40aa,-0.066666667,-0.5,-0.5,1.254475786,-0.045146727,-0.043508772,-0.092307692,3.091042453
木夭丑友什67aa40ab,-0.266666667,2,2,1.254475786,0.478555305,0.818245614,0.953846154,4.718498871
木夭丑友什67aa40ba,-0.4,1,1,0.515215972,0.451467269,0.698947368,0.946153846,4.65396035
木夭丑友什67aa40bb,-0.266666667,1.5,1.5,0.515215972,0.239277652,0.209122807,0.369230769,4.094344562
木夭丑友什67aa41aa,-0.4,1,1,0.491030996,-0.230248307,-0.235789474,-0.192307692,2.48490665
木夭丑友什67ab29ba,0.133333333,0,0,-0.231932057,0.112866817,0.24,0.115384615,4.143134726
木夭丑友什67ab30aa,0.266666667,-0.5,-0.5,0,0.094808126,0.015438596,0.192307692,2.48490665
木夭丑友什67ab30ab,0.533333333,-0.5,-0.5,0,0.690744921,1.267368421,2.515384615,3.17805383
木夭丑友什67ab30ba,0.533333333,0.5,0.5,0,0.979683973,1.256140351,2.307692308,3.044522438
木夭丑友什67ab30bb,0.6,-0.5,-0.5,-0.103140759,1.273137698,1.244912281,1.561538462,2.708050201
木夭丑友什67ab31aa,0.6,0,0,0.255417112,0.871331828,0.853333333,1.138461538,2.48490665
木夭丑友什67ab31ab,0.6,-0.5,-0.5,0.255417112,1.137697517,1.701052632,2.769230769,3.044522438
木夭丑友什67ab31ba,0.333333333,0,0,0.255417112,0.216704289,0.367719298,0.8,2.944438979
木夭丑友什67ab31bb,-0.133333333,0,0,1.024606875,-0.121896163,-0.035087719,-0.015384615,3.583518938
木夭丑友什67ab32ab,-0.2,-0.5,-0.5,0.82373675,-0.239277652,-0.24,-0.246153846,1.791759469
木夭丑友什67ab32ba,-0.2,0,0,0.82373675,-0.270880361,-0.272280702,-0.253846154,2.890371758
木夭丑友什67ab32bb,-0.4,0.5,0.5,0.82373675,-0.225733634,-0.221754386,-0.207692308,2.708050201
木夭丑友什67ab33aa,-0.2,0,0,0.586118608,-0.239277652,-0.218947368,-0.215384615,2.63905733
木夭丑友什67ab33ab,-0.266666667,0,0,0.758934921,0.112866817,0.077192982,0.184615385,4.043051268
木夭丑友什67ab33ba,-0.333333333,-0.5,-0.5,0.346422567,-0.343115124,-0.324210526,-0.323076923,1.945910149
木夭丑友什67ab34aa,0.333333333,-0.5,-0.5,0.346422567,-0.036117381,0.058947368,0.369230769,2.63905733
木夭丑友什67ab34ab,0.4,1,1,-0.114289146,2.072234763,1.235087719,1.176923077,3.044522438
木夭丑友什67ab34ba,0.2,1,1,-0.114289146,1.46275395,0.888421053,0.269230769,4.543294782
木夭丑友什67ab34bb,0.2,1,1,-0.114289146,0.257336343,0.409824561,-0.023076923,4.634728988
木夭丑友什67ab35aa,0.466666667,1,1,0.572108852,1.846501129,0.929122807,0.838461538,3.433987204
木夭丑友什67ab35ab,-0.066666667,0,0,0.572108852,0.848758465,0.934736842,1.646153846,3.044522438
木夭丑友什67ab35ba,-0.8,1,1,0.408128226,0.361173815,0.74245614,1.8,4.110873864
木夭丑友什67ab35bb,-0.666666667,0,0,0.749054812,-0.203160271,-0.154385965,-0.123076923,3.258096538
木夭丑友什67ab36ba,-0.133333333,0.5,0.5,0.395414772,0.288939052,0.167017544,-0.123076923,3.761200116
木夭丑友什67ab36bb,0.266666667,0.5,0.5,0.395414772,2.573363431,1.578947368,0.715384615,5.214935758
木夭丑友什67ab37aa,0.466666667,1.5,1.5,-0.271808723,1.033860045,0.425263158,-0.130769231,5.170483995
木夭丑友什67ab37ab,0.666666667,0,0,-0.271808723,0.288939052,0.008421053,-0.2,4.672828834
木夭丑友什67ab37ba,0.733333333,2,2,-1.619488248,2.577878104,1.155087719,0.415384615,6.190315406
木夭丑友什67ab37bb,0.733333333,3,3,-0.805196684,2.306997743,1.226666667,0.584615385,5.834810737
木夭丑友什67ab38aa,0.8,1.5,1.5,-0.805196684,1.471783296,0.691929825,0.2,5.537334267
木夭丑友什67ab38ab,0.666666667,2.5,2.5,-0.500875293,1.69751693,0.919298246,0.692307692,5.411646052
木夭丑友什67ab38ba,0.733333333,1.5,1.5,-0.500875293,2.925507901,1.70245614,0.676923077,6.345636361
木夭丑友什67ab38bb,0.733333333,1,1,-0.097612829,1.413092551,0.996491228,0.553846154,5.733341277
木夭丑友什67ab39ab,-0.266666667,0.5,0.5,-1.575036486,-0.162528217,-0.147368421,-0.215384615,2.63905733
木夭丑友什67ab39ba,-0.2,0,0,-1.575036486,0.212189616,0.22877193,-0.007692308,3.891820298
木夭丑友什67ab40ab,-0.066666667,0,0,0.515215972,-0.225733634,-0.221754386,-0.161538462,2.890371758
木夭丑友什67ab40ba,-0.266666667,0,0,0.512823626,-0.144469526,-0.168421053,-0.2,2.772588722
木夭丑友什67ab40bb,-0.333333333,0,0,0.83984156,-0.076749436,-0.051929825,-0.153846154,3.433987204
木夭丑友什67ba29bb,0.666666667,0,0,0.308954208,-0.297968397,-0.307368421,-0.261538462,1.609437912
木夭丑友什67ba30aa,-0.066666667,0.5,0.5,0.316998127,0.180586907,0.056140351,0.123076923,3.610917913
木夭丑友什67ba30ab,0.333333333,0,0,0.316998127,0.744920993,0.724210526,1.269230769,2.772588722
木夭丑友什67ba30ba,0.533333333,1,1,0.316998127,0.717832957,0.858947368,1.338461538,3.044522438
木夭丑友什67ba30bb,0.4,1,1,0.332177312,0.812641084,0.741052632,0.661538462,3.218875825
木夭丑友什67ba31aa,0.6,0,0,0.332177312,0.781038375,1.093333333,1.930769231,2.995732274
木夭丑友什67ba31ab,0.133333333,-0.5,-0.5,0.131905071,-0.013544018,0.043508772,0.253846154,1.791759469
木夭丑友什67ba31ba,0.066666667,0,0,0.472500509,-0.297968397,-0.315789474,-0.323076923,1.945910149
木夭丑友什67ba31bb,-0.266666667,0,0,0.607589292,0.094808126,0.150175439,0.123076923,3.871201011
木夭丑友什67ba32aa,-0.133333333,-0.5,-0.5,0.947789399,-0.306997743,-0.32,-0.323076923,0.693147181
木夭丑友什67ba32ab,-0.133333333,-0.5,-0.5,1.071583616,-0.063205418,-0.138947368,-0.207692308,3.044522438
木夭丑友什67ba32ba,-0.133333333,0.5,0.5,1.071583616,0.30248307,0.18245614,0.030769231,3.401197382
木夭丑友什67ba32bb,-0.266666667,0,0,1.088561953,-0.153498871,-0.213333333,-0.169230769,2.48490665
木夭丑友什67ba33aa,-0.266666667,0.5,0.5,1.088561953,0.018058691,0.032280702,0,3.871201011
木夭丑友什67ba33ab,-0.133333333,0.5,0.5,0.758934921,-0.158013544,-0.18245614,-0.223076923,3.135494216
木夭丑友什67ba34aa,-0.2,-0.5,-0.5,0.346422567,-0.293453725,-0.293333333,-0.323076923,1.791759469
木夭丑友什67ba34ab,0.266666667,-0.5,-0.5,-0.114289146,0.90744921,0.72,0.592307692,2.995732274
木夭丑友什67ba34ba,0.333333333,0,0,-0.114289146,0.785553047,0.524912281,0.361538462,4.304065093
木夭丑友什67ba34bb,0.266666667,0,0,-0.114289146,0.243792325,0.321403509,0.138461538,4.718498871
木夭丑友什67ba35aa,0.4,-0.5,-0.5,0.572108852,2.153498871,1.861052632,2.3,2.995732274
木夭丑友什67ba35ab,-0.2,-0.5,-0.5,0.572108852,1.458239278,1.461052632,2.046153846,3.135494216
木夭丑友什67ba35ba,-0.8,1,1,0.2569651,0.225733634,0.763508772,1.953846154,3.555348061
木夭丑友什67ba35bb,-0.8,-0.5,-0.5,2.658649851,-0.279909707,-0.21754386,-0.092307692,2.833213344
木夭丑友什67ba36ba,0.133333333,0,0,1.019569081,0.288939052,0.098245614,-0.146153846,3.891820298
木夭丑友什67ba36bb,0.333333333,0.5,0.5,0.395414772,3.069977427,1.705263158,0.6,5.556828062
木夭丑友什67ba37aa,0.333333333,-0.5,-0.5,0.184818437,3.200902935,1.717894737,0.738461538,5.087596335
木夭丑友什67ba37ab,0.6,0.5,0.5,0.039220713,0.749435666,0.631578947,0.184615385,5.093750201
木夭丑友什67ba37ba,0.733333333,2,2,-1.018877321,2.428893905,1.347368421,0.669230769,6.152732695
木夭丑友什67ba37bb,0.933333333,2,2,-1.117795108,2.988713318,1.22245614,0.2,6.37502482
木夭丑友什67ba38aa,0.8,2,2,-1.016111067,1.440180587,0.673684211,0.223076923,5.170483995
木夭丑友什67ba38ab,0.466666667,2,2,-0.443166975,1.417607223,0.993684211,0.907692308,5.075173815
木夭丑友什67ba38ba,0.8,1.5,1.5,-0.443166975,2.334085779,1.240701754,0.638461538,5.855071922
木夭丑友什67ba38bb,0.8,1,1,0.242161557,2.532731377,1.470877193,0.892307692,6.285998095
木夭丑友什67ba39aa,-0.333333333,0,0,0.279145741,0.225733634,0.656842105,1.284615385,3.931825633
木夭丑友什67ba40aa,-0.4,0,0,0.384581897,-0.343115124,-0.341052632,-0.323076923,1.791759469
木夭丑友什67ba41ab,-1.133333333,-0.5,-0.5,0.079734968,-0.090293454,-0.050526316,-0.153846154,0
木夭丑友什67ba41ba,-1.133333333,-0.5,-0.5,0.079734968,2.744920993,1.685614035,0.615384615,3.135494216
木夭丑友什67bb29bb,0.066666667,-0.5,-0.5,0.308954208,-0.130925508,-0.175438596,-0.115384615,2.564949357
木夭丑友什67bb30aa,0.266666667,-0.5,-0.5,0.559615788,0.564334086,0.446315789,0.592307692,2.833213344
木夭丑友什67bb30ab,0.4,0.5,0.5,0.559615788,1.58013544,1.910175439,2.623076923,3.555348061
木夭丑友什67bb30ba,0.2,-0.5,-0.5,0.559615788,0.410835214,0.551578947,1.161538462,3.091042453
木夭丑友什67bb30bb,0.533333333,-0.5,-0.5,0.332177312,0.961625282,1.082105263,1.415384615,3.044522438
木夭丑友什67bb31aa,0.133333333,0,0,0.332177312,0.212189616,0.256842105,0.223076923,3.63758616
木夭丑友什67bb31ab,0.266666667,-0.5,-0.5,0.302324349,-0.343115124,-0.332631579,-0.323076923,1.098612289
木夭丑友什67bb31ba,-0.066666667,0,0,0.472500509,-0.270880361,-0.315789474,-0.323076923,3.044522438
木夭丑友什67bb31bb,-0.266666667,0,0,0.472500509,-0.045146727,-0.123508772,-0.076923077,3.496507561
木夭丑友什67bb32ab,-0.466666667,0,0,1.05535678,-0.06772009,-0.071578947,-0.046153846,3.091042453
木夭丑友什67bb33aa,-0.4,-0.5,-0.5,1.088561953,-0.343115124,-0.332631579,-0.323076923,0.693147181
木夭丑友什67bb33ab,-0.466666667,-0.5,-0.5,0.889125064,-0.266365688,-0.263859649,-0.238461538,2.397895273
木夭丑友什67bb34aa,-0.4,0,0,0.627541423,-0.094808126,-0.112280702,-0.115384615,3.433987204
木夭丑友什67bb34ab,-0.2,1,1,-0.114289146,0.198645598,0.186666667,0.053846154,3.465735903
木夭丑友什67bb34ba,0.266666667,-0.5,-0.5,-0.114289146,0.613995485,0.659649123,0.353846154,4.65396035
木夭丑友什67bb34bb,0.266666667,0.5,0.5,-0.114289146,0.550790068,0.638596491,0.584615385,4.762173935
木夭丑友什67bb35aa,0.4,0.5,0.5,0.572108852,1.241534989,1.26877193,1.876923077,2.944438979
木夭丑友什67bb35ab,-1,-0.5,-0.5,0.572108852,0.270880361,0.359298246,0.623076923,3.610917913
木夭丑友什67bb35ba,-0.933333333,-0.5,-0.5,0.471252849,0.821670429,1.351578947,3.184615385,2.708050201
木夭丑友什67bb35bb,-1,-0.5,-0.5,2.658649851,-0.207674944,-0.174035088,0,2.772588722
木夭丑友什67bb36ba,0.2,1,1,0.379805361,0.347629797,0.383157895,0.315384615,3.951243719
木夭丑友什67bb36bb,0.333333333,0.5,0.5,0.379805361,1.300225734,0.877192982,0.8,4.624972813
木夭丑友什67bb37aa,0,0,0,-0.572701027,-0.022573363,-0.08,-0.161538462,2.48490665
木夭丑友什67bb37ab,0.466666667,0,0,-0.572701027,0.320541761,0.392982456,0.015384615,4.553876892
木夭丑友什67bb37ba,0.666666667,2.5,2.5,-1.343234872,2.961625282,1.587368421,0.538461538,6.37502482
木夭丑友什67bb37bb,0.733333333,2,2,-1.117795108,3.101580135,1.625263158,0.630769231,6.415096959
木夭丑友什67bb38aa,0.866666667,2,2,-1.016111067,1.051918736,0.74245614,0.369230769,5.407171771
木夭丑友什67bb38ab,0.533333333,1.5,1.5,-0.443166975,2.248306998,1.49754386,0.815384615,5.323009979
木夭丑友什67bb38ba,0.533333333,2,2,-0.443166975,2.379232506,1.77122807,1.238461538,5.463831805
木夭丑友什67bb38bb,0.8,1.5,1.5,-0.443166975,2.988713318,1.656140351,0.592307692,6.470799504
木夭丑友什67bb39aa,0.733333333,0.5,0.5,0.487352268,0.577878104,0.339649123,0.023076923,5.429345629
木夭丑友什67bb39ab,1.466666667,-0.5,-0.5,0.076961041,-0.343115124,-0.341052632,-0.323076923,0
木夭丑友什67bb40aa,-0.2,-0.5,-0.5,0.384581897,-0.343115124,-0.341052632,-0.323076923,2.890371758
木夭丑友什67bb40ab,-0.8,0,0,0.384581897,-0.343115124,-0.341052632,-0.323076923,1.386294361
木夭丑友什67bb40ba,0,0.5,0.5,0.590560592,-0.297968397,-0.327017544,-0.323076923,2.63905733
木夭丑友什67bb40bb,-1,-0.5,-0.5,0.583890195,-0.045146727,0.015438596,0.230769231,3.891820298
木夭丑友什67bb41aa,-1,-0.5,-0.5,0.583890195,0.022573363,0.026666667,0.2,2.772588722
木夭丑友什67bb41ab,-1.066666667,-0.5,-0.5,0.079734968,-0.126410835,-0.06877193,0.123076923,1.386294361
木夭丑友什67bb41ba,-1.133333333,-0.5,-0.5,0.079734968,2.063205418,1.173333333,1.284615385,1.945910149
木夭丑友什68aa29ba,0.2,0,0,0.714419316,0.009029345,-0.037894737,-0.130769231,3.401197382
木夭丑友什68aa29bb,0.133333333,-0.5,-0.5,0.308954208,0.031602709,-0.012631579,-0.092307692,3.36729583
木夭丑友什68aa30aa,0.466666667,0,0,0.559615788,1.598194131,1.10877193,0.907692308,3.295836866
木夭丑友什68aa30ab,0.333333333,0.5,0.5,0.559615788,0.325056433,0.161403509,0.046153846,2.564949357
木夭丑友什68aa30ba,0.2,0.5,0.5,0.559615788,-0.018058691,0.071578947,0.238461538,3.135494216
木夭丑友什68aa30bb,0.2,2,2,0.661140384,0.433408578,0.557192982,0.546153846,4.290459441
木夭丑友什68aa31aa,0.133333333,0.5,0.5,0.661140384,-0.018058691,0.002807018,0.023076923,3.713572067
木夭丑友什68aa31ba,-0.2,-0.5,-0.5,0.830732844,-0.18510158,-0.209122807,-0.169230769,2.564949357
木夭丑友什68aa31bb,-0.466666667,-0.5,-0.5,0.830732844,-0.194130926,-0.190877193,-0.107692308,2.564949357
木夭丑友什68aa34aa,0,0,0,0.611937125,-0.176072235,-0.123508772,-0.130769231,2.995732274
木夭丑友什68aa34ab,-0.2,0,0,0.611937125,2.695259594,0.72,-0.046153846,3.496507561
木夭丑友什68aa34ba,0.333333333,-0.5,-0.5,0.611937125,0.943566591,0.850526316,0.930769231,3.891820298
木夭丑友什68aa34bb,0.333333333,-0.5,-0.5,0.112435429,0.505643341,0.513684211,0.484615385,3.784189634
木夭丑友什68aa35aa,0.466666667,2,2,0.454889991,0.428893905,0.398596491,0.361538462,2.48490665
木夭丑友什68aa36ba,0.6,-0.5,-0.5,0.379805361,1.079006772,0.785964912,0.592307692,3.931825633
木夭丑友什68aa36bb,0.533333333,0,0,0.379805361,0.433408578,0.252631579,0.4,2.833213344
木夭丑友什68aa37aa,0.6,0,0,-0.572701027,0.731376975,0.416842105,0.192307692,4.442651256
木夭丑友什68aa37ab,0.333333333,0,0,-0.572701027,1.589164786,2.395789474,1.830769231,4.736198448
木夭丑友什68aa37ba,0.6,1,1,-0.949330586,0.993227991,0.712982456,0.261538462,5.176149733
木夭丑友什68aa37bb,0.733333333,2.5,2.5,-0.949330586,2.496613995,1.545263158,0.607692308,6.329720906
木夭丑友什68aa38aa,0.8,2,2,-1.016111067,2.618510158,1.463859649,0.684615385,6.280395839
木夭丑友什68aa38ab,0.6,2,2,-0.443166975,0.37020316,0.193684211,0.046153846,4.418840608
木夭丑友什68aa38ba,0.466666667,2.5,2.5,-0.443166975,2.031602709,1.483508772,1.246153846,5.209486153
木夭丑友什68aa38bb,0.8,3.5,3.5,-0.443166975,2.325056433,1.404912281,0.8,6.274762021
木夭丑友什68aa39aa,0.733333333,2.5,2.5,-0.189950584,1.693002257,1.117192982,0.392307692,6.077642243
木夭丑友什68aa40aa,-0.266666667,-0.5,-0.5,0.384581897,-0.216704289,-0.303157895,-0.323076923,2.63905733
木夭丑友什68aa40ab,-0.066666667,0,0,0.350656872,-0.343115124,-0.341052632,-0.323076923,1.945910149
木夭丑友什68aa40ba,-1.066666667,-0.5,-0.5,0.590560592,-0.198645598,0.397192982,-0.107692308,2.48490665
木夭丑友什68aa40bb,-1,-0.5,-0.5,0.641327432,0.410835214,0.734035088,1.323076923,4.584967479
木夭丑友什68aa41aa,-1.066666667,-0.5,-0.5,0.641327432,-0.045146727,0.049122807,0.284615385,3.63758616
木夭丑友什68aa41ab,-1.066666667,-0.5,-0.5,0.641327432,0.329571106,0.756491228,1.738461538,2.995732274
木夭丑友什68aa41ba,-1.133333333,-0.5,-0.5,0.227135573,0.577878104,1.29122807,3.484615385,3.583518938
木夭丑友什68ab29ba,0.2,0.5,0.5,0.714419316,0,-0.009824561,-0.130769231,3.555348061
木夭丑友什68ab29bb,0.2,1.5,1.5,0.851005265,0.902934537,0.967017544,0.623076923,4.941642423
木夭丑友什68ab30aa,0.133333333,0.5,0.5,0.559615788,0.781038375,0.332631579,0.161538462,2.944438979
木夭丑友什68ab30ab,0.466666667,0.5,0.5,0.559615788,1.376975169,1.042807018,1.453846154,2.197224577
木夭丑友什68ab30ba,0.333333333,1.5,1.5,0.559615788,0.361173815,0.425263158,0.430769231,3.871201011
木夭丑友什68ab30bb,0.2,0,0,0.661140384,-0.009029345,0.002807018,-0.138461538,3.688879454
木夭丑友什68ab31aa,-0.133333333,-0.5,-0.5,0.661140384,-0.30248307,-0.314385965,-0.323076923,1.098612289
木夭丑友什68ab31ba,-0.266666667,-0.5,-0.5,0.830732844,-0.343115124,-0.341052632,-0.323076923,1.386294361
木夭丑友什68ab34aa,0,0,0,0.611937125,-0.085778781,-0.096842105,0.107692308,2.079441542
木夭丑友什68ab34ab,0.333333333,0,0,0.611937125,1.611738149,0.835087719,0.707692308,2.833213344
木夭丑友什68ab34ba,-0.2,0,0,0.611937125,0.167042889,0.401403509,0.676923077,2.48490665
木夭丑友什68ab34bb,0.333333333,-0.5,-0.5,0.354171814,0.492099323,0.919298246,1.092307692,2.48490665
木夭丑友什68ab35aa,0.4,-0.5,-0.5,0.365337317,0.347629797,0.289122807,0.261538462,2.197224577
木夭丑友什68ab36ab,0.4,-0.5,-0.5,0.379805361,-0.343115124,-0.341052632,-0.323076923,1.098612289
木夭丑友什68ab36ba,0.4,2,2,0.379805361,0.334085779,0.140350877,0.069230769,4.043051268
木夭丑友什68ab36bb,0.533333333,0.5,0.5,0.379805361,-0.343115124,-0.341052632,-0.323076923,1.945910149
木夭丑友什68ab37aa,0.666666667,1,1,-0.054456186,0.731376975,0.370526316,0.115384615,4.584967479
木夭丑友什68ab37ab,0.533333333,1.5,1.5,-0.572701027,1.525959368,1.170526316,1.038461538,5.135798437
木夭丑友什68ab37ba,0.6,0.5,0.5,-0.177931208,0.623024831,0.384561404,0.423076923,4.532599493
木夭丑友什68ab37bb,0.733333333,1,1,-0.177931208,1.990970655,0.997894737,0.184615385,5.940171253
木夭丑友什68ab38aa,0.733333333,3,3,-0.177931208,2.893905192,1.866666667,1.430769231,6.192362489
木夭丑友什68ab38ab,0.733333333,1.5,1.5,-0.471604911,1.029345372,1.01754386,1.192307692,4.753590191
木夭丑友什68ab38ba,0.8,2.5,2.5,-0.471604911,2.194130926,1.61122807,1.461538462,5.293304825
木夭丑友什68ab38bb,0.666666667,3,3,-0.978166136,1.914221219,1.216842105,0.792307692,5.59471138
木夭丑友什68ab39aa,0.6,0,0,-0.189950584,-0.040632054,-0.151578947,-0.276923077,4.143134726
木夭丑友什68ab40ab,-0.533333333,0.5,0.5,0.350656872,-0.343115124,-0.341052632,-0.323076923,2.48490665
木夭丑友什68ab40ba,-1.066666667,-0.5,-0.5,0.590560592,-0.108352144,0.362105263,-0.007692308,1.098612289
木夭丑友什68ab40bb,-1.133333333,-0.5,-0.5,0.641327432,0.022573363,0.311578947,0.969230769,3.258096538
木夭丑友什68ab41aa,-1.133333333,-0.5,-0.5,0.641327432,-0.18510158,-0.095438596,0.1,2.079441542
木夭丑友什68ab41ab,-1.066666667,-0.5,-0.5,0.641327432,1.083521445,1.04,1.692307692,4.110873864
木夭丑友什68ab41ba,-1.066666667,-0.5,-0.5,-0.657780037,-0.162528217,0.009824561,0.061538462,1.945910149
木夭丑友什68ba29bb,0.133333333,1,1,0.851005265,0.148984199,0.234385965,0.038461538,4.094344562
木夭丑友什68ba30aa,0.2,2.5,2.5,0.851005265,0.925507901,0.752280702,0.676923077,4.691347882
木夭丑友什68ba30ab,0.266666667,1,1,0.851005265,0.320541761,0.367719298,0.523076923,3.784189634
木夭丑友什68ba30ba,0.133333333,0,0,0.681580544,0.063205418,0.098245614,0.007692308,3.828641396
木夭丑友什68ba30bb,0.2,0.5,0.5,0.681580544,0.194130926,0.150175439,0.1,3.988984047
木夭丑友什68ba34aa,0.4,0.5,0.5,0.611937125,0.316027088,0.209122807,0.276923077,2.833213344
木夭丑友什68ba34ab,0.2,0.5,0.5,0.611937125,0.523702032,0.458947368,0.515384615,3.610917913
木夭丑友什68ba34ba,0.133333333,-0.5,-0.5,0.611937125,-0.194130926,-0.279298246,-0.253846154,2.079441542
木夭丑友什68ba34bb,-0.2,0,0,0.83681453,0.713318284,0.516491228,0.461538462,2.397895273
木夭丑友什68ba35aa,-0.666666667,-0.5,-0.5,0.365337317,-0.198645598,-0.130526316,0.084615385,0.693147181
木夭丑友什68ba36ab,0.266666667,-0.5,-0.5,0.496523839,-0.045146727,-0.077192982,-0.107692308,3.433987204
木夭丑友什68ba36ba,0.4,0,0,0.496523839,0.243792325,0.110877193,0.069230769,4.356708827
木夭丑友什68ba36bb,0.266666667,0,0,0.098939948,0.713318284,0.734035088,1.215384615,3.891820298
木夭丑友什68ba37ab,0.133333333,-0.5,-0.5,-0.219400565,-0.013544018,-0.106666667,-0.138461538,2.63905733
木夭丑友什68ba37ba,0.666666667,2,2,0.130150684,1.200902935,0.801403509,0.730769231,5.105945474
木夭丑友什68ba37bb,0.866666667,1.5,1.5,0.130150684,-0.153498871,-0.223157895,-0.323076923,5.272999559
木夭丑友什68ba38aa,0.933333333,1.5,1.5,0.130150684,2.0496614,1.089122807,0.330769231,6.12905021
木夭丑友什68ba38ab,0.8,3.5,3.5,-0.287682072,3.047404063,1.672982456,0.661538462,6.338594078
木夭丑友什68ba38ba,0.466666667,1,1,-0.287682072,0.293453725,0.206315789,0.230769231,4.204692619
木夭丑友什68ba38bb,0.4,2,2,-0.287682072,1.20993228,0.992280702,1.038461538,4.564348191
木夭丑友什68ba39aa,0.2,0.5,0.5,-0.994252273,-0.121896163,-0.129122807,-0.007692308,2.197224577
木夭丑友什68ba39ab,-1.333333333,-0.5,-0.5,0.138891999,2.027088036,2.30877193,3.307692308,3.091042453
木夭丑友什68ba39ba,-1.333333333,-0.5,-0.5,0.261594738,0.297968397,0.439298246,0.861538462,1.098612289
木夭丑友什68ba40aa,-0.133333333,-0.5,-0.5,0.277631737,-0.284424379,-0.301754386,-0.223076923,2.564949357
木夭丑友什68ba40ab,-1.266666667,-0.5,-0.5,0.277631737,0.663656885,0.614736842,0.815384615,3.258096538
木夭丑友什68ba40ba,-1,-0.5,-0.5,0.277631737,0.573363431,0.567017544,0.830769231,3.465735903
木夭丑友什68ba40bb,-1,-0.5,-0.5,0.641327432,0.726862302,1.803508772,4.584615385,2.564949357
木夭丑友什68ba41aa,-1,-0.5,-0.5,0.641327432,-0.085778781,0.195087719,0.984615385,1.386294361
木夭丑友什68ba41ab,-1,-0.5,-0.5,0.641327432,1.873589165,1.04,0.369230769,2.302585093
木夭丑友什68ba41ba,-1.066666667,-0.5,-0.5,-0.657780037,3.823927765,1.879298246,0.546153846,2.302585093
木夭丑友什68bb30aa,0.2,0.5,0.5,0.851005265,-0.158013544,-0.120701754,-0.223076923,3.33220451
木夭丑友什68bb30ab,0.333333333,-0.5,-0.5,1.113500901,0.004514673,-0.054736842,-0.169230769,2.48490665
木夭丑友什68bb31ba,0.266666667,-0.5,-0.5,0.839409688,-0.343115124,-0.341052632,-0.323076923,2.197224577
木夭丑友什68bb31bb,-0.8,-0.5,-0.5,1.187843422,-0.212189616,-0.195087719,-0.161538462,2.995732274
木夭丑友什68bb34aa,0.333333333,0,0,0.699626147,0.243792325,0.322807018,0.684615385,3.091042453
木夭丑友什68bb34ab,0.4,0.5,0.5,0.699626147,0.546275395,0.444912281,0.492307692,3.295836866
木夭丑友什68bb34ba,0.4,-0.5,-0.5,0.699626147,-0.288939052,-0.315789474,-0.323076923,2.079441542
木夭丑友什68bb34bb,-0.266666667,-0.5,-0.5,0.83681453,0.37020316,0.294736842,0.623076923,1.945910149
木夭丑友什68bb35aa,-0.6,0,0,0.365337317,0.478555305,0.77754386,1.415384615,3.970291914
木夭丑友什68bb36ab,0.133333333,0,0,0.496523839,0.144469526,0.023859649,-0.107692308,3.433987204
木夭丑友什68bb36ba,0.4,2,2,0.496523839,1.002257336,0.635789474,0.476923077,4.465908119
木夭丑友什68bb36bb,0.733333333,1,1,0.098939948,0.803611738,0.332631579,0.069230769,4.762173935
木夭丑友什68bb37ab,0,-0.5,-0.5,0.70111535,0.613995485,0.707368421,1.346153846,3.583518938
木夭丑友什68bb37ba,-0.866666667,1.5,1.5,0.324255053,0.297968397,0.487017544,1.076923077,2.63905733
木夭丑友什68bb37bb,0.8,0.5,0.5,0.324255053,-0.284424379,-0.310175439,-0.323076923,5.361292166
木夭丑友什68bb38aa,0.6,1,1,0.324255053,0.880361174,0.717192982,0.292307692,5.220355825
木夭丑友什68bb38ab,0.733333333,1,1,0.026641931,2.415349887,1.402105263,0.661538462,5.730099783
木夭丑友什68bb38ba,-0.066666667,1,1,-0.287682072,-0.180586907,-0.224561404,-0.2,1.098612289
木夭丑友什68bb39aa,0,0,0,-0.780886095,0.871331828,0.881403509,1.153846154,3.295836866
木夭丑友什68bb39ab,-1.333333333,-0.5,-0.5,-0.780886095,2.198645598,2.492631579,3.761538462,2.63905733
木夭丑友什68bb39ba,-1.333333333,-0.5,-0.5,0.261594738,0.613995485,0.630175439,0.953846154,1.791759469
木夭丑友什68bb40ab,-1.266666667,-0.5,-0.5,0.277631737,-0.243792325,-0.234385965,-0.2,0
木夭丑友什68bb40ba,-1.133333333,-0.5,-0.5,0.277631737,-0.225733634,-0.144561404,-0.015384615,4.094344562
木夭丑友什68bb40bb,-1.133333333,-0.5,-0.5,-0.791863153,0.130925508,0.926315789,3.338461538,4.060443011
木夭丑友什68bb41aa,-1.066666667,-0.5,-0.5,-0.791863153,-0.103837472,0.225964912,1.076923077,3.433987204
木夭丑友什69aa29ab,0.466666667,-0.5,-0.5,1.316408234,-0.343115124,-0.341052632,-0.323076923,0
木夭丑友什69aa30bb,2,-0.5,-0.5,1.025324493,-0.343115124,-0.341052632,-0.323076923,0
木夭丑友什69aa31ab,0.066666667,0,0,0.985070247,-0.343115124,-0.341052632,-0.323076923,1.945910149
木夭丑友什69aa31ba,0.066666667,2,2,0.985070247,-0.090293454,-0.140350877,0,3.988984047
木夭丑友什69aa31bb,-0.466666667,-0.5,-0.5,1.214912744,-0.343115124,-0.341052632,-0.323076923,0.693147181
木夭丑友什69aa32aa,-1.533333333,-0.5,-0.5,1.214912744,-0.343115124,-0.261052632,-0.092307692,2.63905733
木夭丑友什69aa32ab,-1.533333333,-0.5,-0.5,1.214912744,-0.284424379,-0.13754386,0.092307692,2.63905733
木夭丑友什69aa33bb,0.4,-0.5,-0.5,1.259596708,-0.343115124,-0.33122807,-0.323076923,1.791759469
木夭丑友什69aa34aa,-0.333333333,-0.5,-0.5,0.998791953,-0.343115124,-0.317192982,-0.323076923,2.564949357
木夭丑友什69aa34ab,0.4,-0.5,-0.5,0.998791953,0.11738149,0.036491228,0.030769231,2.995732274
木夭丑友什69aa34ba,0.4,-0.5,-0.5,0.998791953,-0.270880361,-0.293333333,-0.323076923,0
木夭丑友什69aa34bb,-0.533333333,-0.5,-0.5,0.83681453,0.767494357,0.364912281,0.007692308,1.386294361
木夭丑友什69aa35aa,-0.6,2,2,-1.390302383,0.266365688,0.188070175,0.038461538,3.912023005
木夭丑友什69aa35ab,-0.6,0.5,0.5,-1.390302383,-0.045146727,0.001403509,0.023076923,3.850147602
木夭丑友什69aa35ba,-0.8,0,0,-1.390302383,-0.343115124,-0.341052632,-0.323076923,1.609437912
木夭丑友什69aa36ab,0.266666667,0,0,0.496523839,-0.090293454,-0.214736842,-0.230769231,2.197224577
木夭丑友什69aa36ba,0.4,1,1,0.496523839,2.835214447,2.346666667,2.776923077,4.290459441
木夭丑友什69aa36bb,0.466666667,1,1,0.098939948,0.505643341,0.294736842,0.307692308,4.356708827
木夭丑友什69aa37aa,0.133333333,0,0,-0.07364654,0.659142212,0.641403509,1.069230769,3.044522438
木夭丑友什69aa37ab,-0.8,0,0,0.70111535,-0.225733634,-0.199298246,-0.1,0
木夭丑友什69aa37ba,-0.8,0,0,0.324255053,-0.013544018,0.13754386,0.553846154,2.833213344
木夭丑友什69aa37bb,0.533333333,1,1,0.291175962,-0.343115124,-0.341052632,-0.323076923,2.079441542
木夭丑友什69aa38aa,0.733333333,2,2,0.291175962,0.054176072,-0.021052632,-0.023076923,5.308267697
木夭丑友什69aa38ab,0.6,-0.5,-0.5,0.291175962,3.286681716,2.312982456,2.107692308,3.610917913
木夭丑友什69aa38ba,0.6,0.5,0.5,-0.663588378,0.356659142,0.207719298,0.246153846,1.945910149
木夭丑友什69aa39aa,0.666666667,3,3,-0.157824085,-0.072234763,-0.21754386,-0.253846154,3.526360525
木夭丑友什69aa39ab,0.733333333,2.5,2.5,-0.157824085,-0.212189616,-0.218947368,-0.246153846,5.966146739
木夭丑友什69aa39ba,0.866666667,2,2,-0.532730459,-0.257336343,-0.275087719,-0.323076923,5.986452005
木夭丑友什69aa39bb,0.933333333,-0.5,-0.5,0.826366024,-0.343115124,-0.341052632,-0.323076923,4.060443011
木夭丑友什69aa40ba,-1.2,-0.5,-0.5,0.277631737,-0.343115124,-0.32,-0.323076923,1.609437912
木夭丑友什69aa40bb,-1.133333333,-0.5,-0.5,-0.791863153,0.040632054,0.084210526,0.430769231,3.401197382
木夭丑友什69aa41aa,-1,-0.5,-0.5,-0.791863153,0.325056433,0.409824561,1.007692308,3.610917913
木夭丑友什69aa41ab,-1.066666667,-0.5,-0.5,-0.791863153,0.433408578,0.919298246,2.492307692,2.48490665
木夭丑友什69aa41ba,-1.066666667,-0.5,-0.5,-0.21319322,0.06772009,0.536140351,1.669230769,2.833213344
木夭丑友什69ab31bb,5.4,-0.5,-0.5,1.265820208,-0.343115124,-0.341052632,-0.323076923,0.693147181
木夭丑友什69ab32aa,-0.533333333,-0.5,-0.5,1.265820208,-0.279909707,-0.305964912,-0.323076923,2.48490665
木夭丑友什69ab33bb,-0.266666667,-0.5,-0.5,1.214912744,-0.297968397,-0.311578947,-0.323076923,2.708050201
木夭丑友什69ab34aa,0.2,0,0,1.214912744,0.397291196,0.241403509,0.207692308,2.397895273
木夭丑友什69ab34bb,-1.266666667,-0.5,-0.5,0.994732158,-0.297968397,-0.155789474,0.107692308,2.079441542
木夭丑友什69ab35aa,-0.866666667,0,0,-1.390302383,0.713318284,0.666666667,1.369230769,3.401197382
木夭丑友什69ab35ab,-0.533333333,1,1,0.849295863,-0.343115124,-0.287719298,-0.184615385,1.791759469
木夭丑友什69ab36ba,0.066666667,-0.5,-0.5,0.6590732,0.478555305,0.364912281,0.4,1.791759469
木夭丑友什69ab36bb,0.066666667,0,0,0.768718367,0,-0.02245614,0,3.135494216
木夭丑友什69ab37aa,-0.466666667,-0.5,-0.5,0.580538236,-0.203160271,-0.185263158,-0.084615385,0
木夭丑友什69ab37ab,0.8,0.5,0.5,0.70111535,-0.040632054,-0.101052632,-0.123076923,4.465908119
木夭丑友什69ab37ba,0.8,1.5,1.5,0.324255053,0.735891648,0.310175439,0.107692308,6.08221891
木夭丑友什69ab37bb,0.866666667,1.5,1.5,0.286681572,-0.18510158,-0.255438596,-0.323076923,3.988984047
木夭丑友什69ab38aa,1,2,2,0.286681572,1.656884876,0.517894737,-0.038461538,5.707110265
木夭丑友什69ab38ab,0.733333333,0,0,0.286681572,0.731376975,0.369122807,0.230769231,4.007333185
木夭丑友什69ab38ba,1,-0.5,-0.5,-0.083381609,-0.343115124,-0.341052632,-0.323076923,0.693147181
木夭丑友什69ab38bb,0.533333333,-0.5,-0.5,-0.157824085,0.009029345,-0.067368421,0.023076923,3.218875825
木夭丑友什69ab39aa,0.666666667,0.5,0.5,-0.157824085,0.06772009,-0.040701754,0.030769231,3.555348061
木夭丑友什69ab39ab,0.8,0.5,0.5,-0.157824085,-0.343115124,-0.329824561,-0.323076923,5.480638923
木夭丑友什69ab39ba,0.533333333,1.5,1.5,-1.5945493,2.501128668,1.553684211,1.507692308,5.983936281
木夭丑友什69ab39bb,0.6,1,1,-0.127833372,0.943566591,0.62877193,0.661538462,5.774551546
木夭丑友什69ab40aa,-1.266666667,-0.5,-0.5,0.064850972,-0.343115124,-0.341052632,-0.323076923,0
木夭丑友什69ab40bb,-1.133333333,-0.5,-0.5,-0.791863153,0.013544018,0.023859649,0.369230769,2.48490665
木夭丑友什69ab41aa,-1,-0.5,-0.5,-0.791863153,0.830699774,0.66245614,1.330769231,2.197224577
木夭丑友什69ab41ab,-1,-0.5,-0.5,-0.273121921,0.690744921,1.173333333,2.861538462,2.995732274
木夭丑友什69ab41ba,-1.066666667,-0.5,-0.5,-0.088831214,0.243792325,0.669473684,1.7,2.833213344
木夭丑友什69ba30ab,2.666666667,-0.5,-0.5,1.711452838,-0.343115124,-0.341052632,-0.323076923,0.693147181
木夭丑友什69ba32aa,1.133333333,-0.5,-0.5,1.265820208,-0.343115124,-0.304561404,-0.230769231,0
木夭丑友什69ba33bb,-0.066666667,0,0,1.214912744,-0.25282167,-0.241403509,-0.223076923,2.397895273
木夭丑友什69ba34aa,-0.266666667,0,0,1.214912744,-0.343115124,-0.325614035,-0.323076923,2.397895273
木夭丑友什69ba35aa,-0.866666667,0.5,0.5,-0.382725621,0.948081264,0.837894737,1.046153846,3.465735903
木夭丑友什69ba35ab,-0.666666667,-0.5,-0.5,0.849295863,0.523702032,0.597894737,1.330769231,1.945910149
木夭丑友什69ba35ba,-0.2,-0.5,-0.5,1.149305403,-0.343115124,-0.328421053,-0.323076923,1.791759469
木夭丑友什69ba35bb,-0.266666667,-0.5,-0.5,1.173101141,-0.343115124,-0.341052632,-0.323076923,1.609437912
木夭丑友什69ba36bb,0.4,0,0,0.768718367,-0.306997743,-0.325614035,-0.323076923,1.609437912
木夭丑友什69ba37aa,0.666666667,0,0,-0.077961541,1.589164786,1.500350877,1.507692308,4.736198448
木夭丑友什69ba37ab,0.866666667,2,2,-0.077961541,1.336343115,0.62877193,0.407692308,6.338594078
木夭丑友什69ba37ba,0.866666667,1,1,0.267734435,0.957110609,0.315789474,0.030769231,6.107022888
木夭丑友什69ba37bb,0.8,0.5,0.5,0.286681572,1.101580135,0.487017544,0.092307692,5.918893854
木夭丑友什69ba38aa,0.6,2.5,2.5,0.286681572,3.146726862,1.818947368,1.1,5.837730447
木夭丑友什69ba38ab,0.733333333,1,1,0.286681572,0.997742664,0.366315789,0.330769231,4.795790546
木夭丑友什69ba38ba,0.466666667,0,0,-0.083381609,0.9751693,0.520701754,0.330769231,4.343805422
木夭丑友什69ba38bb,0.133333333,2,2,-1.22758267,2.027088036,1.431578947,1.4,4.691347882
木夭丑友什69ba39aa,-0.533333333,-0.5,-0.5,-1.22758267,2.257336343,2.172631579,3.330769231,3.610917913
木夭丑友什69ba39ab,-0.333333333,1,1,-0.157824085,0.288939052,0.341052632,0.638461538,2.197224577
木夭丑友什69ba39ba,0.266666667,0,0,-0.279713903,-0.198645598,-0.225964912,-0.223076923,1.945910149
木夭丑友什69ba39bb,0.466666667,2,2,-0.0629398,0.686230248,0.475789474,0.123076923,4.430816799
木夭丑友什69ba40aa,0.466666667,0.5,0.5,-0.0629398,0.424379233,0.273684211,0.084615385,4.158883083
木夭丑友什69ba40ab,0.333333333,0,0,0.404798219,0.568848758,0.176842105,-0.107692308,3.295836866
木夭丑友什69ba40ba,-1.133333333,-0.5,-0.5,-0.106472245,-0.343115124,-0.341052632,-0.323076923,0
木夭丑友什69ba41aa,-1,-0.5,-0.5,0.21107097,0.162528217,0.026666667,0.2,1.098612289
木夭丑友什69ba41ab,-1,-0.5,-0.5,0.21107097,0.320541761,0.259649123,0.592307692,1.386294361
木夭丑友什69bb33ba,0.333333333,-0.5,-0.5,1.214912744,-0.311512415,-0.301754386,-0.323076923,1.098612289
木夭丑友什69bb34aa,-0.133333333,-0.5,-0.5,1.214912744,-0.311512415,-0.322807018,-0.323076923,2.772588722
木夭丑友什69bb34bb,-0.533333333,0,0,1.129787906,1.864559819,1.063859649,0.969230769,3.17805383
木夭丑友什69bb35aa,-0.733333333,0,0,0.442118426,0.320541761,0.329824561,0.646153846,3.36729583
木夭丑友什69bb35bb,-0.266666667,-0.5,-0.5,1.173101141,-0.343115124,-0.341052632,-0.323076923,0
木夭丑友什69bb37aa,0.666666667,0,0,0.102556588,-0.158013544,-0.161403509,-0.223076923,3.713572067
木夭丑友什69bb37ab,0.733333333,2.5,2.5,0.102556588,2.121896163,1.330526316,0.661538462,5.746203191
木夭丑友什69bb37ba,0.666666667,1.5,1.5,-0.879476759,1.593679458,1.069473684,0.553846154,5.568344504
木夭丑友什69bb37bb,0.8,2,2,0.286681572,1.485327314,0.837894737,0.576923077,5.38907173
木夭丑友什69bb38aa,0.266666667,1,1,0.286681572,1.611738149,1.202807018,1.046153846,4.615120517
木夭丑友什69bb38ab,0.533333333,2.5,2.5,0.286681572,0.424379233,0.144561404,0.007692308,3.988984047
木夭丑友什69bb38ba,0.466666667,1,1,-0.083381609,3.44469526,2.004210526,1.061538462,5.645446898
木夭丑友什69bb38bb,0.533333333,1.5,1.5,-1.22758267,2.212189616,1.375438596,0.738461538,5.605802066
木夭丑友什69bb39aa,0.4,0.5,0.5,-0.387134151,1.155756208,0.798596491,0.684615385,5.099866428
木夭丑友什69bb39ab,0.4,0.5,0.5,-0.673344553,0.18510158,0.056140351,-0.030769231,4.043051268
木夭丑友什69bb39ba,0.666666667,0.5,0.5,-0.673344553,0.817155756,0.305964912,0.107692308,4.795790546
木夭丑友什69bb39bb,0.466666667,1.5,1.5,-0.673344553,1.571106095,1.278596491,1.207692308,4.770684624
木夭丑友什69bb40aa,0.466666667,-0.5,-0.5,0.608133806,0.23476298,-0.002807018,-0.2,3.401197382
木夭丑友什69bb40ab,0.333333333,0,0,0.433080275,-0.027088036,-0.065964912,-0.130769231,3.295836866
木夭丑友什70aa33ba,-0.4,-0.5,-0.5,1.444327392,-0.343115124,-0.341052632,-0.323076923,0
木夭丑友什70aa33bb,-0.533333333,-0.5,-0.5,1.444327392,-0.343115124,-0.341052632,-0.323076923,1.098612289
木夭丑友什70aa34ba,-0.533333333,-0.5,-0.5,1.241557565,-0.153498871,-0.221754386,-0.246153846,0
木夭丑友什70aa34bb,-0.533333333,0,0,1.242712633,0.60496614,0.418245614,0.6,3.17805383
木夭丑友什70aa35ba,-0.266666667,-0.5,-0.5,0.444685821,-0.343115124,-0.341052632,-0.323076923,0.693147181
木夭丑友什70aa37aa,0.466666667,0.5,0.5,-0.410980289,0.248306998,0.204912281,0.2,4.248495242
木夭丑友什70aa37ab,0.533333333,0.5,0.5,-0.450985623,2.221218962,1.726315789,1.538461538,5.533389489
木夭丑友什70aa37ba,0.733333333,2,2,-0.450985623,2.297968397,1.626666667,1.230769231,6.077642243
木夭丑友什70aa37bb,0.733333333,2.5,2.5,-0.94160854,2.040632054,1.501754386,1.115384615,5.749392986
木夭丑友什70aa38aa,0.6,3.5,3.5,-0.94160854,0.817155756,0.576842105,0.6,4.828313737
木夭丑友什70aa38ab,0.4,1,1,-0.94160854,-0.139954853,-0.241403509,-0.323076923,2.708050201
木夭丑友什70aa38ba,0.6,1.5,1.5,-0.850971266,2.275395034,1.487719298,0.915384615,5.463831805
木夭丑友什70aa38bb,0.666666667,2.5,2.5,-0.397496938,1.408577878,1.011929825,0.576923077,5.036952602
木夭丑友什70aa39aa,0.733333333,0.5,0.5,-0.713349888,2.261851016,1.699649123,1.369230769,4.882801923
木夭丑友什70aa39ab,0.6,1,1,-0.713349888,1.566591422,1.082105263,0.946153846,4.912654886
木夭丑友什70aa39ba,0.533333333,2,2,-0.713349888,1.869074492,1.136842105,0.507692308,5.147494477
木夭丑友什70aa39bb,0.466666667,2,2,-0.673344553,2.758465011,1.841403509,1.492307692,5.488937726
木夭丑友什70aa40aa,0.6,1.5,1.5,-0.659712404,0.934537246,0.631578947,0.546153846,4.624972813
木夭丑友什70aa40ab,0.066666667,-0.5,-0.5,0.608133806,-0.343115124,-0.341052632,-0.323076923,0
木夭丑友什70ab33ab,-1.266666667,-0.5,-0.5,1.671849173,-0.343115124,-0.341052632,-0.323076923,1.098612289
木夭丑友什70ab34ba,-0.533333333,-0.5,-0.5,0.299363577,0.704288939,0.496842105,0.530769231,1.791759469
木夭丑友什70ab34bb,-0.533333333,-0.5,-0.5,1.242712633,0.176072235,-0.005614035,-0.130769231,0.693147181
木夭丑友什70ab35bb,-0.333333333,-0.5,-0.5,0.246860078,-0.343115124,-0.341052632,-0.323076923,1.609437912
木夭丑友什70ab37aa,0.6,0.5,0.5,-0.665532014,0.311512415,0.197894737,0.146153846,4.521788577
木夭丑友什70ab37ab,0.533333333,1,1,-0.450985623,1.32731377,1.121403509,1.246153846,5.220355825
木夭丑友什70ab37ba,0.8,0.5,0.5,-0.450985623,1.810383747,1.421754386,1.330769231,5.996452089
木夭丑友什70ab37bb,0.866666667,2.5,2.5,-1.064210862,2.072234763,1.197192982,0.830769231,5.942799375
木夭丑友什70ab38aa,0.6,2.5,2.5,-1.064210862,1.607223476,0.97122807,0.569230769,5.365976015
木夭丑友什70ab38ba,0.4,4,4,-0.850971266,1.155756208,0.972631579,0.715384615,5.056245805
木夭丑友什70ab38bb,0.6,1,1,-0.397496938,1.810383747,1.37122807,1.030769231,5.257495372
木夭丑友什70ab39aa,0.6,2.5,2.5,-0.713349888,1.449209932,1.065263158,0.892307692,5.129898715
木夭丑友什70ab39ab,0.4,0.5,0.5,-0.713349888,1.146726862,0.929122807,0.784615385,4.094344562
木夭丑友什70ab39ba,0.466666667,2,2,-0.713349888,3.110609481,2.213333333,1.607692308,5.099866428
木夭丑友什70ab39bb,0.466666667,0.5,0.5,-0.689155159,1.88261851,1.069473684,0.769230769,5.231108617
木夭丑友什70ab40aa,0.266666667,0.5,0.5,-0.659712404,0.48758465,0.287719298,0.246153846,4.204692619
木夭丑友什70ab40ab,0.533333333,0.5,0.5,-0.071496002,0.018058691,-0.084210526,-0.207692308,3.737669618
木夭丑友什70ba34ba,0.533333333,0,0,2.307672132,0.25282167,-0.089824561,-0.246153846,1.791759469
木夭丑友什70ba34bb,0.6,0,0,1.242712633,-0.343115124,-0.341052632,-0.323076923,0
木夭丑友什70ba35ab,0.133333333,-0.5,-0.5,0.444685821,-0.343115124,-0.341052632,-0.323076923,0
木夭丑友什70ba35bb,-1.533333333,-0.5,-0.5,1.10393145,-0.343115124,-0.341052632,-0.323076923,2.63905733
木夭丑友什70ba36bb,0.466666667,0.5,0.5,-0.057629113,-0.343115124,-0.341052632,-0.323076923,2.302585093
木夭丑友什70ba37aa,0.333333333,-0.5,-0.5,-0.057629113,-0.343115124,-0.341052632,-0.323076923,2.079441542
木夭丑友什70ba37ba,0.866666667,1,1,-0.450985623,0.35214447,0.117894737,-0.038461538,4.343805422
木夭丑友什70ba37bb,0.733333333,1,1,-1.064210862,2.428893905,1.592982456,1.861538462,4.828313737
木夭丑友什70ba38aa,0.8,1,1,-1.064210862,2.546275395,1.323508772,1.192307692,5.247024072
木夭丑友什70ba38ab,0.466666667,1,1,-1.064210862,-0.036117381,-0.098245614,-0.107692308,1.098612289
木夭丑友什70ba38ba,0.533333333,1,1,-0.185125484,0.595936795,0.390175439,0.176923077,4.65396035
木夭丑友什70ba38bb,0.733333333,-0.5,-0.5,-0.397496938,-0.189616253,-0.207719298,-0.192307692,2.890371758
木夭丑友什70ba39aa,0.466666667,2,2,-0.713349888,2.094808126,1.504561404,1.038461538,5.620400866
木夭丑友什70ba39ab,0.4,3,3,-0.713349888,1.047404063,0.905263158,0.676923077,4.820281566
木夭丑友什70ba39ba,0.466666667,0,0,-0.713349888,1.661399549,1.258947368,0.746153846,5.036952602
木夭丑友什70ba39bb,0.533333333,1,1,-0.689155159,1.909706546,1.265964912,1.107692308,4.779123493
木夭丑友什70ba40aa,0.466666667,1.5,1.5,0.100749903,2.316027088,1.29122807,0.861538462,4.912654886
木夭丑友什70ba40ab,0.6,1,1,0.100749903,1.187358916,0.70877193,0.330769231,4.941642423
木夭丑友什70ba40ba,0.466666667,-0.5,-0.5,0.248421358,0.401805869,0.25122807,0.253846154,3.401197382
木夭丑友什70bb34ba,0.066666667,-0.5,-0.5,2.307672132,-0.343115124,-0.341052632,-0.323076923,0
木夭丑友什70bb36aa,-0.133333333,-0.5,-0.5,0.834212621,-0.261851016,-0.310175439,-0.323076923,1.386294361
木夭丑友什70bb37aa,1.2,0,0,-0.057629113,-0.343115124,-0.341052632,-0.323076923,2.890371758
木夭丑友什70bb37ab,-0.4,-0.5,-0.5,-0.057629113,-0.343115124,-0.341052632,-0.323076923,2.197224577
木夭丑友什70bb37ba,-0.666666667,-0.5,-0.5,-0.089924708,-0.343115124,-0.341052632,-0.323076923,0
木夭丑友什70bb37bb,-0.133333333,0,0,-1.064210862,1.507900677,0.965614035,0.953846154,2.197224577
木夭丑友什70bb38aa,0.266666667,0,0,-1.064210862,0.830699774,0.501052632,0.546153846,2.079441542
木夭丑友什70bb38ab,0.4,-0.5,-0.5,-1.064210862,1.237020316,0.913684211,1.023076923,2.302585093
木夭丑友什70bb38ba,0.133333333,0,0,-1.027222293,-0.207674944,-0.183859649,-0.146153846,2.197224577
木夭丑友什70bb38bb,0.133333333,0.5,0.5,0.456158222,0.158013544,0.50245614,0.146153846,2.708050201
木夭丑友什70bb39aa,0.4,0.5,0.5,-0.532730459,0.11738149,0.088421053,0.1,2.890371758
木夭丑友什70bb39ab,0.533333333,2,2,-0.689155159,1.273137698,1.070877193,0.953846154,5.117993812
木夭丑友什70bb39ba,0.4,0,0,-0.689155159,0.573363431,0.315789474,0.092307692,4.158883083
木夭丑友什70bb39bb,0.533333333,0.5,0.5,-0.689155159,1.638826185,1.385263158,0.976923077,4.394449155
木夭丑友什70bb40aa,0.8,0.5,0.5,0.305276381,1.155756208,1.100350877,1.146153846,2.48490665
木夭丑友什70bb40ab,0.4,0,0,0.305276381,1.851015801,1.149473684,0.884615385,4.941642423
木夭丑友什70bb40ba,0.333333333,-0.5,-0.5,0.305276381,-0.189616253,-0.261052632,-0.323076923,1.609437912
木夭丑友什71aa35bb,-0.066666667,-0.5,-0.5,1.447624616,-0.306997743,-0.314385965,-0.323076923,2.197224577
木夭丑友什71aa36aa,-0.2,0,0,1.387543581,-0.144469526,-0.197894737,-0.146153846,3.218875825
木夭丑友什71aa36bb,0,-0.5,-0.5,-0.057629113,-0.343115124,-0.341052632,-0.323076923,2.197224577
木夭丑友什71aa37aa,-0.133333333,-0.5,-0.5,-0.057629113,-0.316027088,-0.312982456,-0.323076923,2.995732274
木夭丑友什71aa37ab,0.666666667,-0.5,-0.5,-0.057629113,-0.343115124,-0.341052632,-0.323076923,1.609437912
木夭丑友什71aa37bb,-0.133333333,-0.5,-0.5,-0.006018072,-0.343115124,-0.305964912,-0.323076923,2.995732274
木夭丑友什71aa38aa,0.733333333,-0.5,-0.5,-0.006018072,-0.343115124,-0.325614035,-0.323076923,1.098612289
木夭丑友什71aa38bb,-0.4,0,0,0.173112618,0.248306998,0.25122807,0.423076923,0.693147181
木夭丑友什71aa39aa,-0.4,-0.5,-0.5,0.483043243,1.033860045,1.145263158,1.884615385,2.772588722
木夭丑友什71ab36aa,-0.666666667,0,0,1.387543581,-0.063205418,-0.188070175,-0.223076923,3.401197382
木夭丑友什71ab36bb,0.2,-0.5,-0.5,0.657520003,-0.343115124,-0.341052632,-0.323076923,2.397895273
木夭丑友什71ab37aa,1.333333333,-0.5,-0.5,0.083421608,-0.343115124,-0.341052632,-0.323076923,3.258096538
木夭丑友什71ab37ba,0.466666667,-0.5,-0.5,-0.006018072,-0.343115124,-0.341052632,-0.323076923,3.044522438
木夭丑友什71ab37bb,0.266666667,-0.5,-0.5,-0.006018072,-0.343115124,-0.341052632,-0.323076923,1.945910149
木夭丑友什71ab38aa,0.133333333,-0.5,-0.5,-0.006018072,-0.343115124,-0.341052632,-0.323076923,2.079441542
木夭丑友什71ab38ab,0.866666667,-0.5,-0.5,-1.027222293,-0.343115124,-0.341052632,-0.323076923,1.098612289
木夭丑友什71ab41aa,0.2,-0.5,-0.5,0.806922195,-0.343115124,-0.341052632,-0.323076923,0.693147181
木夭丑友什71ba36aa,-0.266666667,-0.5,-0.5,1.387543581,-0.288939052,-0.312982456,-0.323076923,2.63905733
木夭丑友什71ba36bb,0,-0.5,-0.5,0.657520003,-0.343115124,-0.341052632,-0.323076923,2.079441542
木夭丑友什71ba37aa,1.066666667,-0.5,-0.5,0.812706416,-0.343115124,-0.341052632,-0.323076923,2.708050201
木夭丑友什71ba37ab,0,1.5,1.5,-0.048140375,0.713318284,0.367719298,0.253846154,4.094344562
木夭丑友什71ba37ba,0.466666667,-0.5,-0.5,-0.006018072,-0.343115124,-0.341052632,-0.323076923,2.397895273
木夭丑友什71ba37bb,0.733333333,-0.5,-0.5,-0.006018072,0.55530474,0.522105263,0.246153846,3.091042453
木夭丑友什71ba38aa,0.266666667,-0.5,-0.5,-0.006018072,1.300225734,0.846315789,0.846153846,3.17805383
木夭丑友什71ba38ab,-0.2,0.5,0.5,0.511625304,-0.153498871,-0.196491228,-0.261538462,3.295836866
木夭丑友什71ba38ba,-0.066666667,-0.5,-0.5,0.327143141,-0.013544018,-0.134736842,-0.2,2.772588722
木夭丑友什71ba40bb,2.2,-0.5,-0.5,0.632335041,-0.343115124,-0.341052632,-0.323076923,0
木夭丑友什71bb37ab,0.066666667,-0.5,-0.5,0.672434139,0.018058691,-0.155789474,-0.238461538,3.044522438
木夭丑友什71bb37ba,-0.133333333,-0.5,-0.5,0.717839793,-0.343115124,-0.341052632,-0.323076923,0
木夭丑友什71bb38aa,-0.133333333,0.5,0.5,0.717839793,0.027088036,-0.018245614,0.092307692,1.386294361
木夭丑友什71bb38ab,0,-0.5,-0.5,0.511625304,-0.112866817,-0.210526316,-0.215384615,2.833213344
木夭丑友什71bb38ba,-0.133333333,1.5,1.5,0.360467742,-0.257336343,-0.270877193,-0.261538462,1.945910149
木夭丑友什72aa38ba,-0.533333333,-0.5,-0.5,0.360467742,-0.343115124,-0.341052632,-0.323076923,0.693147181