year,cctv,light,pa,ep,fp,yp,nb,label,gid
0,0,0,4.390601566,-0.316027088,-0.33122807,-0.323076923,-0.487804878,0,木夭丑友什58ab30ba
0,0,0,4.135977337,-0.343115124,-0.341052632,-0.323076923,-0.487804878,0,木夭丑友什58bb30ab
0,0,0,4.135977337,-0.343115124,-0.341052632,-0.323076923,-0.487804878,0,木夭丑友什59aa30aa
0,0,0,4.135977337,-0.343115124,-0.341052632,-0.323076923,-0.455284553,0,木夭丑友什59aa30ab
0,1,1,3.550741543,-0.343115124,-0.341052632,-0.323076923,-0.455284553,0,木夭丑友什59ab30aa
0,0,0,3.550741543,-0.343115124,-0.341052632,-0.323076923,-0.487804878,0,木夭丑友什59ab30ab
1,0,0,3.183469422,-0.343115124,-0.341052632,-0.323076923,-0.097560976,0,木夭丑友什59ba30aa
1,0,0,2.209631728,-0.180586907,-0.303157895,-0.323076923,-0.292682927,0,木夭丑友什59ba30bb
0,0,0,1.814364273,-0.343115124,-0.332631579,-0.323076923,-0.390243902,0,木夭丑友什59ba31ab
1,0,0,3.318113648,-0.343115124,-0.341052632,-0.323076923,-0.422764228,0,木夭丑友什59bb29bb
0,0,0,2.307615397,-0.30248307,-0.315789474,-0.276923077,-0.195121951,0,木夭丑友什59bb30ba
1,0,0,1.733711048,-0.311512415,-0.33122807,-0.323076923,-0.422764228,0,木夭丑友什59bb30bb
1,0,0,1.593067822,-0.343115124,-0.329824561,-0.323076923,-0.097560976,0,木夭丑友什59bb31aa
0,0,0,1.64305949,-0.343115124,-0.329824561,-0.323076923,-0.097560976,0,木夭丑友什59bb31ab
0,0,0,1.64305949,-0.343115124,-0.341052632,-0.323076923,-0.422764228,0,木夭丑友什59bb31ba
0,0,0,0.936510582,-0.343115124,-0.341052632,-0.323076923,-0.422764228,0,木夭丑友什59bb32bb
0,0,0,3.640726546,-0.343115124,-0.341052632,-0.323076923,-0.422764228,0,木夭丑友什60aa29ba
1,0,0,3.183469422,-0.306997743,-0.33122807,-0.323076923,0.260162602,0,木夭丑友什60aa29bb
1,0,0,3.183469422,-0.343115124,-0.341052632,-0.323076923,-0.292682927,0,木夭丑友什60aa30aa
0,0,0,2.307615397,-0.343115124,-0.341052632,-0.323076923,-0.487804878,0,木夭丑友什60aa30ab
0,0,0,1.429761706,-0.343115124,-0.341052632,-0.323076923,-0.520325203,0,木夭丑友什60aa31bb
1,0,0,0.811864689,-0.343115124,-0.341052632,-0.323076923,-0.520325203,0,木夭丑友什60aa32ba
0,1,1,0.936510582,-0.343115124,-0.341052632,-0.323076923,-0.520325203,0,木夭丑友什60aa32bb
1,0,0,2.671554741,-0.311512415,-0.322807018,-0.323076923,-0.195121951,0,木夭丑友什60ab29ba
1,0,0,2.926845526,-0.343115124,-0.341052632,-0.323076923,-0.422764228,0,木夭丑友什60ab29bb
0,0,0,0.881186469,-0.343115124,-0.341052632,-0.323076923,-0.097560976,0,木夭丑友什60ab32bb
0,0,0,2.671554741,-0.343115124,-0.341052632,-0.323076923,-0.520325203,0,木夭丑友什60ba29ab
1,0,0,2.666888852,-0.248306998,-0.263859649,-0.323076923,-0.097560976,0,木夭丑友什60ba32ba
0,0,0,0.387268789,-0.343115124,-0.328421053,-0.323076923,-0.455284553,0,木夭丑友什60ba32bb
0,1,1,2.474254291,-0.343115124,-0.341052632,-0.323076923,-0.422764228,0,木夭丑友什60bb29aa
1,1,1,2.126312281,-0.221218962,-0.248421053,-0.253846154,0.097560976,0,木夭丑友什60bb29ab
1,0,0,2.666888852,-0.343115124,-0.341052632,-0.323076923,-0.455284553,0,木夭丑友什60bb32ab
1,0,0,2.666888852,0.076749436,0.014035088,0.069230769,1.203252033,0,木夭丑友什60bb32ba
1,0,0,5.487085486,-0.288939052,-0.18245614,-0.061538462,-0.032520325,0,木夭丑友什60bb32bb
0,0,0,2.474254291,-0.343115124,-0.341052632,-0.323076923,-0.455284553,0,木夭丑友什61aa29aa
1,0,0,2.126312281,-0.343115124,-0.311578947,-0.246153846,-0.325203252,0,木夭丑友什61aa29ab
0,0,0,1.837693718,-0.343115124,-0.341052632,-0.323076923,-0.455284553,0,木夭丑友什61aa30bb
0,0,0,-0.038660223,-0.343115124,-0.341052632,-0.323076923,-0.487804878,0,木夭丑友什61aa32ab
1,1,1,-0.038660223,-0.0496614,-0.028070175,-0.015384615,0.780487805,0,木夭丑友什61aa32ba
1,0,0,-0.038660223,-0.216704289,-0.188070175,-0.146153846,0.162601626,0,木夭丑友什61aa32bb
1,1,1,-0.038660223,-0.180586907,0.067368421,0.338461538,-0.520325203,0,木夭丑友什61ab32ab
1,1,1,-0.038660223,-0.279909707,-0.247017544,-0.207692308,0.845528455,0,木夭丑友什61ab32ba
1,1,1,-0.038660223,-0.139954853,-0.105263158,0.023076923,-0.260162602,0,木夭丑友什61ab32bb
0,0,0,1.739710048,-0.343115124,-0.341052632,-0.323076923,-0.455284553,0,木夭丑友什61ba29aa
1,1,1,-0.038660223,-0.30248307,-0.220350877,-0.123076923,0.585365854,0,木夭丑友什61ba32ab
1,1,1,0.208631895,-0.216704289,-0.179649123,-0.038461538,1.170731707,0,木夭丑友什61ba32ba
1,1,1,0.208631895,-0.230248307,-0.186666667,-0.1,-0.390243902,0,木夭丑友什61ba32bb
0,0,0,2.518913514,-0.297968397,-0.317192982,-0.323076923,-0.227642276,0,木夭丑友什61ba36ab
1,0,0,-0.112647892,-0.248306998,-0.230175439,-0.215384615,-0.520325203,0,木夭丑友什61bb31bb
1,1,1,4.059323446,-0.207674944,-0.070175439,0.330769231,0.357723577,0,木夭丑友什61bb32ab
1,1,1,0.208631895,-0.022573363,0.092631579,0.492307692,1.463414634,2,木夭丑友什61bb32ba
1,0,0,0.208631895,-0.176072235,-0.202105263,-0.123076923,-0.390243902,0,木夭丑友什61bb32bb
1,0,0,1.917680387,-0.121896163,-0.234385965,-0.323076923,0.455284553,0,木夭丑友什61bb36ab
1,0,0,1.917680387,-0.221218962,-0.252631579,-0.323076923,0.487804878,0,木夭丑友什61bb36ba
1,1,1,-0.112647892,-0.176072235,-0.200701754,-0.192307692,-0.487804878,0,木夭丑友什62aa31ba
1,0,0,-0.112647892,1.205417607,1.037192982,1.407692308,-0.097560976,2,木夭丑友什62aa31bb
1,1,1,-0.349941676,0.681715576,0.919298246,1.807692308,-0.292682927,2,木夭丑友什62aa32aa
1,1,1,-0.691884686,0.501128668,0.696140351,1.1,0.097560976,2,木夭丑友什62aa32ab
1,1,1,0.208631895,0.18510158,0.398596491,0.976923077,-0.06504065,2,木夭丑友什62aa32ba
1,1,1,11.07348775,-0.004514673,0.38877193,1.107692308,0.06504065,4,木夭丑友什62aa32bb
0,0,0,1.079153474,-0.343115124,-0.341052632,-0.323076923,-0.487804878,0,木夭丑友什62aa33bb
1,0,0,2.542909515,-0.343115124,-0.341052632,-0.323076923,-0.195121951,0,木夭丑友什62aa34ab
1,1,1,1.917680387,-0.279909707,-0.291929825,-0.323076923,0,0,木夭丑友什62aa36ab
1,1,1,1.917680387,-0.243792325,-0.280701754,-0.323076923,0.195121951,0,木夭丑友什62aa36ba
1,1,1,1.713047825,-0.316027088,-0.324210526,-0.323076923,0.195121951,0,木夭丑友什62aa36bb
1,0,0,1.789701716,-0.266365688,-0.296140351,-0.269230769,-0.162601626,0,木夭丑友什62aa37aa
0,0,0,2.042992835,-0.316027088,-0.33122807,-0.323076923,-0.487804878,0,木夭丑友什62ab28ab
1,0,0,1.012497917,-0.343115124,-0.327017544,-0.323076923,-0.292682927,0,木夭丑友什62ab30ab
1,0,0,0.994500917,-0.311512415,-0.324210526,-0.323076923,-0.260162602,0,木夭丑友什62ab30ba
1,0,0,-0.112647892,0.081264108,-0.019649123,0.038461538,-0.032520325,0,木夭丑友什62ab31ba
1,1,1,-0.44725879,0.130925508,0.015438596,0.169230769,-0.455284553,0,木夭丑友什62ab31bb
1,1,1,-0.44725879,0.207674944,0.401403509,0.846153846,-0.325203252,2,木夭丑友什62ab32aa
1,1,1,-0.44725879,0.374717833,0.593684211,1.292307692,0.227642276,2,木夭丑友什62ab32ab
1,1,1,-0.691884686,0.306997743,0.610526316,1.246153846,0.390243902,2,木夭丑友什62ab32ba
1,1,1,11.07348775,0.018058691,0.175438596,0.292307692,-0.260162602,4,木夭丑友什62ab32bb
1,0,0,1.079153474,-0.343115124,-0.341052632,-0.323076923,-0.520325203,0,木夭丑友什62ab33bb
0,0,0,2.437593734,-0.343115124,-0.341052632,-0.323076923,-0.227642276,0,木夭丑友什62ab34ab
1,0,0,2.212964506,-0.343115124,-0.341052632,-0.323076923,-0.097560976,0,木夭丑友什62ab35ba
0,0,0,2.212964506,-0.343115124,-0.341052632,-0.323076923,-0.520325203,0,木夭丑友什62ab35bb
1,0,0,3.408765206,-0.343115124,-0.341052632,-0.323076923,-0.455284553,0,木夭丑友什62ab36ab
0,0,0,1.713047825,-0.343115124,-0.341052632,-0.323076923,-0.357723577,0,木夭丑友什62ab36bb
0,0,0,1.789701716,-0.257336343,-0.29754386,-0.323076923,0.032520325,0,木夭丑友什62ab37aa
0,0,0,2.590901516,-0.343115124,-0.341052632,-0.323076923,-0.422764228,0,木夭丑友什62ba28ab
1,0,0,0.923846026,-0.343115124,-0.341052632,-0.323076923,-0.520325203,0,木夭丑友什62ba30ab
1,0,0,0.994500917,-0.279909707,-0.317192982,-0.323076923,-0.195121951,0,木夭丑友什62ba30ba
1,0,0,0.994500917,-0.343115124,-0.325614035,-0.323076923,-0.162601626,0,木夭丑友什62ba30bb
1,0,0,0.994500917,-0.297968397,-0.32,-0.323076923,-0.260162602,0,木夭丑友什62ba31aa
1,1,1,-0.44725879,-0.198645598,-0.05754386,0.361538462,0.130081301,0,木夭丑友什62ba32ab
1,1,1,-0.691884686,0.022573363,0.028070175,0.053846154,1.886178862,2,木夭丑友什62ba32ba
1,1,1,11.07348775,0.112866817,0.065964912,0.053846154,1.528455285,4,木夭丑友什62ba32bb
1,1,1,11.07348775,-0.225733634,-0.255438596,-0.230769231,-0.390243902,4,木夭丑友什62ba33aa
1,0,0,2.437593734,-0.343115124,-0.341052632,-0.323076923,-0.487804878,0,木夭丑友什62ba34ba
1,0,0,2.212964506,-0.279909707,-0.286315789,-0.323076923,0,0,木夭丑友什62ba35ab
0,1,1,2.212964506,-0.270880361,-0.311578947,-0.323076923,0.097560976,0,木夭丑友什62ba35ba
1,0,0,2.212964506,-0.343115124,-0.341052632,-0.323076923,-0.455284553,0,木夭丑友什62ba35bb
0,0,0,0.879186802,-0.306997743,-0.321403509,-0.323076923,-0.162601626,0,木夭丑友什62bb28aa
0,0,0,0.82386269,-0.343115124,-0.341052632,-0.323076923,-0.455284553,0,木夭丑友什62bb28ab
1,1,1,1.139143476,-0.343115124,-0.33122807,-0.323076923,-0.292682927,0,木夭丑友什62bb28bb
1,0,0,1.139143476,-0.306997743,-0.324210526,-0.323076923,-0.390243902,0,木夭丑友什62bb29aa
1,0,0,1.303116147,-0.343115124,-0.33122807,-0.323076923,-0.455284553,0,木夭丑友什62bb31ba
1,1,1,-0.254624229,-0.343115124,-0.341052632,-0.323076923,-0.422764228,0,木夭丑友什62bb32aa
1,1,1,-0.254624229,-0.189616253,-0.056140351,0.061538462,1.918699187,2,木夭丑友什62bb32ab
1,1,1,-0.845859023,-0.162528217,-0.095438596,-0.007692308,1.788617886,2,木夭丑友什62bb32ba
1,1,1,-0.688551908,-0.270880361,-0.258245614,-0.261538462,0.552845528,0,木夭丑友什62bb32bb
1,0,0,2.557573738,-0.306997743,-0.314385965,-0.323076923,0.032520325,0,木夭丑友什62bb33aa
1,0,0,1.677053824,-0.343115124,-0.341052632,-0.323076923,-0.390243902,0,木夭丑友什62bb34aa
1,0,0,1.677053824,-0.343115124,-0.341052632,-0.323076923,-0.487804878,0,木夭丑友什62bb34ab
1,1,1,2.212964506,-0.306997743,-0.311578947,-0.323076923,-0.162601626,0,木夭丑友什62bb35ab
1,0,0,2.212964506,-0.343115124,-0.332631579,-0.323076923,-0.357723577,0,木夭丑友什62bb35ba
0,0,0,1.167805366,-0.343115124,-0.341052632,-0.323076923,-0.520325203,0,木夭丑友什62bb36bb
0,0,0,0.879186802,-0.343115124,-0.341052632,-0.323076923,-0.520325203,0,木夭丑友什63aa28aa
1,0,0,0.82386269,-0.343115124,-0.332631579,-0.323076923,-0.487804878,0,木夭丑友什63aa28ab
0,0,0,1.013164473,-0.343115124,-0.329824561,-0.323076923,-0.520325203,0,木夭丑友什63aa28ba
0,0,0,1.013164473,-0.343115124,-0.341052632,-0.323076923,-0.520325203,0,木夭丑友什63aa28bb
1,1,1,-0.254624229,-0.306997743,-0.294736842,-0.323076923,0.06504065,0,木夭丑友什63aa32aa
1,1,1,-0.254624229,-0.099322799,-0.033684211,0.246153846,1.853658537,2,木夭丑友什63aa32ab
1,1,1,-0.723879353,-0.239277652,-0.199298246,-0.176923077,1.593495935,2,木夭丑友什63aa32ba
1,0,0,-0.688551908,-0.284424379,-0.283508772,-0.223076923,0.390243902,0,木夭丑友什63aa32bb
0,1,1,1.677053824,-0.343115124,-0.341052632,-0.323076923,0.552845528,0,木夭丑友什63aa34aa
1,0,0,0.107315447,-0.203160271,-0.254035088,-0.253846154,0.390243902,0,木夭丑友什63aa37ab
0,0,0,0.82386269,-0.343115124,-0.33122807,-0.323076923,-0.357723577,0,木夭丑友什63ab28ab
1,0,0,1.303116147,-0.343115124,-0.328421053,-0.323076923,-0.097560976,0,木夭丑友什63ab31ba
1,0,0,-0.254624229,-0.18510158,-0.234385965,-0.169230769,-0.130081301,0,木夭丑友什63ab31bb
1,1,1,-0.254624229,0.347629797,1.009122807,2.153846154,-0.06504065,2,木夭丑友什63ab32aa
1,1,1,-0.254624229,0.148984199,0.383157895,0.646153846,0.487804878,2,木夭丑友什63ab32ab
1,1,1,-0.723879353,0.112866817,0.22877193,0.353846154,0.325203252,2,木夭丑友什63ab32ba
1,0,0,1.239793368,-0.343115124,-0.341052632,-0.323076923,-0.097560976,0,木夭丑友什63ab34ab
0,0,0,1.239793368,-0.343115124,-0.341052632,-0.323076923,0.682926829,0,木夭丑友什63ab34ba
0,1,1,1.694384269,-0.343115124,-0.341052632,-0.323076923,-0.455284553,0,木夭丑友什63ab34bb
0,1,1,0.107315447,-0.293453725,-0.294736842,-0.323076923,-0.097560976,0,木夭丑友什63ab37ab
1,0,0,2.162972838,-0.343115124,-0.341052632,-0.323076923,-0.292682927,0,木夭丑友什63ba29ba
1,0,0,0.399266789,-0.297968397,-0.314385965,-0.276923077,-0.130081301,0,木夭丑友什63ba31ba
1,1,1,0.974504249,-0.343115124,-0.341052632,-0.323076923,-0.455284553,0,木夭丑友什63ba31bb
1,0,0,0.017997,0.812641084,1.557894737,3.230769231,0.130081301,2,木夭丑友什63ba32aa
1,1,1,-0.15064156,-0.343115124,-0.293333333,-0.323076923,0.74796748,0,木夭丑友什63ba32ab
1,1,1,-0.15064156,-0.194130926,-0.17122807,-0.176923077,0.487804878,0,木夭丑友什63ba32ba
1,0,0,0.629895017,-0.248306998,-0.259649123,-0.238461538,-0.455284553,0,木夭丑友什63ba33bb
1,0,0,1.239793368,-0.343115124,-0.341052632,-0.323076923,-0.032520325,0,木夭丑友什63ba34ab
0,0,0,1.239793368,-0.343115124,-0.341052632,-0.323076923,-0.325203252,0,木夭丑友什63ba34ba
0,0,0,0.107315447,-0.343115124,-0.332631579,-0.323076923,-0.292682927,0,木夭丑友什63ba37aa
0,0,0,0.107315447,-0.343115124,-0.341052632,-0.323076923,-0.487804878,0,木夭丑友什63ba37ab
0,0,0,0.838526912,-0.343115124,-0.341052632,-0.323076923,-0.520325203,0,木夭丑友什63bb27bb
1,0,0,1.291118147,-0.343115124,-0.341052632,-0.323076923,-0.292682927,0,木夭丑友什63bb29ab
1,0,0,1.804365939,-0.343115124,-0.341052632,-0.323076923,-0.292682927,0,木夭丑友什63bb29ba
0,1,1,1.638393601,-0.036117381,-0.190877193,-0.246153846,-0.130081301,0,木夭丑友什63bb30aa
0,0,0,1.638393601,-0.176072235,-0.258245614,-0.323076923,-0.162601626,0,木夭丑友什63bb30ab
1,0,0,0.399266789,-0.311512415,-0.325614035,-0.323076923,-0.195121951,0,木夭丑友什63bb31ba
1,1,1,-0.325945676,0.523702032,1.052631579,2.876923077,0.195121951,2,木夭丑友什63bb32aa
1,1,1,-0.15064156,-0.343115124,-0.341052632,-0.323076923,1.983739837,0,木夭丑友什63bb32ab
1,0,0,0.485252458,-0.343115124,-0.341052632,-0.323076923,-0.487804878,0,木夭丑友什63bb33aa
1,1,1,0.485252458,0.23476298,0.06877193,0.238461538,0.455284553,0,木夭丑友什63bb33ab
1,1,1,0.485252458,0.176072235,-0.007017544,0.138461538,0.06504065,0,木夭丑友什63bb33ba
1,1,1,1.478420263,-0.085778781,-0.082807018,0.030769231,0.520325203,0,木夭丑友什63bb33bb
1,0,0,1.239793368,-0.297968397,-0.321403509,-0.323076923,-0.195121951,0,木夭丑友什63bb34ba
0,0,0,-0.073987669,-0.343115124,-0.341052632,-0.323076923,-0.520325203,0,木夭丑友什63bb36ba
1,0,0,0.550574904,-0.275395034,-0.324210526,-0.323076923,-0.520325203,0,木夭丑友什64aa28bb
1,0,0,1.291118147,-0.343115124,-0.324210526,-0.323076923,0.06504065,0,木夭丑友什64aa29ab
1,0,0,1.804365939,-0.343115124,-0.33122807,-0.323076923,-0.195121951,0,木夭丑友什64aa29ba
0,1,1,1.638393601,-0.239277652,-0.247017544,-0.261538462,-0.130081301,0,木夭丑友什64aa30aa
0,0,0,1.638393601,-0.266365688,-0.293333333,-0.323076923,-0.292682927,0,木夭丑友什64aa30ab
1,0,0,1.139143476,-0.343115124,-0.341052632,-0.323076923,-0.422764228,0,木夭丑友什64aa31ab
1,0,0,0.932511248,-0.343115124,-0.341052632,-0.323076923,-0.325203252,0,木夭丑友什64aa31ba
1,1,1,0.395934011,-0.121896163,0.522105263,2.384615385,-0.390243902,2,木夭丑友什64aa32aa
1,1,1,0.495250792,0.25282167,0.846315789,2.369230769,0.585365854,2,木夭丑友什64aa32ab
1,0,0,0.857190468,-0.198645598,-0.192280702,-0.069230769,-0.390243902,0,木夭丑友什64aa32bb
1,0,0,0.485252458,0.18510158,0.179649123,0.476923077,-0.390243902,0,木夭丑友什64aa33aa
1,1,1,0.485252458,0.501128668,0.630175439,1.615384615,0.357723577,2,木夭丑友什64aa33ab
1,1,1,3.446758874,-0.094808126,-0.044912281,0.092307692,0.74796748,0,木夭丑友什64aa33ba
1,1,1,3.446758874,-0.261851016,-0.168421053,-0.069230769,1.203252033,0,木夭丑友什64aa33bb
0,0,0,1.478420263,-0.343115124,-0.341052632,-0.323076923,-0.422764228,0,木夭丑友什64aa34ab
0,0,0,-0.691884686,-0.343115124,-0.341052632,-0.323076923,-0.487804878,0,木夭丑友什64aa36ab
1,0,0,-0.691884686,-0.036117381,0.211929825,0.553846154,0.780487805,2,木夭丑友什64aa36ba
1,0,0,-0.073321113,0.30248307,0.760701754,2.546153846,0.487804878,2,木夭丑友什64aa36bb
1,1,1,0.17463756,-0.279909707,-0.322807018,-0.323076923,-0.195121951,0,木夭丑友什64aa37ba
0,0,0,1.353774371,-0.343115124,-0.341052632,-0.323076923,-0.520325203,0,木夭丑友什64aa38bb
1,0,0,0.159973338,-0.221218962,-0.280701754,-0.323076923,-0.260162602,0,木夭丑友什64ab27ab
1,1,1,1.164472588,-0.275395034,-0.287719298,-0.276923077,-0.325203252,0,木夭丑友什64ab27ba
1,0,0,0.163972671,-0.343115124,-0.341052632,-0.323076923,-0.487804878,0,木夭丑友什64ab28ba
1,1,1,0.503916014,0.532731377,0.035087719,-0.115384615,-0.195121951,0,木夭丑友什64ab28bb
1,0,0,0.503916014,-0.108352144,-0.272280702,-0.323076923,-0.487804878,0,木夭丑友什64ab29aa
0,1,1,0.825862356,0.013544018,-0.150175439,-0.184615385,0.81300813,0,木夭丑友什64ab29ab
1,0,0,0.988501916,-0.121896163,-0.268070175,-0.261538462,-0.292682927,0,木夭丑友什64ab29ba
1,0,0,0.988501916,-0.343115124,-0.341052632,-0.323076923,-0.455284553,0,木夭丑友什64ab29bb
1,1,1,0.988501916,-0.054176072,-0.124912281,-0.130769231,0.292682927,0,木夭丑友什64ab30aa
0,0,0,1.638393601,0,-0.204912281,-0.215384615,-0.097560976,0,木夭丑友什64ab30ab
0,0,0,1.139143476,-0.343115124,-0.33122807,-0.323076923,-0.455284553,0,木夭丑友什64ab31ab
1,0,0,0.932511248,-0.343115124,-0.341052632,-0.323076923,-0.520325203,0,木夭丑友什64ab31ba
1,1,1,0.833194468,-0.343115124,-0.322807018,-0.323076923,-0.325203252,0,木夭丑友什64ab31bb
1,1,1,0.395934011,-0.257336343,-0.030877193,0.607692308,0.617886179,0,木夭丑友什64ab32aa
1,1,1,17.11981336,0.063205418,0.501052632,1.561538462,0.422764228,4,木夭丑友什64ab32ab
1,1,1,17.11981336,0.099322799,0.343859649,1.130769231,0.943089431,4,木夭丑友什64ab32ba
1,1,1,17.11981336,-0.027088036,0.071578947,0.615384615,0.650406504,4,木夭丑友什64ab32bb
1,1,1,19.91134811,-0.266365688,-0.188070175,-0.007692308,1.170731707,4,木夭丑友什64ab33aa
1,1,1,10.22296284,-0.198645598,-0.042105263,0.323076923,2.276422764,4,木夭丑友什64ab33ab
1,1,1,3.446758874,-0.257336343,-0.124912281,0.061538462,2.113821138,0,木夭丑友什64ab33ba
1,0,0,3.446758874,-0.343115124,-0.312982456,-0.261538462,-0.195121951,0,木夭丑友什64ab33bb
1,0,0,0.443926012,-0.343115124,-0.341052632,-0.323076923,0.325203252,0,木夭丑友什64ab34ab
0,1,1,0.684552575,-0.162528217,-0.252631579,-0.323076923,0.87804878,0,木夭丑友什64ab34ba
1,0,0,0.561906349,-0.189616253,-0.103859649,-0.184615385,0.780487805,0,木夭丑友什64ab34bb
0,0,0,0.26662223,-0.316027088,-0.341052632,-0.323076923,-0.455284553,0,木夭丑友什64ab35bb
0,0,0,0.26662223,-0.284424379,-0.32,-0.323076923,-0.357723577,0,木夭丑友什64ab36aa
1,0,0,-0.691884686,-0.158013544,-0.126315789,-0.1,-0.455284553,0,木夭丑友什64ab36ab
1,0,0,-0.691884686,0.126410835,0.686315789,1.523076923,0.06504065,2,木夭丑友什64ab36ba
1,0,0,-0.073321113,0.60496614,1.073684211,2.246153846,0.585365854,2,木夭丑友什64ab36bb
0,0,0,-0.073321113,-0.343115124,-0.33122807,-0.323076923,-0.520325203,0,木夭丑友什64ab37aa
1,0,0,-0.073321113,-0.293453725,-0.321403509,-0.323076923,-0.325203252,0,木夭丑友什64ab37ab
1,1,1,0.17463756,-0.230248307,-0.289122807,-0.253846154,0.130081301,0,木夭丑友什64ab37ba
1,0,0,8.659223463,-0.316027088,-0.325614035,-0.323076923,-0.357723577,4,木夭丑友什64ab38bb
1,0,0,8.659223463,-0.266365688,-0.290526316,-0.276923077,-0.097560976,4,木夭丑友什64ab39aa
0,1,1,0.159973338,-0.013544018,-0.176842105,-0.276923077,0.682926829,0,木夭丑友什64ba27ab
1,1,1,5.771704716,-0.189616253,-0.218947368,-0.323076923,0.260162602,0,木夭丑友什64ba27ba
1,0,0,5.320446592,-0.343115124,-0.341052632,-0.323076923,-0.487804878,0,木夭丑友什64ba28aa
1,0,0,0.163972671,-0.343115124,-0.341052632,-0.323076923,-0.292682927,0,木夭丑友什64ba28ab
1,0,0,0.503916014,0.135440181,-0.120701754,-0.161538462,0,0,木夭丑友什64ba28bb
0,0,0,0.503916014,-0.343115124,-0.341052632,-0.323076923,-0.130081301,0,木夭丑友什64ba29aa
1,1,1,4.03466089,-0.221218962,-0.276491228,-0.323076923,-0.097560976,0,木夭丑友什64ba29ab
1,0,0,0.988501916,-0.343115124,-0.341052632,-0.323076923,-0.325203252,0,木夭丑友什64ba29ba
1,0,0,0.988501916,-0.343115124,-0.341052632,-0.323076923,-0.227642276,0,木夭丑友什64ba29bb
1,1,1,0.988501916,0.406320542,0.195087719,0.053846154,0.845528455,0,木夭丑友什64ba30aa
1,1,1,3.039493418,0.013544018,-0.039298246,-0.053846154,0.585365854,0,木夭丑友什64ba30ab
1,0,0,1.695050825,-0.343115124,-0.341052632,-0.323076923,-0.195121951,0,木夭丑友什64ba30ba
1,1,1,1.695050825,-0.306997743,-0.301754386,-0.269230769,0.162601626,0,木夭丑友什64ba30bb
1,1,1,1.249125146,-0.212189616,-0.21754386,-0.176923077,0.585365854,0,木夭丑友什64ba31aa
1,1,1,1.237793701,-0.343115124,-0.311578947,-0.276923077,-0.097560976,0,木夭丑友什64ba31bb
1,1,1,1.237793701,-0.284424379,-0.214736842,-0.076923077,0.682926829,0,木夭丑友什64ba32aa
1,1,1,1.237793701,-0.180586907,-0.065964912,0.184615385,1.983739837,0,木夭丑友什64ba32ab
1,1,1,0.769871688,-0.225733634,-0.155789474,-0.084615385,0.975609756,0,木夭丑友什64ba32ba
1,1,1,0.611231461,-0.288939052,-0.232982456,-0.107692308,0.715447154,0,木夭丑友什64ba32bb
1,1,1,0.569905016,-0.297968397,-0.234385965,-0.123076923,0.617886179,0,木夭丑友什64ba33aa
1,1,1,0.184635894,-0.343115124,-0.25122807,-0.323076923,-0.357723577,0,木夭丑友什64ba33bb
1,0,0,0.561906349,-0.216704289,-0.258245614,-0.238461538,0.227642276,0,木夭丑友什64ba34bb
1,0,0,0.425929012,-0.343115124,-0.341052632,-0.323076923,-0.292682927,0,木夭丑友什64ba35aa
1,0,0,0.26662223,-0.266365688,-0.310175439,-0.323076923,0.06504065,0,木夭丑友什64ba35ba
0,1,1,0.26662223,-0.270880361,-0.301754386,-0.323076923,0.325203252,0,木夭丑友什64ba35bb
1,1,1,0.26662223,-0.081264108,-0.050526316,0.123076923,1.008130081,0,木夭丑友什64ba36aa
1,1,1,-0.251958007,-0.112866817,-0.050526316,0.146153846,0,0,木夭丑友什64ba36ab
1,0,0,-0.56323946,-0.004514673,0.106666667,0.176923077,0.130081301,0,木夭丑友什64ba36ba
1,0,0,-0.073321113,1.309255079,0.642807018,0.446153846,0.617886179,2,木夭丑友什64ba36bb
0,0,0,-0.073321113,-0.144469526,-0.206315789,-0.269230769,-0.487804878,0,木夭丑友什64ba37aa
1,0,0,-0.073321113,-0.343115124,-0.332631579,-0.323076923,-0.097560976,0,木夭丑友什64ba37ab
0,1,1,0.333944343,-0.306997743,-0.329824561,-0.323076923,-0.422764228,0,木夭丑友什64ba38ab
0,0,0,0.333944343,-0.343115124,-0.341052632,-0.323076923,-0.520325203,0,木夭丑友什64ba38ba
1,0,0,0.333944343,-0.261851016,-0.286315789,-0.253846154,-0.130081301,0,木夭丑友什64ba38bb
1,1,1,0.677220463,0.054176072,-0.05754386,-0.084615385,2.016260163,0,木夭丑友什64ba39aa
0,1,1,0.677220463,-0.316027088,-0.324210526,-0.323076923,-0.390243902,0,木夭丑友什64ba39ab
1,0,0,1.263122813,-0.288939052,-0.321403509,-0.323076923,-0.195121951,0,木夭丑友什64ba39ba
1,0,0,0.001999667,-0.343115124,-0.341052632,-0.323076923,-0.487804878,0,木夭丑友什64bb27ab
1,0,0,-0.803199467,-0.343115124,-0.341052632,-0.323076923,-0.487804878,0,木夭丑友什64bb28aa
1,0,0,-0.952507915,-0.343115124,-0.341052632,-0.323076923,-0.260162602,0,木夭丑友什64bb28ab
1,0,0,0.163972671,-0.343115124,-0.341052632,-0.323076923,-0.357723577,0,木夭丑友什64bb28ba
1,0,0,0.503916014,-0.343115124,-0.341052632,-0.323076923,-0.325203252,0,木夭丑友什64bb28bb
0,0,0,0.503916014,-0.343115124,-0.332631579,-0.323076923,-0.292682927,0,木夭丑友什64bb29aa
1,1,1,4.03466089,-0.343115124,-0.341052632,-0.323076923,-0.325203252,0,木夭丑友什64bb29ab
1,0,0,0.988501916,-0.343115124,-0.341052632,-0.323076923,-0.260162602,0,木夭丑友什64bb29bb
1,0,0,0.988501916,-0.343115124,-0.341052632,-0.323076923,-0.130081301,0,木夭丑友什64bb30aa
1,0,0,1.335110815,-0.343115124,-0.341052632,-0.323076923,-0.195121951,0,木夭丑友什64bb30ba
1,0,0,1.249125146,-0.343115124,-0.341052632,-0.323076923,-0.422764228,0,木夭丑友什64bb31aa
1,0,0,0.520579903,-0.275395034,-0.303157895,-0.323076923,-0.227642276,0,木夭丑友什64bb34bb
1,0,0,0.520579903,-0.343115124,-0.341052632,-0.323076923,-0.390243902,0,木夭丑友什64bb35aa
1,0,0,0.425929012,-0.343115124,-0.341052632,-0.323076923,-0.292682927,0,木夭丑友什64bb35ab
1,0,0,0.350608232,-0.343115124,-0.341052632,-0.323076923,0.097560976,0,木夭丑友什64bb35ba
0,1,1,-0.19130145,-0.288939052,-0.303157895,-0.323076923,0.097560976,0,木夭丑友什64bb35bb
1,1,1,0.018663556,-0.306997743,-0.341052632,-0.323076923,-0.195121951,0,木夭丑友什64bb36aa
0,1,1,0.018663556,-0.275395034,-0.318596491,-0.323076923,-0.06504065,0,木夭丑友什64bb36ab
0,1,1,0.018663556,0.036117381,-0.103859649,-0.146153846,1.756097561,2,木夭丑友什64bb36ba
0,0,0,-0.125979003,-0.343115124,-0.327017544,-0.323076923,-0.455284553,0,木夭丑友什64bb36bb
0,1,1,-0.517913681,-0.343115124,-0.341052632,-0.323076923,-0.455284553,0,木夭丑友什64bb37ab
1,0,0,0.333944343,-0.279909707,-0.284912281,-0.269230769,-0.325203252,0,木夭丑友什64bb38bb
1,1,1,0.677220463,-0.081264108,-0.196491228,-0.246153846,0.617886179,0,木夭丑友什64bb39aa
0,1,1,0.677220463,-0.212189616,-0.241403509,-0.238461538,0.260162602,0,木夭丑友什64bb39ab
1,0,0,1.263122813,-0.23476298,-0.237192982,-0.192307692,0.06504065,0,木夭丑友什64bb39ba
1,1,1,1.26512248,-0.261851016,-0.277894737,-0.246153846,0.097560976,0,木夭丑友什64bb39bb
1,1,1,0.623896017,-0.212189616,-0.237192982,-0.223076923,0.650406504,0,木夭丑友什64bb40aa
0,0,0,-0.065989002,-0.343115124,-0.341052632,-0.323076923,-0.487804878,0,木夭丑友什65aa27aa
0,0,0,0,0.334085779,0.157192982,-0.153846154,-0.520325203,0,木夭丑友什65aa27ab
0,0,0,-0.803199467,-0.194130926,-0.143157895,-0.146153846,-0.390243902,0,木夭丑友什65aa27ba
0,1,1,-0.803199467,-0.225733634,-0.224561404,-0.323076923,-0.260162602,0,木夭丑友什65aa27bb
0,1,1,-0.803199467,3.110609481,3.323508772,3.138461538,-0.097560976,2,木夭丑友什65aa28aa
0,0,0,-0.952507915,1.62979684,1.92,3.184615385,-0.032520325,2,木夭丑友什65aa28ab
0,1,1,-0.609231795,1.083521445,1.863859649,3.7,-0.227642276,2,木夭丑友什65aa28ba
0,1,1,-0.609231795,1.64785553,1.807719298,2.9,0.162601626,2,木夭丑友什65aa28bb
1,1,1,4.364605899,0.600451467,1.155087719,1.653846154,-0.260162602,0,木夭丑友什65aa29aa
1,0,0,4.03466089,0.699774266,2.752280702,0.476923077,-0.130081301,0,木夭丑友什65aa29ab
1,1,1,3.207465422,-0.284424379,-0.283508772,-0.323076923,0.292682927,0,木夭丑友什65aa29ba
1,1,1,3.039493418,0.275395034,1.710877193,0.123076923,0.162601626,0,木夭丑友什65aa29bb
1,0,0,3.039493418,1.467268623,1.477894737,1.492307692,-0.130081301,2,木夭丑友什65aa30aa
1,1,1,3.039493418,2.297968397,3.331929825,4.123076923,-0.097560976,2,木夭丑友什65aa30ab
1,1,1,2.872854524,1.34537246,1.214035088,2.269230769,-0.455284553,2,木夭丑友什65aa30ba
1,0,0,2.706882186,0.505643341,0.467368421,0.976923077,-0.097560976,0,木夭丑友什65aa30bb
1,0,0,1.703716047,-0.176072235,-0.193684211,-0.092307692,-0.455284553,0,木夭丑友什65aa31ba
1,0,0,1.237793701,-0.090293454,-0.144561404,-0.053846154,-0.422764228,0,木夭丑友什65aa31bb
1,0,0,0.355274121,0.009029345,0.109473684,0.123076923,-0.487804878,0,木夭丑友什65aa32bb
1,0,0,0.221963006,-0.343115124,-0.341052632,-0.323076923,-0.455284553,0,木夭丑友什65aa33ba
1,0,0,0.184635894,-0.343115124,-0.32,-0.323076923,-0.357723577,0,木夭丑友什65aa33bb
1,0,0,-0.011331445,-0.343115124,-0.341052632,-0.323076923,-0.097560976,0,木夭丑友什65aa35ab
1,0,0,1.440426596,-0.297968397,-0.328421053,-0.323076923,-0.195121951,0,木夭丑友什65aa35ba
1,1,1,-0.19130145,-0.126410835,-0.188070175,-0.215384615,1.105691057,0,木夭丑友什65aa35bb
1,0,0,0.018663556,-0.343115124,-0.341052632,-0.323076923,-0.487804878,0,木夭丑友什65aa36aa
0,0,0,0.018663556,-0.343115124,-0.33122807,-0.323076923,-0.520325203,0,木夭丑友什65aa36ab
1,0,0,0.018663556,-0.257336343,-0.296140351,-0.238461538,-0.325203252,0,木夭丑友什65aa36ba
1,0,0,-0.256623896,-0.343115124,-0.341052632,-0.323076923,-0.487804878,0,木夭丑友什65aa36bb
1,0,0,0.333944343,-0.343115124,-0.341052632,-0.323076923,-0.390243902,0,木夭丑友什65aa38bb
1,0,0,0.677220463,-0.239277652,-0.259649123,-0.230769231,0.260162602,0,木夭丑友什65aa39ab
0,1,1,1.110481586,0.009029345,-0.151578947,-0.184615385,1.365853659,0,木夭丑友什65aa39ba
1,0,0,1.018496917,-0.279909707,-0.290526316,-0.323076923,-0.06504065,0,木夭丑友什65aa39bb
1,1,1,0.623896017,0.094808126,-0.094035088,-0.1,2.081300813,0,木夭丑友什65aa40aa
0,0,0,0.518580237,-0.027088036,-0.063157895,-0.223076923,-0.487804878,0,木夭丑友什65ab26ab
1,1,1,0.518580237,-0.316027088,-0.317192982,-0.323076923,-0.227642276,0,木夭丑友什65ab26ba
1,1,1,-0.065989002,-0.076749436,0.190877193,-0.253846154,-0.162601626,0,木夭丑友什65ab26bb
0,0,0,-0.065989002,-0.343115124,-0.341052632,-0.323076923,-0.487804878,0,木夭丑友什65ab27aa
0,1,1,0,0.06772009,-0.108070175,-0.223076923,0.422764228,0,木夭丑友什65ab27ab
0,1,1,-0.803199467,0.519187359,0.623157895,0.361538462,1.333333333,2,木夭丑友什65ab27ba
0,1,1,-0.803199467,0.148984199,0.56,-0.1,0.487804878,2,木夭丑友什65ab27bb
0,0,0,-0.803199467,0.853273138,0.74245614,0.423076923,0,2,木夭丑友什65ab28aa
0,1,1,-0.952507915,1.941309255,1.204210526,1.053846154,-0.162601626,2,木夭丑友什65ab28ab
0,1,1,-0.609231795,0.203160271,0.461754386,1.1,-0.227642276,2,木夭丑友什65ab28ba
0,1,1,-0.609231795,0.261851016,0.145964912,0.292307692,-0.487804878,2,木夭丑友什65ab28bb
0,0,0,-0.439926679,0.180586907,0.138947368,0.192307692,-0.325203252,0,木夭丑友什65ab29aa
0,0,0,-0.279286786,-0.031602709,-0.103859649,-0.130769231,-0.487804878,0,木夭丑友什65ab29ab
0,1,1,-0.279286786,-0.171557562,-0.103859649,0.046153846,-0.357723577,0,木夭丑友什65ab29ba
1,1,1,-0.279286786,-0.23476298,-0.21754386,-0.123076923,-0.390243902,0,木夭丑友什65ab29bb
0,1,1,-0.774537577,0.158013544,0.101052632,0.053846154,0.06504065,2,木夭丑友什65ab30aa
0,0,0,0.017997,1.575620767,1.059649123,1.230769231,-0.520325203,2,木夭丑友什65ab30ba
1,0,0,0.017997,0.79006772,0.450526316,0.653846154,-0.097560976,2,木夭丑友什65ab30bb
1,1,1,0.928511915,-0.148984199,-0.165614035,-0.107692308,0.195121951,0,木夭丑友什65ab31ba
1,1,1,0.928511915,-0.036117381,0.033684211,0.069230769,0.845528455,0,木夭丑友什65ab31bb
1,1,1,0.928511915,0.176072235,0.513684211,0.938461538,-0.292682927,0,木夭丑友什65ab32aa
1,0,0,0.639226796,0.261851016,1.275789474,1.423076923,-0.325203252,2,木夭丑友什65ab32ab
1,1,1,0.355274121,-0.103837472,0.070175439,0.246153846,-0.487804878,0,木夭丑友什65ab32ba
1,1,1,0.355274121,0.293453725,0.404210526,0.184615385,-0.260162602,0,木夭丑友什65ab32bb
1,1,1,0.355274121,0.027088036,0.200701754,0.207692308,-0.195121951,0,木夭丑友什65ab33aa
1,1,1,-0.14464256,-0.288939052,-0.089824561,-0.323076923,0.032520325,0,木夭丑友什65ab33bb
1,0,0,0.006665556,-0.343115124,-0.307368421,-0.276923077,-0.260162602,0,木夭丑友什65ab35aa
1,0,0,0.006665556,-0.343115124,-0.329824561,-0.323076923,-0.162601626,0,木夭丑友什65ab35ab
1,0,0,0.006665556,-0.293453725,-0.32,-0.323076923,-0.06504065,0,木夭丑友什65ab35ba
1,1,1,0.300616564,-0.216704289,-0.252631579,-0.2,-0.032520325,0,木夭丑友什65ab35bb
1,0,0,0.018663556,-0.343115124,-0.341052632,-0.323076923,-0.097560976,0,木夭丑友什65ab36aa
1,0,0,0.018663556,-0.311512415,-0.332631579,-0.323076923,-0.455284553,0,木夭丑友什65ab36ab
1,1,1,0.796533911,-0.343115124,-0.341052632,-0.323076923,-0.520325203,0,木夭丑友什65ab39bb
1,0,0,0.623896017,-0.316027088,-0.324210526,-0.323076923,-0.260162602,0,木夭丑友什65ab40aa
0,0,0,-0.117313781,0.198645598,0.305964912,-0.123076923,-0.357723577,0,木夭丑友什65ba26ba
0,1,1,-0.065989002,0.06772009,0.060350877,-0.207692308,-0.390243902,0,木夭丑友什65ba26bb
0,0,0,-0.065989002,-0.194130926,-0.284912281,-0.323076923,-0.195121951,0,木夭丑友什65ba27aa
0,1,1,-0.312614564,1.133182844,0.735438596,0.284615385,2.178861789,2,木夭丑友什65ba27ab
0,1,1,-0.479253458,1.0248307,1.287017544,1.646153846,2.894308943,2,木夭丑友什65ba27ba
0,1,1,-0.479253458,0.568848758,0.524912281,0.776923077,0.650406504,2,木夭丑友什65ba27bb
0,1,1,-0.479253458,1.990970655,1.605614035,0.546153846,0.130081301,2,木夭丑友什65ba28aa
0,1,1,-0.383936011,3.124153499,1.37122807,0.369230769,0,2,木夭丑友什65ba28ab
0,0,0,0.059323446,0.112866817,0.049122807,0.169230769,-0.260162602,0,木夭丑友什65ba28ba
0,1,1,-0.252624563,0.121896163,0.10245614,-0.030769231,1.951219512,2,木夭丑友什65ba29aa
0,0,0,-0.252624563,1.963882619,1.642105263,1.823076923,0.585365854,2,木夭丑友什65ba29ab
0,0,0,-0.252624563,1.643340858,1.212631579,1.761538462,0,2,木夭丑友什65ba29ba
0,1,1,-0.279286786,1.331828442,1.928421053,2.738461538,0.390243902,2,木夭丑友什65ba29bb
0,1,1,-0.07532078,0.586907449,0.569824561,0.153846154,4.357723577,1,木夭丑友什65ba30aa
0,1,1,0.017997,0.275395034,0.332631579,0.092307692,2.731707317,2,木夭丑友什65ba30ab
0,0,0,0.017997,0.695259594,0.439298246,0.423076923,1.170731707,2,木夭丑友什65ba30ba
0,1,1,0.017997,2.455981941,2.443508772,1.792307692,-0.032520325,2,木夭丑友什65ba30bb
0,1,1,0.235960673,0.550790068,0.293333333,0.130769231,-0.357723577,0,木夭丑友什65ba31aa
1,1,1,0.707215464,-0.266365688,-0.206315789,-0.215384615,0.422764228,0,木夭丑友什65ba31ba
1,1,1,0.707215464,-0.072234763,0.046315789,0.161538462,1.756097561,0,木夭丑友什65ba31bb
1,1,1,0.707215464,-0.081264108,0.053333333,0.269230769,0.097560976,0,木夭丑友什65ba32aa
1,1,1,0.267288785,0.392776524,1.068070175,2.207692308,0.975609756,2,木夭丑友什65ba32ab
1,0,0,0.267288785,-0.126410835,-0.012631579,0.307692308,-0.422764228,0,木夭丑友什65ba32ba
1,1,1,0.250624896,-0.343115124,-0.087017544,-0.323076923,-0.162601626,0,木夭丑友什65ba33aa
1,1,1,0.049325112,-0.343115124,-0.113684211,-0.323076923,-0.455284553,0,木夭丑友什65ba33ab
1,1,1,-0.14464256,-0.343115124,-0.341052632,-0.323076923,-0.227642276,0,木夭丑友什65ba33ba
1,0,0,-0.724545909,-0.176072235,-0.081403509,0.284615385,-0.422764228,0,木夭丑友什65ba34aa
1,0,0,-0.724545909,-0.311512415,-0.256842105,-0.176923077,-0.520325203,0,木夭丑友什65ba34ab
1,0,0,-0.345942343,-0.343115124,-0.341052632,-0.323076923,-0.390243902,0,木夭丑友什65ba34bb
1,0,0,0.006665556,-0.121896163,-0.202105263,-0.184615385,1.040650407,0,木夭丑友什65ba35aa
1,1,1,0.27262123,-0.207674944,-0.223157895,-0.238461538,0.097560976,0,木夭丑友什65ba35ab
1,0,0,0.27262123,-0.311512415,-0.325614035,-0.323076923,-0.422764228,0,木夭丑友什65ba35ba
0,1,1,0.142642893,-0.343115124,-0.341052632,-0.323076923,-0.487804878,0,木夭丑友什65ba36ba
0,1,1,-0.395934011,1.137697517,0.93754386,1.346153846,0.032520325,2,木夭丑友什65bb26ab
0,1,1,-0.790534911,1.589164786,1.727719298,2.523076923,0.422764228,2,木夭丑友什65bb26ba
0,0,0,-0.790534911,0.361173815,0.496842105,0.746153846,-0.357723577,2,木夭丑友什65bb26bb
0,0,0,-0.432594568,0.06772009,-0.070175439,-0.107692308,-0.130081301,0,木夭丑友什65bb27aa
0,1,1,-0.312614564,2.347629797,1.010526316,0.1,0.162601626,2,木夭丑友什65bb27ab
0,1,1,-0.071988002,1.227990971,0.919298246,1.492307692,-0.227642276,2,木夭丑友什65bb27ba
0,0,0,-0.036660557,1.58013544,1.334736842,1.669230769,0.097560976,2,木夭丑友什65bb27bb
0,0,0,-0.036660557,1.413092551,1.358596491,0.592307692,-0.032520325,2,木夭丑友什65bb28aa
0,1,1,-0.036660557,0.67268623,0.360701754,0.253846154,-0.260162602,2,木夭丑友什65bb28ab
0,1,1,-0.252624563,0.230248307,0.397192982,0.715384615,1.62601626,2,木夭丑友什65bb29aa
0,1,1,-0.252624563,0.383747178,0.538947368,0.892307692,0.487804878,2,木夭丑友什65bb29ab
0,1,1,-0.252624563,0.893905192,1.298245614,2.084615385,0.520325203,2,木夭丑友什65bb29ba
0,1,1,-0.273287785,1.738148984,1.208421053,1.153846154,0.260162602,2,木夭丑友什65bb29bb
0,0,0,-0.07532078,0.961625282,0.42245614,-0.046153846,2.081300813,2,木夭丑友什65bb30aa
0,1,1,0.017997,0.383747178,0.407017544,-0.015384615,3.837398374,1,木夭丑友什65bb30ab
0,1,1,0.017997,0.902934537,1.083508772,1.338461538,0.845528455,2,木夭丑友什65bb30ba
0,0,0,0.017997,1.056433409,1.007719298,0.838461538,0.715447154,2,木夭丑友什65bb30bb
0,1,1,0.177970338,0.230248307,0.280701754,-0.130769231,0.097560976,0,木夭丑友什65bb31aa
0,0,0,0.949175137,-0.343115124,-0.328421053,-0.323076923,-0.390243902,0,木夭丑友什65bb31ab
1,1,1,0.707215464,-0.225733634,-0.130526316,-0.146153846,1.073170732,0,木夭丑友什65bb31bb
1,1,1,0.707215464,-0.013544018,0.021052632,0.084615385,1.788617886,0,木夭丑友什65bb32aa
1,0,0,0.267288785,1.959367946,1.695438596,2.838461538,-0.06504065,2,木夭丑友什65bb32ab
1,0,0,0.267288785,1.593679458,1.949473684,3.069230769,-0.130081301,2,木夭丑友什65bb32ba
1,1,1,0.267288785,0.568848758,1.160701754,1.6,-0.130081301,2,木夭丑友什65bb32bb
1,1,1,-0.073987669,0.79006772,1.250526316,1.9,0.032520325,2,木夭丑友什65bb33aa
1,1,1,-0.14464256,-0.343115124,-0.341052632,-0.323076923,-0.455284553,0,木夭丑友什65bb33ab
1,1,1,-0.14464256,2.433408578,1.609824561,1.607692308,0.260162602,2,木夭丑友什65bb33ba
1,0,0,-0.14464256,0.668171558,0.950175439,1.5,0.195121951,2,木夭丑友什65bb33bb
1,1,1,-0.724545909,0.139954853,0.739649123,1.892307692,0.032520325,2,木夭丑友什65bb34aa
1,1,1,-0.724545909,0.108352144,0.482807018,1.192307692,-0.227642276,2,木夭丑友什65bb34ab
0,1,1,-0.724545909,-0.297968397,-0.321403509,-0.323076923,0.422764228,0,木夭丑友什65bb34ba
1,1,1,0.207965339,-0.288939052,-0.268070175,-0.238461538,0.032520325,0,木夭丑友什65bb35aa
0,0,0,0.207965339,-0.343115124,-0.341052632,-0.323076923,-0.455284553,0,木夭丑友什65bb35ab
1,0,0,0.207965339,-0.243792325,-0.249824561,-0.107692308,0.130081301,0,木夭丑友什65bb35ba
1,0,0,0.27262123,-0.297968397,-0.324210526,-0.323076923,-0.227642276,0,木夭丑友什65bb35bb
0,0,0,-0.083986002,0.103837472,0.204912281,0.330769231,-0.390243902,0,木夭丑友什66aa26aa
0,0,0,-0.395934011,1.237020316,1.44,2.461538462,0.195121951,2,木夭丑友什66aa26ab
0,1,1,-0.790534911,0.428893905,0.569824561,1.084615385,-0.032520325,2,木夭丑友什66aa26ba
0,0,0,-0.309281786,0.717832957,1.052631579,1.923076923,-0.162601626,2,木夭丑友什66aa26bb
0,0,0,-0.309281786,0.153498871,0.007017544,-0.084615385,0.097560976,0,木夭丑友什66aa27aa
0,1,1,-0.309281786,0.853273138,0.74245614,0.338461538,0.357723577,2,木夭丑友什66aa27ab
0,0,0,-0.071988002,0.898419865,1.437192982,1.630769231,-0.032520325,2,木夭丑友什66aa27ba
0,1,1,-0.036660557,0.826185102,1.148070175,1.461538462,0,2,木夭丑友什66aa27bb
0,1,1,-0.036660557,0.681715576,0.42245614,0.484615385,0.195121951,2,木夭丑友什66aa28aa
0,0,0,-0.036660557,-0.225733634,-0.244210526,-0.276923077,-0.390243902,0,木夭丑友什66aa28ab
1,0,0,0.107315447,0.451467269,-0.154385965,-0.323076923,-0.422764228,0,木夭丑友什66aa28bb
0,1,1,-0.252624563,1.227990971,1.306666667,1.9,0.130081301,2,木夭丑友什66aa29aa
0,0,0,-0.252624563,1.349887133,1.345964912,1.561538462,0.422764228,2,木夭丑友什66aa29ab
0,1,1,-0.252624563,1.611738149,1.849824561,1.5,0.06504065,2,木夭丑友什66aa29ba
0,1,1,-0.273287785,1.756207675,1.055438596,0.423076923,0,2,木夭丑友什66aa29bb
0,1,1,-0.07532078,1.435665914,0.887017544,0.384615385,-0.260162602,2,木夭丑友什66aa30aa
0,1,1,-0.013331111,0.83972912,1.236491228,2.446153846,-0.162601626,2,木夭丑友什66aa30ab
0,1,1,-0.013331111,1.232505643,1.347368421,2.092307692,0.130081301,2,木夭丑友什66aa30ba
0,1,1,0.488585236,1.038374718,0.974035088,1.838461538,-0.195121951,2,木夭丑友什66aa30bb
0,0,0,0.104649225,0.889390519,1.077894737,1.523076923,-0.032520325,2,木夭丑友什66aa31aa
0,0,0,0.104649225,-0.144469526,0.192280702,-0.261538462,-0.130081301,0,木夭丑友什66aa31ab
1,1,1,0.707215464,-0.343115124,-0.341052632,-0.323076923,-0.487804878,0,木夭丑友什66aa31ba
1,0,0,0.707215464,0.162528217,0.151578947,0.546153846,0.292682927,0,木夭丑友什66aa32aa
1,1,1,0.267288785,2.460496614,1.678596491,2.6,0.390243902,2,木夭丑友什66aa32ab
1,1,1,0.267288785,1.051918736,1.198596491,1.769230769,-0.227642276,2,木夭丑友什66aa32ba
1,1,1,0.267288785,-0.221218962,-0.197894737,-0.069230769,0,0,木夭丑友什66aa32bb
1,1,1,-0.073987669,0.514672686,1.135438596,2.392307692,-0.162601626,2,木夭丑友什66aa33aa
1,1,1,0.741209798,-0.167042889,-0.089824561,0.115384615,-0.422764228,0,木夭丑友什66aa33ab
1,1,1,-0.715880687,1.981941309,1.472280702,1.830769231,0.130081301,2,木夭丑友什66aa33ba
1,1,1,-0.723879353,0.848758465,1.237894737,2.2,0.260162602,2,木夭丑友什66aa33bb
1,1,1,-0.724545909,0.058690745,0.543157895,1.530769231,-0.032520325,2,木夭丑友什66aa34aa
1,1,1,-0.724545909,0.221218962,0.804210526,2.176923077,-0.195121951,2,木夭丑友什66aa34ab
1,0,0,-0.24395934,-0.343115124,-0.341052632,-0.323076923,-0.097560976,0,木夭丑友什66aa35ab
1,1,1,0.541909682,-0.25282167,-0.289122807,-0.323076923,-0.06504065,0,木夭丑友什66aa35ba
0,0,0,-0.395934011,0.478555305,0.8,1.161538462,-0.260162602,2,木夭丑友什66ab26ab
0,0,0,0.498583569,1.128668172,0.912280702,1.084615385,-0.227642276,2,木夭丑友什66ab26ba
0,1,1,-0.309281786,0.726862302,0.554385965,0.976923077,0.260162602,2,木夭丑友什66ab26bb
0,0,0,-0.317280453,-0.153498871,-0.22877193,-0.230769231,-0.357723577,0,木夭丑友什66ab27ab
0,0,0,-0.317280453,-0.293453725,-0.324210526,-0.323076923,-0.487804878,0,木夭丑友什66ab27ba
0,0,0,-0.036660557,0.108352144,-0.119298246,-0.153846154,-0.195121951,0,木夭丑友什66ab27bb
0,0,0,-0.036660557,-0.261851016,-0.287719298,-0.238461538,-0.422764228,0,木夭丑友什66ab28aa
0,1,1,0.107315447,1.074492099,1.087719298,1.676923077,0,2,木夭丑友什66ab29aa
0,1,1,0.107315447,0.884875847,1.093333333,2.130769231,0.487804878,2,木夭丑友什66ab29ab
0,1,1,-0.273287785,1.124153499,1.162105263,1.292307692,0.097560976,2,木夭丑友什66ab29ba
0,0,0,-0.273287785,0.428893905,0.690526316,0.953846154,0.195121951,2,木夭丑友什66ab29bb
0,1,1,-0.189968339,0.53724605,0.82245614,1.523076923,-0.06504065,2,木夭丑友什66ab30aa
0,1,1,-0.220629895,0.939051919,1.312280702,2.746153846,0.130081301,2,木夭丑友什66ab30ab
0,1,1,0.488585236,0.699774266,1.041403509,2.507692308,0.097560976,2,木夭丑友什66ab30ba
0,1,1,0.488585236,0.898419865,0.849122807,1.4,0.06504065,2,木夭丑友什66ab30bb
0,0,0,-0.155307449,0.212189616,0.186666667,0.661538462,-0.06504065,2,木夭丑友什66ab31aa
1,0,0,1.062489585,-0.30248307,-0.175438596,-0.276923077,0.292682927,0,木夭丑友什66ab31bb
1,1,1,0.625229128,-0.343115124,-0.341052632,-0.323076923,-0.422764228,0,木夭丑友什66ab32aa
1,0,0,0.404599233,-0.221218962,-0.174035088,0.015384615,-0.520325203,0,木夭丑友什66ab32ab
1,0,0,-0.073987669,0.135440181,0.398596491,0.953846154,-0.06504065,2,木夭丑友什66ab32ba
1,0,0,-0.073987669,0.753950339,0.975438596,1.376923077,0.357723577,2,木夭丑友什66ab32bb
0,0,0,-0.073987669,0.902934537,1.058245614,2.007692308,0.097560976,2,木夭丑友什66ab33aa
0,0,0,0.741209798,0.613995485,0.530526316,0.8,0.585365854,2,木夭丑友什66ab33ab
0,0,0,-0.576570572,1.106094808,1.167719298,1.938461538,0.032520325,2,木夭丑友什66ab33ba
0,0,0,-0.723879353,0.663656885,0.631578947,0.823076923,-0.195121951,2,木夭丑友什66ab33bb
0,0,0,-0.723879353,1.548532731,1.202807018,1.576923077,0.650406504,2,木夭丑友什66ab34aa
0,1,1,-0.723879353,1.539503386,1.121403509,1.384615385,0.032520325,2,木夭丑友什66ab34ab
0,0,0,-0.609231795,-0.343115124,-0.332631579,-0.323076923,-0.325203252,0,木夭丑友什66ab34bb
1,0,0,-0.171971338,-0.343115124,-0.341052632,-0.323076923,-0.487804878,0,木夭丑友什66ab35ab
1,1,1,-0.122646226,0.510158014,0.216140351,0.230769231,-0.260162602,2,木夭丑友什66ab37bb
1,0,0,0.053991001,-0.343115124,-0.341052632,-0.323076923,-0.390243902,0,木夭丑友什66ab38ab
0,0,0,0.407265456,-0.343115124,-0.341052632,-0.323076923,-0.292682927,0,木夭丑友什66ab39ab
0,0,0,0.44725879,0.045146727,-0.147368421,-0.123076923,0.097560976,0,木夭丑友什66ba26ba
0,1,1,-0.309281786,0.428893905,0.256842105,0.330769231,-0.032520325,2,木夭丑友什66ba26bb
0,0,0,-0.317280453,0.60496614,0.218947368,0.069230769,-0.130081301,0,木夭丑友什66ba27aa
1,0,0,-0.317280453,0.85778781,-0.081403509,-0.323076923,-0.520325203,0,木夭丑友什66ba27ba
0,0,0,0.501916347,-0.343115124,-0.341052632,-0.323076923,-0.520325203,0,木夭丑友什66ba27bb
0,0,0,0.267955341,-0.316027088,-0.315789474,-0.323076923,-0.422764228,0,木夭丑友什66ba28ba
0,1,1,-0.206632228,0.465011287,0.579649123,0.523076923,3.25203252,1,木夭丑友什66ba28bb
0,0,0,-0.206632228,0.261851016,0.456140351,0.907692308,0.032520325,2,木夭丑友什66ba29aa
0,0,0,-0.206632228,0.528216704,0.756491228,1.161538462,-0.260162602,2,木夭丑友什66ba29ab
0,0,0,-0.44125979,0.803611738,0.986666667,1.215384615,0.06504065,2,木夭丑友什66ba29ba
0,1,1,-0.44125979,0.55530474,1.103157895,2.2,0,2,木夭丑友什66ba29bb
0,1,1,-0.467922013,0.25282167,0.715789474,1.369230769,0,2,木夭丑友什66ba30aa
0,1,1,-0.415930678,0.740406321,1.272982456,3.084615385,-0.195121951,2,木夭丑友什66ba30ab
0,0,0,0.259290118,0.446952596,0.579649123,1.384615385,-0.195121951,2,木夭丑友什66ba30ba
0,0,0,-0.671888019,0.401805869,0.328421053,0.561538462,-0.390243902,2,木夭丑友什66ba31ab
0,0,0,-0.671888019,0.577878104,0.683508772,0.030769231,0,2,木夭丑友什66ba31ba
0,1,1,0.595900683,-0.306997743,-0.280701754,-0.323076923,0.227642276,0,木夭丑友什66ba31bb
0,1,1,0.465255791,-0.203160271,-0.131929825,-0.323076923,0.195121951,0,木夭丑友什66ba32aa
0,0,0,0.404599233,1.476297968,2.044912281,1.876923077,-0.097560976,2,木夭丑友什66ba32ab
0,1,1,0.404599233,-0.189616253,-0.162807018,-0.192307692,-0.357723577,0,木夭丑友什66ba32ba
0,1,1,0.404599233,1.060948081,0.550175439,0.384615385,0.032520325,2,木夭丑友什66ba32bb
0,1,1,0.58590235,0.379232506,0.496842105,0.907692308,-0.130081301,2,木夭丑友什66ba33aa
0,0,0,0.741209798,0.514672686,0.272280702,0.261538462,-0.130081301,0,木夭丑友什66ba33ab
0,1,1,-0.441926346,0.618510158,0.710175439,1.207692308,-0.130081301,2,木夭丑友什66ba33ba
0,1,1,-0.426595567,1.011286682,0.923508772,1.353846154,-0.227642276,2,木夭丑友什66ba33bb
0,1,1,-0.426595567,0.735891648,0.359298246,0.461538462,0.162601626,2,木夭丑友什66ba34aa
0,0,0,-0.609231795,1.340857788,0.647017544,0.661538462,0.650406504,2,木夭丑友什66ba34ab
1,0,0,-0.609231795,-0.343115124,-0.341052632,-0.323076923,-0.455284553,0,木夭丑友什66ba34bb
0,0,0,-0.537243793,1.20993228,1.072280702,2.115384615,-0.097560976,2,木夭丑友什66ba35aa
0,0,0,-0.10398267,0.180586907,0.204912281,0.630769231,0.097560976,2,木夭丑友什66ba35ab
0,0,0,-0.289951675,-0.0496614,-0.130526316,-0.030769231,-0.487804878,0,木夭丑友什66ba37ba
0,1,1,-0.289951675,0.53724605,0.356491228,0.215384615,0.650406504,2,木夭丑友什66ba37bb
1,0,0,-0.289951675,-0.343115124,-0.341052632,-0.323076923,-0.520325203,0,木夭丑友什66ba38aa
0,0,0,1.607732045,-0.257336343,-0.276491228,-0.323076923,-0.195121951,0,木夭丑友什66ba39ab
1,0,0,0.44725879,-0.316027088,-0.30877193,-0.323076923,-0.162601626,0,木夭丑友什66bb26ba
0,1,1,-0.553241126,0.243792325,0.101052632,0.153846154,1.138211382,2,木夭丑友什66bb26bb
1,1,1,-0.317280453,0.25282167,0.144561404,0.076923077,0.487804878,2,木夭丑友什66bb27aa
0,1,1,-0.317280453,0.270880361,-0.087017544,-0.161538462,-0.162601626,0,木夭丑友什66bb27ab
0,1,1,0.160639893,-0.18510158,-0.203508772,-0.215384615,0.06504065,0,木夭丑友什66bb28ba
0,1,1,-0.206632228,0.284424379,0.350877193,0.215384615,2.406504065,2,木夭丑友什66bb28bb
0,1,1,-0.206632228,0.248306998,0.265263158,0.215384615,1.691056911,2,木夭丑友什66bb29aa
0,0,0,-0.206632228,-0.343115124,-0.325614035,-0.323076923,-0.487804878,0,木夭丑友什66bb29ab
0,1,1,-0.728545242,0.53724605,0.72,0.6,3.219512195,1,木夭丑友什66bb29ba
0,0,0,-0.728545242,0.171557562,1.072280702,2.638461538,0.292682927,2,木夭丑友什66bb29bb
0,1,1,-0.885852358,0.898419865,1.381052632,2.492307692,0.032520325,2,木夭丑友什66bb30aa
0,0,0,-0.319946676,0.437923251,0.701754386,1.6,0.097560976,2,木夭丑友什66bb30ab
0,0,0,-0.181303116,0.329571106,0.341052632,0.6,0.06504065,2,木夭丑友什66bb31aa
0,0,0,-0.181303116,1.376975169,1.230877193,1.646153846,-0.195121951,2,木夭丑友什66bb31ab
0,1,1,-0.181303116,0.943566591,1.28,1.984615385,-0.097560976,2,木夭丑友什66bb31ba
0,1,1,0.815197467,0.180586907,0.489824561,0.676923077,0.162601626,2,木夭丑友什66bb31bb
0,1,1,0.465255791,0.866817156,1.139649123,1.476923077,0.325203252,2,木夭丑友什66bb32aa
0,1,1,0.477253791,0.884875847,0.965614035,1.369230769,0.325203252,2,木夭丑友什66bb32ab
0,1,1,0.477253791,0.776523702,0.544561404,0.523076923,-0.06504065,2,木夭丑友什66bb32ba
0,0,0,0.477253791,0.383747178,0.390175439,0.361538462,0,0,木夭丑友什66bb32bb
0,1,1,0.155974004,0.194130926,0.303157895,0.669230769,-0.195121951,2,木夭丑友什66bb33aa
0,1,1,-0.188635227,0.121896163,0.084210526,0.423076923,0.292682927,2,木夭丑友什66bb33ab
0,0,0,-0.188635227,0.55530474,0.421052632,0.615384615,0.260162602,2,木夭丑友什66bb33ba
0,1,1,0.423929345,0.451467269,0.510877193,0.792307692,-0.130081301,2,木夭丑友什66bb33bb
0,0,0,0.423929345,0.428893905,0.339649123,0.615384615,0.06504065,0,木夭丑友什66bb34aa
0,1,1,0.423929345,0.37020316,0.168421053,0.515384615,0.097560976,2,木夭丑友什66bb34ab
0,1,1,-0.609231795,0.094808126,-0.089824561,-0.092307692,0.06504065,0,木夭丑友什66bb34ba
0,1,1,-0.609231795,-0.018058691,0.193684211,-0.215384615,-0.195121951,0,木夭丑友什66bb34bb
0,1,1,-0.039326779,1.146726862,1.018947368,1.615384615,1.593495935,2,木夭丑友什66bb35aa
1,1,1,-0.039326779,0.347629797,0.545964912,0.823076923,0.910569106,2,木夭丑友什66bb35ab
1,1,1,-0.039326779,-0.216704289,-0.063157895,0.038461538,0.520325203,0,木夭丑友什66bb35ba
1,0,0,3.870688219,-0.343115124,-0.341052632,-0.323076923,-0.487804878,0,木夭丑友什66bb35bb
1,0,0,0.351274788,-0.0496614,0.088421053,0.469230769,0.975609756,0,木夭丑友什66bb36ba
0,1,1,-0.095317447,1.09255079,0.430877193,0.084615385,1.008130081,2,木夭丑友什66bb36bb
0,1,1,-0.533911015,1.060948081,0.596491228,0.253846154,3.18699187,1,木夭丑友什66bb37aa
0,1,1,-0.533911015,-0.045146727,-0.082807018,-0.115384615,0.455284553,0,木夭丑友什66bb37ab
0,1,1,4.67322113,0.582392777,0.214736842,0.015384615,0.715447154,0,木夭丑友什66bb37ba
0,1,1,4.67322113,2.212189616,1.463859649,0.869230769,4.097560976,1,木夭丑友什66bb37bb
0,1,1,4.106648892,2.392776524,1.288421053,0.407692308,6.666666667,1,木夭丑友什66bb38aa
0,1,1,-0.581903016,1.151241535,0.494035088,0.115384615,5.593495935,1,木夭丑友什66bb38ab
0,1,1,-0.581903016,0.338600451,0.044912281,-0.230769231,1.756097561,2,木夭丑友什66bb38ba
1,0,0,1.607732045,-0.343115124,-0.341052632,-0.323076923,-0.292682927,0,木夭丑友什66bb38bb
0,1,1,-0.903849358,-0.23476298,-0.268070175,-0.323076923,0.032520325,0,木夭丑友什66bb39ab
0,0,0,2.237627062,-0.343115124,-0.341052632,-0.323076923,-0.520325203,0,木夭丑友什66bb39ba
1,0,0,-0.439260123,-0.343115124,-0.321403509,-0.323076923,-0.227642276,0,木夭丑友什66bb39bb
1,0,0,-0.439260123,-0.343115124,-0.329824561,-0.323076923,-0.06504065,0,木夭丑友什66bb40aa
1,0,0,-0.439260123,-0.343115124,-0.341052632,-0.323076923,-0.162601626,0,木夭丑友什66bb40ab
1,0,0,-0.407265456,-0.343115124,-0.341052632,-0.323076923,-0.487804878,0,木夭丑友什66bb40ba
1,1,1,0.283286119,-0.343115124,-0.341052632,-0.323076923,-0.130081301,0,木夭丑友什66bb40bb
1,0,0,0.76653891,-0.343115124,-0.341052632,-0.323076923,-0.520325203,0,木夭丑友什67aa26ba
1,0,0,0.896517247,-0.316027088,-0.311578947,-0.323076923,-0.130081301,0,木夭丑友什67aa26bb
1,0,0,-0.553241126,-0.25282167,-0.272280702,-0.276923077,0.06504065,0,木夭丑友什67aa27aa
1,0,0,-0.345275787,-0.343115124,-0.341052632,-0.323076923,-0.487804878,0,木夭丑友什67aa27ab
0,0,0,-0.206632228,-0.343115124,-0.324210526,-0.323076923,-0.487804878,0,木夭丑友什67aa28bb
0,1,1,-0.206632228,-0.343115124,-0.318596491,-0.323076923,-0.455284553,0,木夭丑友什67aa29aa
0,1,1,-0.206632228,0.06772009,0.126315789,0.046153846,1.138211382,2,木夭丑友什67aa29ab
0,1,1,-0.885852358,0.636568849,0.672280702,0.353846154,3.317073171,1,木夭丑友什67aa29ba
0,1,1,-0.885852358,-0.167042889,-0.085614035,0.1,0.130081301,2,木夭丑友什67aa29bb
0,1,1,-0.885852358,0.25282167,0.729824561,1.538461538,0.06504065,2,木夭丑友什67aa30aa
0,1,1,-0.319946676,1.322799097,1.57754386,2.492307692,0.74796748,2,木夭丑友什67aa30ab
0,0,0,-0.045325779,0.130925508,0.33122807,0.969230769,-0.455284553,2,木夭丑友什67aa30ba
0,0,0,-0.440593234,0,0.144561404,0.515384615,-0.455284553,0,木夭丑友什67aa30bb
0,1,1,-0.181303116,1.020316027,1.350175439,2.815384615,0.032520325,2,木夭丑友什67aa31aa
0,0,0,-0.181303116,0.717832957,0.81122807,1.261538462,-0.260162602,2,木夭丑友什67aa31ab
0,1,1,-0.181303116,0.871331828,0.923508772,1.807692308,-0.097560976,2,木夭丑友什67aa31ba
0,1,1,0.815197467,0.379232506,0.631578947,0.930769231,1.528455285,2,木夭丑友什67aa31bb
0,1,1,0.815197467,-0.139954853,-0.098245614,0.092307692,-0.422764228,0,木夭丑友什67aa32aa
0,0,0,0.477253791,0.25282167,0.279298246,0.276923077,-0.130081301,0,木夭丑友什67aa32ab
0,0,0,0.477253791,0.180586907,0.463157895,0.907692308,-0.227642276,0,木夭丑友什67aa32ba
0,0,0,0.477253791,0.559819413,0.635789474,1.346153846,-0.162601626,2,木夭丑友什67aa32bb
0,1,1,0.155974004,0.216704289,0.544561404,1.346153846,-0.032520325,2,木夭丑友什67aa33aa
0,0,0,0.381936344,0.085778781,0.286315789,0.830769231,0.357723577,2,木夭丑友什67aa33ab
0,0,0,-0.099316781,0.67268623,0.412631579,0.615384615,-0.325203252,2,木夭丑友什67aa33ba
0,0,0,-0.099316781,0.591422122,0.522105263,0.969230769,-0.195121951,2,木夭丑友什67aa33bb
0,1,1,-0.099316781,0.916478555,1.080701754,1.869230769,0.06504065,2,木夭丑友什67aa34aa
0,1,1,0.423929345,1.489841986,1.215438596,1.907692308,-0.032520325,2,木夭丑友什67aa34ab
0,1,1,-0.835194134,0.058690745,0.072982456,0.015384615,0,2,木夭丑友什67aa34ba
0,1,1,-0.835194134,-0.171557562,-0.074385965,-0.323076923,-0.032520325,0,木夭丑友什67aa34bb
0,0,0,-0.039326779,1.291196388,0.915087719,1.023076923,-0.195121951,2,木夭丑友什67aa35aa
0,0,0,-0.039326779,0.55530474,0.70877193,1.107692308,1.203252033,2,木夭丑友什67aa35ab
1,1,1,-0.039326779,-0.243792325,0.043508772,0,-0.032520325,0,木夭丑友什67aa35ba
1,1,1,-0.129978337,-0.30248307,-0.110877193,-0.323076923,-0.455284553,0,木夭丑友什67aa36ba
0,1,1,-0.129978337,0.541760722,0.225964912,-0.146153846,1.951219512,2,木夭丑友什67aa36bb
0,1,1,-0.533911015,1.0248307,0.394385965,-0.107692308,2.991869919,1,木夭丑友什67aa37aa
0,1,1,-0.533911015,0.726862302,0.575438596,0.384615385,3.219512195,1,木夭丑友什67aa37ab
0,1,1,-0.909848359,2.293453725,1.524210526,1.038461538,7.772357724,1,木夭丑友什67aa37ba
0,1,1,-0.743876021,1.408577878,0.850526316,0.4,3.577235772,1,木夭丑友什67aa37bb
0,1,1,-0.743876021,2.23476298,1.515789474,0.630769231,8.390243902,1,木夭丑友什67aa38aa
0,1,1,-0.581903016,2.550790068,1.274385965,0.315384615,15.41463415,3,木夭丑友什67aa38ab
0,1,1,-0.581903016,1.264108352,0.632982456,0.261538462,7.577235772,1,木夭丑友什67aa38ba
0,1,1,1.607732045,0.695259594,0.732631579,0.430769231,2.081300813,2,木夭丑友什67aa38bb
0,0,0,-0.160639893,-0.343115124,-0.315789474,-0.323076923,-0.487804878,0,木夭丑友什67aa39aa
1,1,1,-0.903849358,-0.126410835,-0.001403509,-0.130769231,0.585365854,0,木夭丑友什67aa39ab
0,1,1,-0.903849358,0.541760722,0.701754386,0.415384615,2.861788618,2,木夭丑友什67aa39ba
0,1,1,1.29511748,0.11738149,0.21754386,0.092307692,1.073170732,0,木夭丑友什67aa39bb
0,0,0,1.29511748,-0.045146727,-0.043508772,-0.092307692,0.162601626,0,木夭丑友什67aa40aa
1,1,1,1.29511748,0.478555305,0.818245614,0.953846154,3.089430894,2,木夭丑友什67aa40ab
1,1,1,0.073987669,0.451467269,0.698947368,0.946153846,2.861788618,2,木夭丑友什67aa40ba
1,1,1,0.073987669,0.239277652,0.209122807,0.369230769,1.398373984,2,木夭丑友什67aa40bb
1,1,1,0.047325446,-0.230248307,-0.235789474,-0.192307692,-0.162601626,0,木夭丑友什67aa41aa
0,1,1,-0.513247792,0.112866817,0.24,0.115384615,1.495934959,2,木夭丑友什67ab29ba
0,0,0,-0.375270788,0.094808126,0.015438596,0.192307692,-0.162601626,0,木夭丑友什67ab30aa
0,0,0,-0.375270788,0.690744921,1.267368421,2.515384615,0.227642276,2,木夭丑友什67ab30ab
0,1,1,-0.375270788,0.979683973,1.256140351,2.307692308,0.130081301,2,木夭丑友什67ab30ba
0,0,0,-0.440593234,1.273137698,1.244912281,1.561538462,-0.06504065,2,木夭丑友什67ab30bb
0,1,1,-0.181303116,0.871331828,0.853333333,1.138461538,-0.162601626,2,木夭丑友什67ab31aa
0,0,0,-0.181303116,1.137697517,1.701052632,2.769230769,0.130081301,2,木夭丑友什67ab31ab
0,1,1,-0.181303116,0.216704289,0.367719298,0.8,0.06504065,2,木夭丑友什67ab31ba
0,1,1,0.815197467,-0.121896163,-0.035087719,-0.015384615,0.617886179,0,木夭丑友什67ab31bb
1,0,0,0.477253791,-0.239277652,-0.24,-0.246153846,-0.357723577,0,木夭丑友什67ab32ab
1,1,1,0.477253791,-0.270880361,-0.272280702,-0.253846154,0.032520325,0,木夭丑友什67ab32ba
1,1,1,0.477253791,-0.225733634,-0.221754386,-0.207692308,-0.06504065,0,木夭丑友什67ab32bb
1,1,1,0.155974004,-0.239277652,-0.218947368,-0.215384615,-0.097560976,0,木夭丑友什67ab33aa
1,1,1,0.381936344,0.112866817,0.077192982,0.184615385,1.300813008,2,木夭丑友什67ab33ab
1,0,0,-0.099316781,-0.343115124,-0.324210526,-0.323076923,-0.325203252,0,木夭丑友什67ab33ba
0,0,0,-0.099316781,-0.036117381,0.058947368,0.369230769,-0.097560976,0,木夭丑友什67ab34aa
0,1,1,-0.44725879,2.072234763,1.235087719,1.176923077,0.130081301,2,木夭丑友什67ab34ab
0,1,1,-0.44725879,1.46275395,0.888421053,0.269230769,2.504065041,2,木夭丑友什67ab34ba
0,1,1,-0.44725879,0.257336343,0.409824561,-0.023076923,2.796747967,2,木夭丑友什67ab34bb
0,1,1,0.139310115,1.846501129,0.929122807,0.838461538,0.455284553,2,木夭丑友什67ab35aa
0,1,1,0.139310115,0.848758465,0.934736842,1.646153846,0.130081301,2,木夭丑友什67ab35ab
1,1,1,-0.039326779,0.361173815,0.74245614,1.8,1.430894309,2,木夭丑友什67ab35ba
1,1,1,0.367938677,-0.203160271,-0.154385965,-0.123076923,0.292682927,0,木夭丑友什67ab35bb
0,1,1,-0.051991335,0.288939052,0.167017544,-0.123076923,0.845528455,2,木夭丑友什67ab36ba
0,1,1,-0.051991335,2.573363431,1.578947368,0.715384615,5.430894309,1,木夭丑友什67ab36bb
0,1,1,-0.533911015,1.033860045,0.425263158,-0.130769231,5.170731707,1,木夭丑友什67ab37aa
0,1,1,-0.533911015,0.288939052,0.008421053,-0.2,2.926829268,2,木夭丑友什67ab37ab
0,1,1,-0.909848359,2.577878104,1.155087719,0.415384615,15.31707317,3,木夭丑友什67ab37ba
0,1,1,-0.743876021,2.306997743,1.226666667,0.584615385,10.56910569,3,木夭丑友什67ab37bb
0,1,1,-0.743876021,1.471783296,0.691929825,0.2,7.707317073,1,木夭丑友什67ab38aa
0,1,1,-0.637893684,1.69751693,0.919298246,0.692307692,6.731707317,1,木夭丑友什67ab38ab
0,1,1,-0.637893684,2.925507901,1.70245614,0.676923077,17.98373984,3,木夭丑友什67ab38ba
0,1,1,-0.437260457,1.413092551,0.996491228,0.553846154,9.495934959,1,木夭丑友什67ab38bb
1,1,1,-0.903849358,-0.162528217,-0.147368421,-0.215384615,-0.097560976,0,木夭丑友什67ab39ab
1,1,1,-0.903849358,0.212189616,0.22877193,-0.007692308,1.040650407,2,木夭丑友什67ab39ba
0,1,1,0.073987669,-0.225733634,-0.221754386,-0.161538462,0.032520325,0,木夭丑友什67ab40ab
1,1,1,0.071321446,-0.144469526,-0.168421053,-0.2,-0.032520325,0,木夭丑友什67ab40ba
1,1,1,0.501916347,-0.076749436,-0.051929825,-0.153846154,0.455284553,0,木夭丑友什67ab40bb
0,1,1,-0.13397767,-0.297968397,-0.307368421,-0.261538462,-0.390243902,0,木夭丑友什67ba29bb
0,1,1,-0.126645559,0.180586907,0.056140351,0.123076923,0.650406504,2,木夭丑友什67ba30aa
0,1,1,-0.126645559,0.744920993,0.724210526,1.269230769,-0.032520325,2,木夭丑友什67ba30ab
0,1,1,-0.126645559,0.717832957,0.858947368,1.338461538,0.130081301,2,木夭丑友什67ba30ba
0,1,1,-0.112647892,0.812641084,0.741052632,0.661538462,0.260162602,2,木夭丑友什67ba30bb
0,1,1,-0.112647892,0.781038375,1.093333333,1.930769231,0.097560976,2,木夭丑友什67ba31aa
0,0,0,-0.281286452,-0.013544018,0.043508772,0.253846154,-0.357723577,0,木夭丑友什67ba31ab
0,1,1,0.027328779,-0.297968397,-0.315789474,-0.323076923,-0.325203252,0,木夭丑友什67ba31ba
1,1,1,0.181969672,0.094808126,0.150175439,0.123076923,1.008130081,0,木夭丑友什67ba31bb
0,0,0,0.677887019,-0.306997743,-0.32,-0.323076923,-0.487804878,0,木夭丑友什67ba32aa
0,0,0,0.904515914,-0.063205418,-0.138947368,-0.207692308,0.130081301,0,木夭丑友什67ba32ab
0,1,1,0.904515914,0.30248307,0.18245614,0.030769231,0.422764228,0,木夭丑友什67ba32ba
1,1,1,0.937843693,-0.153498871,-0.213333333,-0.169230769,-0.162601626,0,木夭丑友什67ba32bb
1,1,1,0.937843693,0.018058691,0.032280702,0,1.008130081,0,木夭丑友什67ba33aa
0,1,1,0.381936344,-0.158013544,-0.18245614,-0.223076923,0.195121951,0,木夭丑友什67ba33ab
1,0,0,-0.099316781,-0.293453725,-0.293333333,-0.323076923,-0.357723577,0,木夭丑友什67ba34aa
0,0,0,-0.44725879,0.90744921,0.72,0.592307692,0.097560976,2,木夭丑友什67ba34ab
0,1,1,-0.44725879,0.785553047,0.524912281,0.361538462,1.853658537,2,木夭丑友什67ba34ba
0,1,1,-0.44725879,0.243792325,0.321403509,0.138461538,3.089430894,2,木夭丑友什67ba34bb
0,0,0,0.139310115,2.153498871,1.861052632,2.3,0.097560976,2,木夭丑友什67ba35aa
1,0,0,0.139310115,1.458239278,1.461052632,2.046153846,0.195121951,2,木夭丑友什67ba35ab
1,1,1,-0.179970005,0.225733634,0.763508772,1.953846154,0.585365854,2,木夭丑友什67ba35ba
1,0,0,8.474587569,-0.279909707,-0.21754386,-0.092307692,0,4,木夭丑友什67ba35bb
0,1,1,0.805865689,0.288939052,0.098245614,-0.146153846,1.040650407,0,木夭丑友什67ba36ba
0,1,1,-0.051991335,3.069977427,1.705263158,0.6,7.869918699,1,木夭丑友什67ba36bb
0,0,0,-0.239960007,3.200902935,1.717894737,0.738461538,4.715447154,1,木夭丑友什67ba37aa
0,1,1,-0.348608565,0.749435666,0.631578947,0.184615385,4.74796748,1,木夭丑友什67ba37ab
0,1,1,-0.8011998,2.428893905,1.347368421,0.669230769,14.73170732,3,木夭丑友什67ba37ba
0,1,1,-0.82386269,2.988713318,1.22245614,0.2,18.53658537,3,木夭丑友什67ba37bb
0,1,1,-0.800533244,1.440180587,0.673684211,0.223076923,5.170731707,1,木夭丑友什67ba38aa
0,1,1,-0.613897684,1.417607223,0.993684211,0.907692308,4.650406504,1,木夭丑友什67ba38ab
0,1,1,-0.613897684,2.334085779,1.240701754,0.638461538,10.79674797,3,木夭丑友什67ba38ba
0,1,1,-0.192634561,2.532731377,1.470877193,0.892307692,16.91056911,3,木夭丑友什67ba38bb
1,1,1,-0.160639893,0.225733634,0.656842105,1.284615385,1.105691057,2,木夭丑友什67ba39aa
1,1,1,-0.062656224,-0.343115124,-0.341052632,-0.323076923,-0.357723577,0,木夭丑友什67ba40aa
1,0,0,-0.319946676,-0.090293454,-0.050526316,-0.153846154,-0.520325203,0,木夭丑友什67ba41ab
1,0,0,-0.319946676,2.744920993,1.685614035,0.615384615,0.195121951,2,木夭丑友什67ba41ba
0,0,0,-0.13397767,-0.130925508,-0.175438596,-0.115384615,-0.130081301,0,木夭丑友什67bb29bb
0,0,0,0.124645892,0.564334086,0.446315789,0.592307692,0,2,木夭丑友什67bb30aa
0,1,1,0.124645892,1.58013544,1.910175439,2.623076923,0.585365854,2,木夭丑友什67bb30ab
0,0,0,0.124645892,0.410835214,0.551578947,1.161538462,0.162601626,2,木夭丑友什67bb30ba
0,0,0,-0.112647892,0.961625282,1.082105263,1.415384615,0.130081301,2,木夭丑友什67bb30bb
0,1,1,-0.112647892,0.212189616,0.256842105,0.223076923,0.682926829,2,木夭丑友什67bb31aa
0,0,0,-0.139976671,-0.343115124,-0.332631579,-0.323076923,-0.455284553,0,木夭丑友什67bb31ab
0,1,1,0.027328779,-0.270880361,-0.315789474,-0.323076923,0.130081301,0,木夭丑友什67bb31ba
1,1,1,0.027328779,-0.045146727,-0.123508772,-0.076923077,0.520325203,0,木夭丑友什67bb31bb
1,1,1,0.873187802,-0.06772009,-0.071578947,-0.046153846,0.162601626,0,木夭丑友什67bb32ab
1,0,0,0.937843693,-0.343115124,-0.332631579,-0.323076923,-0.487804878,0,木夭丑友什67bb33aa
1,0,0,0.579903349,-0.266365688,-0.263859649,-0.238461538,-0.195121951,0,木夭丑友什67bb33ab
1,1,1,0.206632228,-0.094808126,-0.112280702,-0.115384615,0.455284553,0,木夭丑友什67bb34aa
1,1,1,-0.44725879,0.198645598,0.186666667,0.053846154,0.487804878,2,木夭丑友什67bb34ab
0,0,0,-0.44725879,0.613995485,0.659649123,0.353846154,2.861788618,2,木夭丑友什67bb34ba
0,1,1,-0.44725879,0.550790068,0.638596491,0.584615385,3.25203252,1,木夭丑友什67bb34bb
0,1,1,0.139310115,1.241534989,1.26877193,1.876923077,0.06504065,2,木夭丑友什67bb35aa
1,0,0,0.139310115,0.270880361,0.359298246,0.623076923,0.650406504,2,木夭丑友什67bb35ab
1,0,0,0.025995667,0.821670429,1.351578947,3.184615385,-0.06504065,2,木夭丑友什67bb35ba
1,0,0,8.474587569,-0.207674944,-0.174035088,0,-0.032520325,4,木夭丑友什67bb35bb
0,1,1,-0.067322113,0.347629797,0.383157895,0.315384615,1.138211382,2,木夭丑友什67bb36ba
0,1,1,-0.067322113,1.300225734,0.877192982,0.8,2.764227642,2,木夭丑友什67bb36bb
0,1,1,-0.665889018,-0.022573363,-0.08,-0.161538462,-0.162601626,0,木夭丑友什67bb37aa
0,1,1,-0.665889018,0.320541761,0.392982456,0.015384615,2.536585366,2,木夭丑友什67bb37ab
0,1,1,-0.867855357,2.961625282,1.587368421,0.538461538,18.53658537,3,木夭丑友什67bb37ba
0,1,1,-0.82386269,3.101580135,1.625263158,0.630769231,19.31707317,3,木夭丑友什67bb37bb
0,1,1,-0.800533244,1.051918736,0.74245614,0.369230769,6.699186992,1,木夭丑友什67bb38aa
0,1,1,-0.613897684,2.248306998,1.49754386,0.815384615,6.113821138,1,木夭丑友什67bb38ab
0,1,1,-0.613897684,2.379232506,1.77122807,1.238461538,7.12195122,1,木夭丑友什67bb38ba
0,1,1,-0.613897684,2.988713318,1.656140351,0.592307692,20.45528455,3,木夭丑友什67bb38bb
0,1,1,0.043326112,0.577878104,0.339649123,0.023076923,6.861788618,1,木夭丑友什67bb39aa
0,0,0,-0.321946342,-0.343115124,-0.341052632,-0.323076923,-0.520325203,0,木夭丑友什67bb39ab
1,0,0,-0.062656224,-0.343115124,-0.341052632,-0.323076923,0.032520325,0,木夭丑友什67bb40aa
1,1,1,-0.062656224,-0.343115124,-0.341052632,-0.323076923,-0.422764228,0,木夭丑友什67bb40ab
0,1,1,0.161306449,-0.297968397,-0.327017544,-0.323076923,-0.097560976,0,木夭丑友什67bb40ba
1,0,0,0.153307782,-0.045146727,0.015438596,0.230769231,1.040650407,0,木夭丑友什67bb40bb
1,0,0,0.153307782,0.022573363,0.026666667,0.2,-0.032520325,0,木夭丑友什67bb41aa
1,0,0,-0.319946676,-0.126410835,-0.06877193,0.123076923,-0.422764228,0,木夭丑友什67bb41ab
1,0,0,-0.319946676,2.063205418,1.173333333,1.284615385,-0.325203252,2,木夭丑友什67bb41ba
0,1,1,0.319946676,0.009029345,-0.037894737,-0.130769231,0.422764228,0,木夭丑友什68aa29ba
0,0,0,-0.13397767,0.031602709,-0.012631579,-0.092307692,0.390243902,0,木夭丑友什68aa29bb
0,1,1,0.124645892,1.598194131,1.10877193,0.907692308,0.325203252,2,木夭丑友什68aa30aa
0,1,1,0.124645892,0.325056433,0.161403509,0.046153846,-0.130081301,0,木夭丑友什68aa30ab
0,1,1,0.124645892,-0.018058691,0.071578947,0.238461538,0.195121951,0,木夭丑友什68aa30ba
0,1,1,0.249291785,0.433408578,0.557192982,0.546153846,1.821138211,2,木夭丑友什68aa30bb
0,1,1,0.249291785,-0.018058691,0.002807018,0.023076923,0.780487805,0,木夭丑友什68aa31aa
1,0,0,0.48791868,-0.18510158,-0.209122807,-0.169230769,-0.130081301,0,木夭丑友什68aa31ba
1,0,0,0.48791868,-0.194130926,-0.190877193,-0.107692308,-0.130081301,0,木夭丑友什68aa31bb
0,1,1,0.187302116,-0.176072235,-0.123508772,-0.130769231,0.097560976,0,木夭丑友什68aa34aa
1,1,1,0.187302116,2.695259594,0.72,-0.046153846,0.520325203,2,木夭丑友什68aa34ab
0,0,0,0.187302116,0.943566591,0.850526316,0.930769231,1.040650407,2,木夭丑友什68aa34ba
0,0,0,-0.295950675,0.505643341,0.513684211,0.484615385,0.87804878,2,木夭丑友什68aa34bb
0,1,1,0.008665222,0.428893905,0.398596491,0.361538462,-0.162601626,2,木夭丑友什68aa35aa
0,0,0,-0.067322113,1.079006772,0.785964912,0.592307692,1.105691057,2,木夭丑友什68aa36ba
0,1,1,-0.067322113,0.433408578,0.252631579,0.4,0,2,木夭丑友什68aa36bb
0,1,1,-0.665889018,0.731376975,0.416842105,0.192307692,2.211382114,2,木夭丑友什68aa37aa
0,1,1,-0.665889018,1.589164786,2.395789474,1.830769231,3.154471545,1,木夭丑友什68aa37ab
0,1,1,-0.783869355,0.993227991,0.712982456,0.261538462,5.203252033,1,木夭丑友什68aa37ba
0,1,1,-0.783869355,2.496613995,1.545263158,0.607692308,17.69105691,3,木夭丑友什68aa37bb
0,1,1,-0.800533244,2.618510158,1.463859649,0.684615385,16.81300813,3,木夭丑友什68aa38aa
0,1,1,-0.613897684,0.37020316,0.193684211,0.046153846,2.146341463,2,木夭丑友什68aa38ab
0,1,1,-0.613897684,2.031602709,1.483508772,1.246153846,5.398373984,1,木夭丑友什68aa38ba
0,1,1,-0.613897684,2.325056433,1.404912281,0.8,16.71544715,3,木夭丑友什68aa38bb
0,1,1,-0.490584903,1.693002257,1.117192982,0.392307692,13.62601626,3,木夭丑友什68aa39aa
1,0,0,-0.062656224,-0.216704289,-0.303157895,-0.323076923,-0.097560976,0,木夭丑友什68aa40aa
0,1,1,-0.095317447,-0.343115124,-0.341052632,-0.323076923,-0.325203252,0,木夭丑友什68aa40ab
1,0,0,0.161306449,-0.198645598,0.397192982,-0.107692308,-0.162601626,0,木夭丑友什68aa40ba
1,0,0,0.223962673,0.410835214,0.734035088,1.323076923,2.634146341,2,木夭丑友什68aa40bb
1,0,0,0.223962673,-0.045146727,0.049122807,0.284615385,0.682926829,0,木夭丑友什68aa41aa
1,0,0,0.223962673,0.329571106,0.756491228,1.738461538,0.097560976,2,木夭丑友什68aa41ab
1,0,0,-0.205299117,0.577878104,1.29122807,3.484615385,0.617886179,2,木夭丑友什68aa41ba
0,1,1,0.319946676,0,-0.009824561,-0.130769231,0.585365854,0,木夭丑友什68ab29ba
0,1,1,0.519246792,0.902934537,0.967017544,0.623076923,4,1,木夭丑友什68ab29bb
0,1,1,0.124645892,0.781038375,0.332631579,0.161538462,0.06504065,2,木夭丑友什68ab30aa
0,1,1,0.124645892,1.376975169,1.042807018,1.453846154,-0.260162602,2,木夭丑友什68ab30ab
0,1,1,0.124645892,0.361173815,0.425263158,0.430769231,1.008130081,2,木夭丑友什68ab30ba
0,1,1,0.249291785,-0.009029345,0.002807018,-0.138461538,0.74796748,0,木夭丑友什68ab30bb
0,0,0,0.249291785,-0.30248307,-0.314385965,-0.323076923,-0.455284553,0,木夭丑友什68ab31aa
1,0,0,0.48791868,-0.343115124,-0.341052632,-0.323076923,-0.422764228,0,木夭丑友什68ab31ba
0,1,1,0.187302116,-0.085778781,-0.096842105,0.107692308,-0.292682927,0,木夭丑友什68ab34aa
0,1,1,0.187302116,1.611738149,0.835087719,0.707692308,0,2,木夭丑友什68ab34ab
1,1,1,0.187302116,0.167042889,0.401403509,0.676923077,-0.162601626,2,木夭丑友什68ab34ba
0,0,0,-0.091984669,0.492099323,0.919298246,1.092307692,-0.162601626,2,木夭丑友什68ab34bb
0,0,0,-0.08131978,0.347629797,0.289122807,0.261538462,-0.260162602,0,木夭丑友什68ab35aa
0,0,0,-0.067322113,-0.343115124,-0.341052632,-0.323076923,-0.455284553,0,木夭丑友什68ab36ab
0,1,1,-0.067322113,0.334085779,0.140350877,0.069230769,1.300813008,2,木夭丑友什68ab36ba
0,1,1,-0.067322113,-0.343115124,-0.341052632,-0.323076923,-0.325203252,0,木夭丑友什68ab36bb
0,1,1,-0.410598234,0.731376975,0.370526316,0.115384615,2.634146341,2,木夭丑友什68ab37aa
0,1,1,-0.665889018,1.525959368,1.170526316,1.038461538,4.975609756,1,木夭丑友什68ab37ab
0,1,1,-0.483919347,0.623024831,0.384561404,0.423076923,2.471544715,2,木夭丑友什68ab37ba
0,1,1,-0.483919347,1.990970655,0.997894737,0.184615385,11.80487805,3,木夭丑友什68ab37bb
0,1,1,-0.483919347,2.893905192,1.866666667,1.430769231,15.3495935,3,木夭丑友什68ab38aa
0,1,1,-0.625895684,1.029345372,1.01754386,1.192307692,3.219512195,1,木夭丑友什68ab38ab
0,1,1,-0.625895684,2.194130926,1.61122807,1.461538462,5.918699187,1,木夭丑友什68ab38ba
0,1,1,-0.791201466,1.914221219,1.216842105,0.792307692,8.195121951,1,木夭丑友什68ab38bb
0,1,1,-0.490584903,-0.040632054,-0.151578947,-0.276923077,1.495934959,2,木夭丑友什68ab39aa
1,1,1,-0.095317447,-0.343115124,-0.341052632,-0.323076923,-0.162601626,0,木夭丑友什68ab40ab
1,0,0,0.161306449,-0.108352144,0.362105263,-0.007692308,-0.455284553,0,木夭丑友什68ab40ba
1,0,0,0.223962673,0.022573363,0.311578947,0.969230769,0.292682927,2,木夭丑友什68ab40bb
1,0,0,0.223962673,-0.18510158,-0.095438596,0.1,-0.292682927,0,木夭丑友什68ab41aa
1,0,0,0.223962673,1.083521445,1.04,1.692307692,1.430894309,2,木夭丑友什68ab41ab
1,0,0,-0.696550575,-0.162528217,0.009824561,0.061538462,-0.325203252,0,木夭丑友什68ab41ba
0,1,1,0.519246792,0.148984199,0.234385965,0.038461538,1.398373984,2,木夭丑友什68ba29bb
0,1,1,0.519246792,0.925507901,0.752280702,0.676923077,2.991869919,2,木夭丑友什68ba30aa
0,1,1,0.519246792,0.320541761,0.367719298,0.523076923,0.87804878,2,木夭丑友什68ba30ab
0,1,1,0.275954008,0.063205418,0.098245614,0.007692308,0.943089431,0,木夭丑友什68ba30ba
0,1,1,0.275954008,0.194130926,0.150175439,0.1,1.203252033,2,木夭丑友什68ba30bb
0,1,1,0.187302116,0.316027088,0.209122807,0.276923077,0,2,木夭丑友什68ba34aa
0,1,1,0.187302116,0.523702032,0.458947368,0.515384615,0.650406504,2,木夭丑友什68ba34ab
0,0,0,0.187302116,-0.194130926,-0.279298246,-0.253846154,-0.292682927,0,木夭丑友什68ba34ba
1,1,1,0.497250458,0.713318284,0.516491228,0.461538462,-0.195121951,2,木夭丑友什68ba34bb
1,0,0,-0.08131978,-0.198645598,-0.130526316,0.084615385,-0.487804878,0,木夭丑友什68ba35aa
0,0,0,0.053324446,-0.045146727,-0.077192982,-0.107692308,0.455284553,0,木夭丑友什68ba36ab
0,1,1,0.053324446,0.243792325,0.110877193,0.069230769,1.983739837,2,木夭丑友什68ba36ba
0,1,1,-0.305949008,0.713318284,0.734035088,1.215384615,1.040650407,2,木夭丑友什68ba36bb
0,0,0,-0.506582236,-0.013544018,-0.106666667,-0.138461538,-0.097560976,0,木夭丑友什68ba37ab
0,1,1,-0.282619563,1.200902935,0.801403509,0.730769231,4.81300813,1,木夭丑友什68ba37ba
0,1,1,-0.282619563,-0.153498871,-0.223157895,-0.323076923,5.788617886,1,木夭丑友什68ba37bb
0,1,1,-0.282619563,2.0496614,1.089122807,0.330769231,14.37398374,3,木夭丑友什68ba38aa
0,1,1,-0.541909682,3.047404063,1.672982456,0.661538462,17.85365854,3,木夭丑友什68ba38ab
0,1,1,-0.541909682,0.293453725,0.206315789,0.230769231,1.62601626,2,木夭丑友什68ba38ba
0,1,1,-0.541909682,1.20993228,0.992280702,1.038461538,2.569105691,2,木夭丑友什68ba38bb
0,1,1,-0.7952008,-0.121896163,-0.129122807,-0.007692308,-0.260162602,0,木夭丑友什68ba39aa
1,0,0,-0.275954008,2.027088036,2.30877193,3.307692308,0.162601626,2,木夭丑友什68ba39ab
1,0,0,-0.175970672,0.297968397,0.439298246,0.861538462,-0.455284553,2,木夭丑友什68ba39ba
0,0,0,-0.161973004,-0.284424379,-0.301754386,-0.223076923,-0.130081301,0,木夭丑友什68ba40aa
1,0,0,-0.161973004,0.663656885,0.614736842,0.815384615,0.292682927,2,木夭丑友什68ba40ab
1,0,0,-0.161973004,0.573363431,0.567017544,0.830769231,0.487804878,2,木夭丑友什68ba40ba
1,0,0,0.223962673,0.726862302,1.803508772,4.584615385,-0.130081301,2,木夭丑友什68ba40bb
1,0,0,0.223962673,-0.085778781,0.195087719,0.984615385,-0.422764228,0,木夭丑友什68ba41aa
1,0,0,0.223962673,1.873589165,1.04,0.369230769,-0.227642276,2,木夭丑友什68ba41ab
1,0,0,-0.696550575,3.823927765,1.879298246,0.546153846,-0.227642276,2,木夭丑友什68ba41ba
0,1,1,0.519246792,-0.158013544,-0.120701754,-0.223076923,0.357723577,0,木夭丑友什68bb30aa
0,0,0,0.987835361,0.004514673,-0.054736842,-0.169230769,-0.162601626,0,木夭丑友什68bb30ab
0,0,0,0.501249792,-0.343115124,-0.341052632,-0.323076923,-0.260162602,0,木夭丑友什68bb31ba
1,0,0,1.144475921,-0.212189616,-0.195087719,-0.161538462,0.097560976,0,木夭丑友什68bb31bb
0,1,1,0.299950008,0.243792325,0.322807018,0.684615385,0.162601626,2,木夭丑友什68bb34aa
0,1,1,0.299950008,0.546275395,0.444912281,0.492307692,0.325203252,2,木夭丑友什68bb34ab
0,0,0,0.299950008,-0.288939052,-0.315789474,-0.323076923,-0.292682927,0,木夭丑友什68bb34ba
1,0,0,0.497250458,0.37020316,0.294736842,0.623076923,-0.325203252,0,木夭丑友什68bb34bb
1,1,1,-0.08131978,0.478555305,0.77754386,1.415384615,1.170731707,2,木夭丑友什68bb35aa
0,1,1,0.053324446,0.144469526,0.023859649,-0.107692308,0.455284553,0,木夭丑友什68bb36ab
0,1,1,0.053324446,1.002257336,0.635789474,0.476923077,2.276422764,2,木夭丑友什68bb36ba
0,1,1,-0.305949008,0.803611738,0.332631579,0.069230769,3.25203252,1,木夭丑友什68bb36bb
0,0,0,0.301949675,0.613995485,0.707368421,1.346153846,0.617886179,2,木夭丑友什68bb37ab
1,1,1,-0.119980003,0.297968397,0.487017544,1.076923077,-0.097560976,2,木夭丑友什68bb37ba
0,1,1,-0.119980003,-0.284424379,-0.310175439,-0.323076923,6.37398374,1,木夭丑友什68bb37bb
0,1,1,-0.119980003,0.880361174,0.717192982,0.292307692,5.463414634,1,木夭丑友什68bb38aa
0,1,1,-0.357273788,2.415349887,1.402105263,0.661538462,9.463414634,1,木夭丑友什68bb38ab
0,1,1,-0.541909682,-0.180586907,-0.224561404,-0.2,-0.455284553,0,木夭丑友什68bb38ba
0,1,1,-0.736543909,0.871331828,0.881403509,1.153846154,0.325203252,2,木夭丑友什68bb39aa
1,0,0,-0.736543909,2.198645598,2.492631579,3.761538462,-0.097560976,2,木夭丑友什68bb39ab
1,0,0,-0.175970672,0.613995485,0.630175439,0.953846154,-0.357723577,2,木夭丑友什68bb39ba
1,0,0,-0.161973004,-0.243792325,-0.234385965,-0.2,-0.520325203,0,木夭丑友什68bb40ab
1,0,0,-0.161973004,-0.225733634,-0.144561404,-0.015384615,1.398373984,0,木夭丑友什68bb40ba
1,0,0,-0.739876687,0.130925508,0.926315789,3.338461538,1.333333333,2,木夭丑友什68bb40bb
1,0,0,-0.739876687,-0.103837472,0.225964912,1.076923077,0.455284553,2,木夭丑友什68bb41aa
0,0,0,1.444425929,-0.343115124,-0.341052632,-0.323076923,-0.520325203,0,木夭丑友什69aa29ab
0,0,0,0.816530578,-0.343115124,-0.341052632,-0.323076923,-0.520325203,0,木夭丑友什69aa30bb
0,1,1,0.743209465,-0.343115124,-0.341052632,-0.323076923,-0.325203252,0,木夭丑友什69aa31ab
0,1,1,0.743209465,-0.090293454,-0.140350877,0,1.203252033,0,木夭丑友什69aa31ba
1,0,0,1.204465922,-0.343115124,-0.341052632,-0.323076923,-0.487804878,0,木夭丑友什69aa31bb
1,0,0,1.204465922,-0.343115124,-0.261052632,-0.092307692,-0.097560976,0,木夭丑友什69aa32aa
1,0,0,1.204465922,-0.284424379,-0.13754386,0.092307692,-0.097560976,0,木夭丑友什69aa32ab
0,0,0,1.307115481,-0.343115124,-0.33122807,-0.323076923,-0.357723577,0,木夭丑友什69aa33bb
1,0,0,0.767872021,-0.343115124,-0.317192982,-0.323076923,-0.130081301,0,木夭丑友什69aa34aa
0,0,0,0.767872021,0.11738149,0.036491228,0.030769231,0.097560976,0,木夭丑友什69aa34ab
0,0,0,0.767872021,-0.270880361,-0.293333333,-0.323076923,-0.520325203,0,木夭丑友什69aa34ba
1,0,0,0.497250458,0.767494357,0.364912281,0.007692308,-0.422764228,0,木夭丑友什69aa34bb
1,1,1,-0.875854024,0.266365688,0.188070175,0.038461538,1.073170732,2,木夭丑友什69aa35aa
1,1,1,-0.875854024,-0.045146727,0.001403509,0.023076923,0.975609756,2,木夭丑友什69aa35ab
1,1,1,-0.875854024,-0.343115124,-0.341052632,-0.323076923,-0.390243902,0,木夭丑友什69aa35ba
0,1,1,0.053324446,-0.090293454,-0.214736842,-0.230769231,-0.260162602,0,木夭丑友什69aa36ab
0,1,1,0.053324446,2.835214447,2.346666667,2.776923077,1.821138211,2,木夭丑友什69aa36ba
0,1,1,-0.305949008,0.505643341,0.294736842,0.307692308,1.983739837,2,木夭丑友什69aa36bb
0,1,1,-0.422596234,0.659142212,0.641403509,1.069230769,0.130081301,2,木夭丑友什69aa37aa
1,1,1,0.301949675,-0.225733634,-0.199298246,-0.1,-0.520325203,0,木夭丑友什69aa37ab
1,1,1,-0.119980003,-0.013544018,0.13754386,0.553846154,0,2,木夭丑友什69aa37ba
0,1,1,-0.149975004,-0.343115124,-0.341052632,-0.323076923,-0.292682927,0,木夭丑友什69aa37bb
0,1,1,-0.149975004,0.054176072,-0.021052632,-0.023076923,6.016260163,1,木夭丑友什69aa38aa
0,0,0,-0.149975004,3.286681716,2.312982456,2.107692308,0.650406504,2,木夭丑友什69aa38ab
0,1,1,-0.698550242,0.356659142,0.207719298,0.246153846,-0.325203252,2,木夭丑友什69aa38ba
0,1,1,-0.472587902,-0.072234763,-0.21754386,-0.253846154,0.552845528,0,木夭丑友什69aa39aa
0,1,1,-0.472587902,-0.212189616,-0.218947368,-0.246153846,12.1300813,3,木夭丑友什69aa39ab
0,1,1,-0.65055824,-0.257336343,-0.275087719,-0.323076923,12.3902439,3,木夭丑友什69aa39ba
0,0,0,0.481253124,-0.343115124,-0.341052632,-0.323076923,1.333333333,0,木夭丑友什69aa39bb
1,0,0,-0.161973004,-0.343115124,-0.32,-0.323076923,-0.390243902,0,木夭丑友什69aa40ba
1,0,0,-0.739876687,0.040632054,0.084210526,0.430769231,0.422764228,2,木夭丑友什69aa40bb
1,0,0,-0.739876687,0.325056433,0.409824561,1.007692308,0.650406504,2,木夭丑友什69aa41aa
1,0,0,-0.739876687,0.433408578,0.919298246,2.492307692,-0.162601626,2,木夭丑友什69aa41ab
1,0,0,-0.503249458,0.06772009,0.536140351,1.669230769,0,2,木夭丑友什69aa41ba
0,0,0,1.321779703,-0.343115124,-0.341052632,-0.323076923,-0.487804878,0,木夭丑友什69ab31bb
1,0,0,1.321779703,-0.279909707,-0.305964912,-0.323076923,-0.162601626,0,木夭丑友什69ab32aa
1,0,0,1.204465922,-0.297968397,-0.311578947,-0.323076923,-0.06504065,0,木夭丑友什69ab33bb
0,1,1,1.204465922,0.397291196,0.241403509,0.207692308,-0.195121951,0,木夭丑友什69ab34aa
1,0,0,0.76053991,-0.297968397,-0.155789474,0.107692308,-0.292682927,0,木夭丑友什69ab34bb
1,1,1,-0.875854024,0.713318284,0.666666667,1.369230769,0.422764228,2,木夭丑友什69ab35aa
1,1,1,0.51658057,-0.343115124,-0.287719298,-0.184615385,-0.357723577,0,木夭丑友什69ab35ab
0,0,0,0.246625562,0.478555305,0.364912281,0.4,-0.357723577,0,木夭丑友什69ab36ba
0,1,1,0.395934011,0,-0.02245614,0,0.195121951,0,木夭丑友什69ab36bb
1,0,0,0.149308449,-0.203160271,-0.185263158,-0.084615385,-0.520325203,0,木夭丑友什69ab37aa
0,1,1,0.301949675,-0.040632054,-0.101052632,-0.123076923,2.276422764,2,木夭丑友什69ab37ab
0,1,1,-0.119980003,0.735891648,0.310175439,0.107692308,13.69105691,3,木夭丑友什69ab37ba
0,1,1,-0.153974338,-0.18510158,-0.255438596,-0.323076923,1.203252033,0,木夭丑友什69ab37bb
0,1,1,-0.153974338,1.656884876,0.517894737,-0.038461538,9.235772358,1,木夭丑友什69ab38aa
0,1,1,-0.153974338,0.731376975,0.369122807,0.230769231,1.235772358,2,木夭丑友什69ab38ab
0,0,0,-0.428595234,-0.343115124,-0.341052632,-0.323076923,-0.487804878,0,木夭丑友什69ab38ba
0,0,0,-0.472587902,0.009029345,-0.067368421,0.023076923,0.260162602,0,木夭丑友什69ab38bb
0,1,1,-0.472587902,0.06772009,-0.040701754,0.030769231,0.585365854,2,木夭丑友什69ab39aa
0,1,1,-0.472587902,-0.343115124,-0.329824561,-0.323076923,7.25203252,1,木夭丑友什69ab39ab
0,1,1,-0.906515581,2.501128668,1.553684211,1.507692308,12.35772358,3,木夭丑友什69ab39ba
0,1,1,-0.455257457,0.943566591,0.62877193,0.661538462,9.918699187,1,木夭丑友什69ab39bb
1,0,0,-0.330611565,-0.343115124,-0.341052632,-0.323076923,-0.520325203,0,木夭丑友什69ab40aa
1,0,0,-0.739876687,0.013544018,0.023859649,0.369230769,-0.162601626,0,木夭丑友什69ab40bb
1,0,0,-0.739876687,0.830699774,0.66245614,1.330769231,-0.260162602,2,木夭丑友什69ab41aa
1,0,0,-0.53457757,0.690744921,1.173333333,2.861538462,0.097560976,2,木夭丑友什69ab41ab
1,0,0,-0.431928012,0.243792325,0.669473684,1.7,0,2,木夭丑友什69ab41ba
0,0,0,2.648891851,-0.343115124,-0.341052632,-0.323076923,-0.487804878,0,木夭丑友什69ba30ab
0,0,0,1.321779703,-0.343115124,-0.304561404,-0.230769231,-0.520325203,0,木夭丑友什69ba32aa
0,1,1,1.204465922,-0.25282167,-0.241403509,-0.223076923,-0.195121951,0,木夭丑友什69ba33bb
1,1,1,1.204465922,-0.343115124,-0.325614035,-0.323076923,-0.195121951,0,木夭丑友什69ba34aa
1,1,1,-0.587235461,0.948081264,0.837894737,1.046153846,0.487804878,2,木夭丑友什69ba35aa
1,0,0,0.51658057,0.523702032,0.597894737,1.330769231,-0.325203252,2,木夭丑友什69ba35ab
1,0,0,1.061823029,-0.343115124,-0.328421053,-0.323076923,-0.357723577,0,木夭丑友什69ba35ba
1,0,0,1.112481253,-0.343115124,-0.341052632,-0.323076923,-0.390243902,0,木夭丑友什69ba35bb
0,1,1,0.395934011,-0.306997743,-0.325614035,-0.323076923,-0.390243902,0,木夭丑友什69ba36bb
0,1,1,-0.425262456,1.589164786,1.500350877,1.507692308,3.154471545,1,木夭丑友什69ba37aa
0,1,1,-0.425262456,1.336343115,0.62877193,0.407692308,17.85365854,3,木夭丑友什69ba37ab
0,1,1,-0.170638227,0.957110609,0.315789474,0.030769231,14.04878049,3,木夭丑友什69ba37ba
0,1,1,-0.153974338,1.101580135,0.487017544,0.092307692,11.54471545,3,木夭丑友什69ba37bb
0,1,1,-0.153974338,3.146726862,1.818947368,1.1,10.60162602,3,木夭丑友什69ba38aa
0,1,1,-0.153974338,0.997742664,0.366315789,0.330769231,3.382113821,1,木夭丑友什69ba38ab
0,1,1,-0.428595234,0.9751693,0.520701754,0.330769231,1.951219512,2,木夭丑友什69ba38ba
0,1,1,-0.846525579,2.027088036,1.431578947,1.4,2.991869919,1,木夭丑友什69ba38bb
1,0,0,-0.846525579,2.257336343,2.172631579,3.330769231,0.650406504,2,木夭丑友什69ba39aa
1,1,1,-0.472587902,0.288939052,0.341052632,0.638461538,-0.260162602,2,木夭丑友什69ba39ab
0,1,1,-0.537910348,-0.198645598,-0.225964912,-0.223076923,-0.325203252,0,木夭丑友什69ba39ba
0,1,1,-0.415930678,0.686230248,0.475789474,0.123076923,2.178861789,2,木夭丑友什69ba39bb
0,1,1,-0.415930678,0.424379233,0.273684211,0.084615385,1.528455285,2,木夭丑友什69ba40aa
0,1,1,-0.042659557,0.568848758,0.176842105,-0.107692308,0.325203252,2,木夭丑友什69ba40ab
1,0,0,-0.442592901,-0.343115124,-0.341052632,-0.323076923,-0.520325203,0,木夭丑友什69ba40ba
1,0,0,-0.218630228,0.162528217,0.026666667,0.2,-0.455284553,0,木夭丑友什69ba41aa
1,0,0,-0.218630228,0.320541761,0.259649123,0.592307692,-0.422764228,0,木夭丑友什69ba41ab
0,0,0,1.204465922,-0.311512415,-0.301754386,-0.323076923,-0.455284553,0,木夭丑友什69bb33ba
0,0,0,1.204465922,-0.311512415,-0.322807018,-0.323076923,-0.032520325,0,木夭丑友什69bb34aa
1,1,1,1.021163139,1.864559819,1.063859649,0.969230769,0.227642276,2,木夭丑友什69bb34bb
1,1,1,-0.004665889,0.320541761,0.329824561,0.646153846,0.390243902,2,木夭丑友什69bb35aa
1,0,0,1.112481253,-0.343115124,-0.341052632,-0.323076923,-0.520325203,0,木夭丑友什69bb35bb
0,1,1,-0.303282786,-0.158013544,-0.161403509,-0.223076923,0.780487805,0,木夭丑友什69bb37aa
0,1,1,-0.303282786,2.121896163,1.330526316,0.661538462,9.62601626,1,木夭丑友什69bb37ab
0,1,1,-0.765205799,1.593679458,1.069473684,0.553846154,7.967479675,1,木夭丑友什69bb37ba
0,1,1,-0.153974338,1.485327314,0.837894737,0.576923077,6.569105691,1,木夭丑友什69bb37bb
0,1,1,-0.153974338,1.611738149,1.202807018,1.046153846,2.731707317,2,木夭丑友什69bb38aa
0,1,1,-0.153974338,0.424379233,0.144561404,0.007692308,1.203252033,2,木夭丑友什69bb38ab
0,1,1,-0.428595234,3.44469526,2.004210526,1.061538462,8.650406504,1,木夭丑友什69bb38ba
0,1,1,-0.846525579,2.212189616,1.375438596,0.738461538,8.292682927,1,木夭丑友什69bb38bb
0,1,1,-0.589235127,1.155756208,0.798596491,0.684615385,4.780487805,1,木夭丑友什69bb39aa
0,1,1,-0.701883019,0.18510158,0.056140351,-0.030769231,1.300813008,2,木夭丑友什69bb39ab
0,1,1,-0.701883019,0.817155756,0.305964912,0.107692308,3.382113821,1,木夭丑友什69bb39ba
0,1,1,-0.701883019,1.571106095,1.278596491,1.207692308,3.284552846,1,木夭丑友什69bb39bb
0,0,0,0.182636227,0.23476298,-0.002807018,-0.2,0.422764228,0,木夭丑友什69bb40aa
0,1,1,-0.013997667,-0.027088036,-0.065964912,-0.130769231,0.325203252,0,木夭丑友什69bb40ab
1,0,0,1.783702716,-0.343115124,-0.341052632,-0.323076923,-0.520325203,0,木夭丑友什70aa33ba
1,0,0,1.783702716,-0.343115124,-0.341052632,-0.323076923,-0.455284553,0,木夭丑友什70aa33bb
1,0,0,1.26512248,-0.153498871,-0.221754386,-0.246153846,-0.520325203,0,木夭丑友什70aa34ba
1,1,1,1.267788702,0.60496614,0.418245614,0.6,0.227642276,0,木夭丑友什70aa34bb
1,0,0,-0.001999667,-0.343115124,-0.341052632,-0.323076923,-0.487804878,0,木夭丑友什70aa35ba
0,1,1,-0.599900017,0.248306998,0.204912281,0.2,1.723577236,2,木夭丑友什70aa37aa
0,1,1,-0.617230462,2.221218962,1.726315789,1.538461538,7.674796748,1,木夭丑友什70aa37ab
0,1,1,-0.617230462,2.297968397,1.626666667,1.230769231,13.62601626,3,木夭丑友什70aa37ba
0,1,1,-0.781869688,2.040632054,1.501754386,1.115384615,9.658536585,1,木夭丑友什70aa37bb
0,1,1,-0.781869688,0.817155756,0.576842105,0.6,3.512195122,1,木夭丑友什70aa38aa
0,1,1,-0.781869688,-0.139954853,-0.241403509,-0.323076923,-0.06504065,0,木夭丑友什70aa38ab
0,1,1,-0.757207132,2.275395034,1.487719298,0.915384615,7.12195122,1,木夭丑友什70aa38ba
0,1,1,-0.593901016,1.408577878,1.011929825,0.576923077,4.455284553,1,木夭丑友什70aa38bb
0,1,1,-0.715214131,2.261851016,1.699649123,1.369230769,3.739837398,1,木夭丑友什70aa39aa
0,1,1,-0.715214131,1.566591422,1.082105263,0.946153846,3.869918699,1,木夭丑友什70aa39ab
0,1,1,-0.715214131,1.869074492,1.136842105,0.507692308,5.040650407,1,木夭丑友什70aa39ba
0,1,1,-0.701883019,2.758465011,1.841403509,1.492307692,7.317073171,1,木夭丑友什70aa39bb
0,1,1,-0.69721713,0.934537246,0.631578947,0.546153846,2.764227642,2,木夭丑友什70aa40aa
0,0,0,0.182636227,-0.343115124,-0.341052632,-0.323076923,-0.520325203,0,木夭丑友什70aa40ab
1,0,0,2.505582403,-0.343115124,-0.341052632,-0.323076923,-0.455284553,0,木夭丑友什70ab33ab
1,0,0,-0.142642893,0.704288939,0.496842105,0.530769231,-0.357723577,2,木夭丑友什70ab34ba
1,0,0,1.267788702,0.176072235,-0.005614035,-0.130769231,-0.487804878,0,木夭丑友什70ab34bb
1,0,0,-0.188635227,-0.343115124,-0.341052632,-0.323076923,-0.390243902,0,木夭丑友什70ab35bb
0,1,1,-0.699216797,0.311512415,0.197894737,0.146153846,2.43902439,2,木夭丑友什70ab37aa
0,1,1,-0.617230462,1.32731377,1.121403509,1.246153846,5.463414634,1,木夭丑友什70ab37ab
0,1,1,-0.617230462,1.810383747,1.421754386,1.330769231,12.5203252,3,木夭丑友什70ab37ba
0,1,1,-0.811864689,2.072234763,1.197192982,0.830769231,11.83739837,3,木夭丑友什70ab37bb
0,1,1,-0.811864689,1.607223476,0.97122807,0.569230769,6.406504065,1,木夭丑友什70ab38aa
0,1,1,-0.757207132,1.155756208,0.972631579,0.715384615,4.552845528,1,木夭丑友什70ab38ba
0,1,1,-0.593901016,1.810383747,1.37122807,1.030769231,5.691056911,1,木夭丑友什70ab38bb
0,1,1,-0.715214131,1.449209932,1.065263158,0.892307692,4.943089431,1,木夭丑友什70ab39aa
0,1,1,-0.715214131,1.146726862,0.929122807,0.784615385,1.398373984,2,木夭丑友什70ab39ab
0,1,1,-0.715214131,3.110609481,2.213333333,1.607692308,4.780487805,1,木夭丑友什70ab39ba
0,1,1,-0.707215464,1.88261851,1.069473684,0.769230769,5.528455285,1,木夭丑友什70ab39bb
0,1,1,-0.69721713,0.48758465,0.287719298,0.246153846,1.62601626,2,木夭丑友什70ab40aa
0,1,1,-0.421263123,0.018058691,-0.084210526,-0.207692308,0.81300813,0,木夭丑友什70ab40ab
0,1,1,5.657723713,0.25282167,-0.089824561,-0.246153846,-0.357723577,0,木夭丑友什70ba34ba
0,1,1,1.267788702,-0.343115124,-0.341052632,-0.323076923,-0.520325203,0,木夭丑友什70ba34bb
0,0,0,-0.001999667,-0.343115124,-0.341052632,-0.323076923,-0.520325203,0,木夭丑友什70ba35ab
1,0,0,0.968505249,-0.343115124,-0.341052632,-0.323076923,-0.097560976,0,木夭丑友什70ba35bb
0,1,1,-0.4125979,-0.343115124,-0.341052632,-0.323076923,-0.227642276,0,木夭丑友什70ba36bb
0,0,0,-0.4125979,-0.343115124,-0.341052632,-0.323076923,-0.292682927,0,木夭丑友什70ba37aa
0,1,1,-0.617230462,0.35214447,0.117894737,-0.038461538,1.951219512,2,木夭丑友什70ba37ba
0,1,1,-0.811864689,2.428893905,1.592982456,1.861538462,3.512195122,1,木夭丑友什70ba37bb
0,1,1,-0.811864689,2.546275395,1.323508772,1.192307692,5.62601626,1,木夭丑友什70ba38aa
0,1,1,-0.811864689,-0.036117381,-0.098245614,-0.107692308,-0.455284553,0,木夭丑友什70ba38ab
0,1,1,-0.48791868,0.595936795,0.390175439,0.176923077,2.861788618,2,木夭丑友什70ba38ba
0,0,0,-0.593901016,-0.189616253,-0.207719298,-0.192307692,0.032520325,0,木夭丑友什70ba38bb
0,1,1,-0.715214131,2.094808126,1.504561404,1.038461538,8.422764228,1,木夭丑友什70ba39aa
0,1,1,-0.715214131,1.047404063,0.905263158,0.676923077,3.479674797,1,木夭丑友什70ba39ab
0,1,1,-0.715214131,1.661399549,1.258947368,0.746153846,4.455284553,1,木夭丑友什70ba39ba
0,1,1,-0.707215464,1.909706546,1.265964912,1.107692308,3.317073171,1,木夭丑友什70ba39bb
0,1,1,-0.304615897,2.316027088,1.29122807,0.861538462,3.869918699,1,木夭丑友什70ba40aa
0,1,1,-0.304615897,1.187358916,0.70877193,0.330769231,4,1,木夭丑友什70ba40ab
0,0,0,-0.187302116,0.401805869,0.25122807,0.253846154,0.422764228,2,木夭丑友什70ba40ba
0,0,0,5.657723713,-0.343115124,-0.341052632,-0.323076923,-0.520325203,0,木夭丑友什70bb34ba
0,0,0,0.493251125,-0.261851016,-0.310175439,-0.323076923,-0.422764228,0,木夭丑友什70bb36aa
0,1,1,-0.4125979,-0.343115124,-0.341052632,-0.323076923,0.032520325,0,木夭丑友什70bb37aa
1,0,0,-0.4125979,-0.343115124,-0.341052632,-0.323076923,-0.260162602,0,木夭丑友什70bb37ab
1,0,0,-0.432594568,-0.343115124,-0.341052632,-0.323076923,-0.520325203,0,木夭丑友什70bb37ba
0,1,1,-0.811864689,1.507900677,0.965614035,0.953846154,-0.260162602,2,木夭丑友什70bb37bb
0,1,1,-0.811864689,0.830699774,0.501052632,0.546153846,-0.292682927,2,木夭丑友什70bb38aa
0,0,0,-0.811864689,1.237020316,0.913684211,1.023076923,-0.227642276,2,木夭丑友什70bb38ab
0,1,1,-0.803199467,-0.207674944,-0.183859649,-0.146153846,-0.260162602,0,木夭丑友什70bb38ba
0,1,1,0.009998334,0.158013544,0.50245614,0.146153846,-0.06504065,2,木夭丑友什70bb38bb
0,1,1,-0.65055824,0.11738149,0.088421053,0.1,0.032520325,2,木夭丑友什70bb39aa
0,1,1,-0.707215464,1.273137698,1.070877193,0.953846154,4.87804878,1,木夭丑友什70bb39ab
0,1,1,-0.707215464,0.573363431,0.315789474,0.092307692,1.528455285,2,木夭丑友什70bb39ba
0,1,1,-0.707215464,1.638826185,1.385263158,0.976923077,2.081300813,2,木夭丑友什70bb39bb
0,1,1,-0.137310448,1.155756208,1.100350877,1.146153846,-0.162601626,2,木夭丑友什70bb40aa
0,1,1,-0.137310448,1.851015801,1.149473684,0.884615385,4,1,木夭丑友什70bb40ab
0,0,0,-0.137310448,-0.189616253,-0.261052632,-0.323076923,-0.390243902,0,木夭丑友什70bb40ba
0,0,0,1.793034494,-0.306997743,-0.314385965,-0.323076923,-0.260162602,0,木夭丑友什71aa35bb
1,1,1,1.627728712,-0.144469526,-0.197894737,-0.146153846,0.260162602,0,木夭丑友什71aa36aa
0,0,0,-0.4125979,-0.343115124,-0.341052632,-0.323076923,-0.260162602,0,木夭丑友什71aa36bb
0,0,0,-0.4125979,-0.316027088,-0.312982456,-0.323076923,0.097560976,0,木夭丑友什71aa37aa
0,0,0,-0.4125979,-0.343115124,-0.341052632,-0.323076923,-0.390243902,0,木夭丑友什71aa37ab
0,0,0,-0.379270122,-0.343115124,-0.305964912,-0.323076923,0.097560976,0,木夭丑友什71aa37bb
0,0,0,-0.379270122,-0.343115124,-0.325614035,-0.323076923,-0.455284553,0,木夭丑友什71aa38aa
1,1,1,-0.249291785,0.248306998,0.25122807,0.423076923,-0.487804878,2,木夭丑友什71aa38bb
1,0,0,0.038660223,1.033860045,1.145263158,1.884615385,-0.032520325,2,木夭丑友什71aa39aa
1,1,1,1.627728712,-0.063205418,-0.188070175,-0.223076923,0.422764228,0,木夭丑友什71ab36aa
0,0,0,0.244625896,-0.343115124,-0.341052632,-0.323076923,-0.195121951,0,木夭丑友什71ab36bb
0,0,0,-0.317280453,-0.343115124,-0.341052632,-0.323076923,0.292682927,0,木夭丑友什71ab37aa
0,0,0,-0.379270122,-0.343115124,-0.341052632,-0.323076923,0.130081301,0,木夭丑友什71ab37ba
0,0,0,-0.379270122,-0.343115124,-0.341052632,-0.323076923,-0.325203252,0,木夭丑友什71ab37bb
0,0,0,-0.379270122,-0.343115124,-0.341052632,-0.323076923,-0.292682927,0,木夭丑友什71ab38aa
0,0,0,-0.803199467,-0.343115124,-0.341052632,-0.323076923,-0.455284553,0,木夭丑友什71ab38ab
0,0,0,0.451924679,-0.343115124,-0.341052632,-0.323076923,-0.487804878,0,木夭丑友什71ab41aa
1,0,0,1.627728712,-0.288939052,-0.312982456,-0.323076923,-0.097560976,0,木夭丑友什71ba36aa
0,0,0,0.244625896,-0.343115124,-0.341052632,-0.323076923,-0.292682927,0,木夭丑友什71ba36bb
0,0,0,0.460589902,-0.343115124,-0.341052632,-0.323076923,-0.06504065,0,木夭丑友什71ba37aa
0,1,1,-0.4065989,0.713318284,0.367719298,0.253846154,1.398373984,2,木夭丑友什71ba37ab
0,0,0,-0.379270122,-0.343115124,-0.341052632,-0.323076923,-0.195121951,0,木夭丑友什71ba37ba
0,0,0,-0.379270122,0.55530474,0.522105263,0.246153846,0.162601626,2,木夭丑友什71ba37bb
0,0,0,-0.379270122,1.300225734,0.846315789,0.846153846,0.227642276,2,木夭丑友什71ba38aa
1,1,1,0.069988335,-0.153498871,-0.196491228,-0.261538462,0.325203252,0,木夭丑友什71ba38ab
0,0,0,-0.117313781,-0.013544018,-0.134736842,-0.2,-0.032520325,0,木夭丑友什71ba38ba
0,0,0,0.212631228,-0.343115124,-0.341052632,-0.323076923,-0.520325203,0,木夭丑友什71ba40bb
0,0,0,0.263956007,0.018058691,-0.155789474,-0.238461538,0.130081301,0,木夭丑友什71bb37ab
0,0,0,0.324612565,-0.343115124,-0.341052632,-0.323076923,-0.520325203,0,木夭丑友什71bb37ba
0,1,1,0.324612565,0.027088036,-0.018245614,0.092307692,-0.422764228,0,木夭丑友什71bb38aa
0,0,0,0.069988335,-0.112866817,-0.210526316,-0.215384615,0,0,木夭丑友什71bb38ab
0,1,1,-0.085985669,-0.257336343,-0.270877193,-0.261538462,-0.325203252,0,木夭丑友什71bb38ba
1,0,0,-0.085985669,-0.343115124,-0.341052632,-0.323076923,-0.487804878,0,木夭丑友什72aa38ba