,gid,pa,ep,fp,yp,nb,year,cctv,light,log_pa,log_nb
5,木夭丑友什58ab30ba,8.15,6.0,7.0,0.0,2.0,2002,0,3,2.0980179272527715,0.6931471805599453
17,木夭丑友什58bb30ab,7.768,0.0,0.0,0.0,2.0,1971,0,10,2.0500127309890237,0.6931471805599453
26,木夭丑友什59aa30aa,7.768,0.0,0.0,0.0,2.0,1985,0,5,2.0500127309890237,0.6931471805599453
27,木夭丑友什59aa30ab,7.768,0.0,0.0,0.0,3.0,1976,0,4,2.0500127309890237,1.0986122886681098
42,木夭丑友什59ab30aa,6.89,0.0,0.0,0.0,3.0,1938,1,2,1.9300710850255671,1.0986122886681098
43,木夭丑友什59ab30ab,6.89,0.0,0.0,0.0,2.0,1979,0,0,1.9300710850255671,0.6931471805599453
66,木夭丑友什59ba30aa,6.339,0.0,0.0,0.0,14.0,2023,0,3,1.8467210273020294,2.6390573296152584
69,木夭丑友什59ba30bb,4.878,36.0,27.0,0.0,8.0,2005,0,2,1.5847352997937285,2.0794415416798357
71,木夭丑友什59ba31ab,4.285,0.0,6.0,0.0,5.0,1992,0,0,1.4551205520497432,1.6094379124341003
93,木夭丑友什59bb29bb,6.541,0.0,0.0,0.0,4.0,2009,0,4,1.8780900589790757,1.3862943611198906
96,木夭丑友什59bb30ba,5.025,9.0,18.0,6.0,11.0,2002,0,21,1.6144254539451395,2.3978952727983707
97,木夭丑友什59bb30bb,4.164,7.0,7.0,0.0,4.0,2006,0,11,1.4264761507527224,1.3862943611198906
98,木夭丑友什59bb31aa,3.953,0.0,8.0,0.0,14.0,2004,0,4,1.3744747843145484,2.6390573296152584
99,木夭丑友什59bb31ab,4.028,0.0,8.0,0.0,14.0,1994,0,14,1.3932699748563158,2.6390573296152584
100,木夭丑友什59bb31ba,4.028,0.0,0.0,0.0,4.0,1958,0,0,1.3932699748563158,1.3862943611198906
105,木夭丑友什59bb32bb,2.968,0.0,0.0,0.0,4.0,2002,0,0,1.087888325305134,1.3862943611198906
122,木夭丑友什60aa29ba,7.025,0.0,0.0,0.0,4.0,2002,0,1,1.9494752152198096,1.3862943611198906
123,木夭丑友什60aa29bb,6.339,8.0,7.0,0.0,25.0,2006,0,15,1.8467210273020294,3.2188758248682006
124,木夭丑友什60aa30aa,6.339,0.0,0.0,0.0,8.0,2007,0,9,1.8467210273020294,2.0794415416798357
125,木夭丑友什60aa30ab,5.025,0.0,0.0,0.0,2.0,2002,0,1,1.6144254539451395,0.6931471805599453
131,木夭丑友什60aa31bb,3.708,0.0,0.0,0.0,1.0,2000,0,6,1.3104926477036087,0.0
134,木夭丑友什60aa32ba,2.781,0.0,0.0,0.0,1.0,2006,0,23,1.022810575251828,0.0
135,木夭丑友什60aa32bb,2.968,0.0,0.0,0.0,1.0,1984,1,0,1.087888325305134,0.0
154,木夭丑友什60ab29ba,5.571,7.0,13.0,0.0,11.0,2003,0,0,1.7175745710386783,2.3978952727983707
155,木夭丑友什60ab29bb,5.954,0.0,0.0,0.0,4.0,2005,0,0,1.7840632625935846,1.3862943611198906
167,木夭丑友什60ab32bb,2.885,0.0,0.0,0.0,14.0,1997,0,0,1.0595248999600628,2.6390573296152584
185,木夭丑友什60ba29ab,5.571,0.0,0.0,0.0,1.0,1968,0,0,1.7175745710386783,0.0
198,木夭丑友什60ba32ba,5.564,21.0,55.0,0.0,14.0,2005,0,14,1.7163172740611965,2.6390573296152584
199,木夭丑友什60ba32bb,2.144,0.0,9.0,0.0,3.0,1987,0,0,0.7626732432085556,1.0986122886681098
216,木夭丑友什60bb29aa,5.275,0.0,0.0,0.0,4.0,1993,1,0,1.6629786793621302,1.3862943611198906
217,木夭丑友什60bb29ab,4.753,27.0,66.0,9.0,20.0,2007,1,0,1.5587759976318725,2.995732273553991
229,木夭丑友什60bb32ab,5.564,0.0,0.0,0.0,3.0,2006,0,0,1.7163172740611965,1.0986122886681098
230,木夭丑友什60bb32ba,5.564,93.0,253.0,51.0,54.0,2008,0,29,1.7163172740611965,3.9889840465642745
231,木夭丑友什60bb32bb,9.795,12.0,113.0,34.0,16.0,2017,0,0,2.2818720513965043,2.772588722239781
248,木夭丑友什61aa29aa,5.275,0.0,0.0,0.0,3.0,2001,0,0,1.6629786793621302,1.0986122886681098
249,木夭丑友什61aa29ab,4.753,0.0,21.0,10.0,7.0,2004,0,0,1.5587759976318725,1.9459101490553132
255,木夭丑友什61aa30bb,4.32,0.0,0.0,0.0,3.0,1928,0,4,1.463255402256019,1.0986122886681098
261,木夭丑友什61aa32ab,1.505,0.0,0.0,0.0,2.0,2002,0,0,0.40879289820083897,0.6931471805599453
262,木夭丑友什61aa32ba,1.505,65.0,223.0,40.0,41.0,2010,1,9,0.40879289820083897,3.713572066704308
263,木夭丑友什61aa32bb,1.505,28.0,109.0,23.0,22.0,2012,0,2,0.40879289820083897,3.091042453358316
293,木夭丑友什61ab32ab,1.505,36.0,291.0,86.0,1.0,2018,1,0,0.40879289820083897,0.0
294,木夭丑友什61ab32ba,1.505,14.0,67.0,15.0,43.0,2014,6,0,0.40879289820083897,3.7612001156935624
295,木夭丑友什61ab32bb,1.505,45.0,168.0,45.0,9.0,2010,1,0,0.40879289820083897,2.1972245773362196
313,木夭丑友什61ba29aa,4.173,0.0,0.0,0.0,3.0,1989,0,5,1.4286352016094155,1.0986122886681098
326,木夭丑友什61ba32ab,1.505,9.0,86.0,26.0,35.0,2013,2,0,0.40879289820083897,3.5553480614894135
327,木夭丑友什61ba32ba,1.876,28.0,115.0,37.0,53.0,2012,9,0,0.6291418505840328,3.970291913552122
328,木夭丑友什61ba32bb,1.876,25.0,110.0,29.0,5.0,2010,1,0,0.6291418505840328,1.6094379124341003
342,木夭丑友什61ba36ab,5.342,10.0,17.0,0.0,10.0,1996,0,5,1.675600114687769,2.302585092994046
357,木夭丑友什61bb31bb,1.394,21.0,79.0,14.0,1.0,2009,0,0,0.3321773123383321,0.0
359,木夭丑友什61bb32ab,7.653,30.0,193.0,85.0,28.0,2013,4,0,2.035097727827784,3.332204510175204
360,木夭丑友什61bb32ba,1.876,71.0,309.0,106.0,62.0,2012,8,0,0.6291418505840328,4.127134385045092
361,木夭丑友什61bb32bb,1.876,37.0,99.0,26.0,5.0,2010,0,0,0.6291418505840328,1.6094379124341003
375,木夭丑友什61bb36ab,4.44,49.0,76.0,0.0,31.0,2006,0,9,1.4906543764441336,3.4339872044851463
376,木夭丑友什61bb36ba,4.44,27.0,63.0,0.0,32.0,2004,0,0,1.4906543764441336,3.4657359027997265
390,木夭丑友什62aa31ba,1.394,37.0,100.0,17.0,2.0,2009,2,0,0.3321773123383321,0.6931471805599453
391,木夭丑友什62aa31bb,1.394,343.0,982.0,225.0,14.0,2009,0,0,0.3321773123383321,2.6390573296152584
392,木夭丑友什62aa32aa,1.038,227.0,898.0,277.0,8.0,2009,5,0,0.03729578474369693,2.0794415416798357
393,木夭丑友什62aa32ab,0.525,187.0,739.0,185.0,20.0,2009,4,0,-0.6443570163905132,2.995732273553991
394,木夭丑友什62aa32ba,1.876,117.0,527.0,169.0,15.0,2008,2,0,0.6291418505840328,2.70805020110221
395,木夭丑友什62aa32bb,18.176,75.0,520.0,186.0,19.0,2009,4,0,2.900102042538741,2.9444389791664403
399,木夭丑友什62aa33bb,3.182,0.0,0.0,0.0,2.0,1987,0,1,1.157509929915595,0.6931471805599453
401,木夭丑友什62aa34ab,5.378,0.0,0.0,0.0,11.0,2004,0,5,1.682316557846673,2.3978952727983707
409,木夭丑友什62aa36ab,4.44,14.0,35.0,0.0,17.0,2003,1,1,1.4906543764441336,2.833213344056216
410,木夭丑友什62aa36ba,4.44,22.0,43.0,0.0,23.0,2005,2,2,1.4906543764441336,3.1354942159291497
411,木夭丑友什62aa36bb,4.133,6.0,12.0,0.0,23.0,2004,2,6,1.4190035355295954,3.1354942159291497
412,木夭丑友什62aa37aa,4.248,17.0,32.0,7.0,12.0,2007,0,8,1.4464482839396378,2.4849066497880004
418,木夭丑友什62ab28ab,4.628,6.0,7.0,0.0,2.0,1985,0,0,1.5321248093314301,0.6931471805599453
426,木夭丑友什62ab30ab,3.082,0.0,10.0,0.0,8.0,2011,0,0,1.125578736897924,2.0794415416798357
427,木夭丑友什62ab30ba,3.055,7.0,12.0,0.0,9.0,2013,0,3,1.1167795926235586,2.1972245773362196
431,木夭丑友什62ab31ba,1.394,94.0,229.0,47.0,16.0,2008,0,2,0.3321773123383321,2.772588722239781
432,木夭丑友什62ab31bb,0.892,105.0,254.0,64.0,3.0,2010,1,0,-0.11428914640212766,1.0986122886681098
433,木夭丑友什62ab32aa,0.892,122.0,529.0,152.0,7.0,2009,2,0,-0.11428914640212766,1.9459101490553132
434,木夭丑友什62ab32ab,0.892,159.0,666.0,210.0,24.0,2009,1,0,-0.11428914640212766,3.1780538303479458
435,木夭丑友什62ab32ba,0.525,144.0,678.0,204.0,29.0,2009,4,0,-0.6443570163905132,3.367295829986474
436,木夭丑友什62ab32bb,18.176,80.0,368.0,80.0,9.0,2009,4,0,2.900102042538741,2.1972245773362196
440,木夭丑友什62ab33bb,3.182,0.0,0.0,0.0,1.0,2010,0,0,1.157509929915595,0.0
442,木夭丑友什62ab34ab,5.22,0.0,0.0,0.0,10.0,2000,0,5,1.6524974018945473,2.302585092994046
447,木夭丑友什62ab35ba,4.883,0.0,0.0,0.0,14.0,2023,0,0,1.5857597850795233,2.6390573296152584
448,木夭丑友什62ab35bb,4.883,0.0,0.0,0.0,1.0,2001,0,0,1.5857597850795233,0.0
450,木夭丑友什62ab36ab,6.677,0.0,0.0,0.0,3.0,2017,0,0,1.8986687848757318,1.0986122886681098
452,木夭丑友什62ab36bb,4.133,0.0,0.0,0.0,6.0,1991,0,0,1.4190035355295954,1.791759469228055
453,木夭丑友什62ab37aa,4.248,19.0,31.0,0.0,18.0,1994,0,4,1.4464482839396378,2.8903717578961645
460,木夭丑友什62ba28ab,5.45,0.0,0.0,0.0,4.0,1997,0,0,1.6956156086751528,1.3862943611198906
468,木夭丑友什62ba30ab,2.949,0.0,0.0,0.0,1.0,2017,0,0,1.0814661298331392,0.0
469,木夭丑友什62ba30ba,3.055,14.0,17.0,0.0,11.0,2013,0,0,1.1167795926235586,2.3978952727983707
470,木夭丑友什62ba30bb,3.055,0.0,11.0,0.0,12.0,2015,0,0,1.1167795926235586,2.4849066497880004
471,木夭丑友什62ba31aa,3.055,10.0,15.0,0.0,9.0,2007,0,0,1.1167795926235586,2.1972245773362196
476,木夭丑友什62ba32ab,0.892,32.0,202.0,89.0,21.0,2010,5,0,-0.11428914640212766,3.044522437723423
477,木夭丑友什62ba32ba,0.525,81.0,263.0,49.0,75.0,2010,11,0,-0.6443570163905132,4.31748811353631
478,木夭丑友什62ba32bb,18.176,101.0,290.0,49.0,64.0,2012,11,0,2.900102042538741,4.1588830833596715
479,木夭丑友什62ba33aa,18.176,26.0,61.0,12.0,5.0,2010,4,0,2.900102042538741,1.6094379124341003
485,木夭丑友什62ba34ba,5.22,0.0,0.0,0.0,2.0,2003,0,1,1.6524974018945473,0.6931471805599453
488,木夭丑友什62ba35ab,4.883,14.0,39.0,0.0,17.0,2012,0,2,1.5857597850795233,2.833213344056216
489,木夭丑友什62ba35ba,4.883,16.0,21.0,0.0,20.0,1998,1,10,1.5857597850795233,2.995732273553991
490,木夭丑友什62ba35bb,4.883,0.0,0.0,0.0,3.0,2008,0,1,1.5857597850795233,1.0986122886681098
501,木夭丑友什62bb28aa,2.882,8.0,14.0,0.0,12.0,1985,0,5,1.0584844975773304,2.4849066497880004
502,木夭丑友什62bb28ab,2.799,0.0,0.0,0.0,3.0,1987,0,0,1.0292622105333165,1.0986122886681098
504,木夭丑友什62bb28bb,3.272,0.0,7.0,0.0,8.0,2004,1,8,1.1854014187405006,2.0794415416798357
505,木夭丑友什62bb29aa,3.272,8.0,12.0,0.0,5.0,2005,0,5,1.1854014187405006,1.6094379124341003
515,木夭丑友什62bb31ba,3.518,0.0,7.0,0.0,3.0,2011,0,0,1.2578926463153663,1.0986122886681098
517,木夭丑友什62bb32aa,1.181,0.0,0.0,0.0,4.0,2012,1,0,0.16636153721522529,1.3862943611198906
518,木夭丑友什62bb32ab,1.181,34.0,203.0,50.0,76.0,2012,4,0,0.16636153721522529,4.330733340286331
519,木夭丑友什62bb32ba,0.294,40.0,175.0,41.0,72.0,2013,6,0,-1.2241755116434554,4.276666119016055
520,木夭丑友什62bb32bb,0.53,16.0,59.0,8.0,34.0,2017,4,0,-0.6348782724359695,3.5263605246161616
521,木夭丑友什62bb33aa,5.4,8.0,19.0,0.0,18.0,2010,0,0,1.6863989535702288,2.8903717578961645
525,木夭丑友什62bb34aa,4.079,0.0,0.0,0.0,5.0,2005,0,1,1.4058518603354213,1.6094379124341003
526,木夭丑友什62bb34ab,4.079,0.0,0.0,0.0,2.0,2009,0,5,1.4058518603354213,0.6931471805599453
530,木夭丑友什62bb35ab,4.883,8.0,21.0,0.0,12.0,2003,1,23,1.5857597850795233,2.4849066497880004
531,木夭丑友什62bb35ba,4.883,0.0,6.0,0.0,6.0,2010,0,19,1.5857597850795233,1.791759469228055
536,木夭丑友什62bb36bb,3.315,0.0,0.0,0.0,1.0,1998,0,1,1.1984576236378257,0.0
542,木夭丑友什63aa28aa,2.882,0.0,0.0,0.0,1.0,1997,0,3,1.0584844975773304,0.0
543,木夭丑友什63aa28ab,2.799,0.0,6.0,0.0,2.0,2007,0,0,1.0292622105333165,0.6931471805599453
544,木夭丑友什63aa28ba,3.083,0.0,8.0,0.0,1.0,1970,0,10,1.1259031489040134,0.0
545,木夭丑友什63aa28bb,3.083,0.0,0.0,0.0,1.0,2002,0,4,1.1259031489040134,0.0
558,木夭丑友什63aa32aa,1.181,8.0,33.0,0.0,19.0,2013,2,0,0.16636153721522529,2.9444389791664403
559,木夭丑友什63aa32ab,1.181,54.0,219.0,74.0,74.0,2012,11,0,0.16636153721522529,4.30406509320417
560,木夭丑友什63aa32ba,0.477,23.0,101.0,19.0,66.0,2013,7,0,-0.7402387880937958,4.189654742026425
561,木夭丑友什63aa32bb,0.53,13.0,41.0,13.0,29.0,2015,0,0,-0.6348782724359695,3.367295829986474
566,木夭丑友什63aa34aa,4.079,0.0,0.0,0.0,34.0,2001,1,14,1.4058518603354213,3.5263605246161616
579,木夭丑友什63aa37ab,1.724,31.0,62.0,9.0,29.0,2005,0,11,0.5446471722415014,3.367295829986474
586,木夭丑友什63ab28ab,2.799,0.0,7.0,0.0,6.0,1988,0,4,1.0292622105333165,1.791759469228055
599,木夭丑友什63ab31ba,3.518,0.0,9.0,0.0,14.0,2023,0,0,1.2578926463153663,2.6390573296152584
600,木夭丑友什63ab31bb,1.181,35.0,76.0,20.0,13.0,2009,0,0,0.16636153721522529,2.5649493574615367
601,木夭丑友什63ab32aa,1.181,153.0,962.0,322.0,15.0,2009,1,0,0.16636153721522529,2.70805020110221
602,木夭丑友什63ab32ab,1.181,109.0,516.0,126.0,32.0,2009,2,0,0.16636153721522529,3.4657359027997265
603,木夭丑友什63ab32ba,0.477,101.0,406.0,88.0,27.0,2012,1,0,-0.7402387880937958,3.295836866004329
610,木夭丑友什63ab34ab,3.423,0.0,0.0,0.0,14.0,2009,0,1,1.2305173595480483,2.6390573296152584
611,木夭丑友什63ab34ba,3.423,0.0,0.0,0.0,38.0,1994,0,8,1.2305173595480483,3.6375861597263857
612,木夭丑友什63ab34bb,4.105,0.0,0.0,0.0,3.0,2000,1,1,1.4122057429043917,1.0986122886681098
622,木夭丑友什63ab37ab,1.724,11.0,33.0,0.0,14.0,2002,2,9,0.5446471722415014,2.6390573296152584
635,木夭丑友什63ba29ba,4.808,0.0,0.0,0.0,8.0,2017,0,7,1.5702811972329065,2.0794415416798357
643,木夭丑友什63ba31ba,2.162,10.0,19.0,6.0,13.0,2010,0,0,0.7710337192170165,2.5649493574615367
644,木夭丑友什63ba31bb,3.025,0.0,0.0,0.0,3.0,2015,1,0,1.1069110914828049,1.0986122886681098
645,木夭丑友什63ba32aa,1.59,256.0,1353.0,462.0,21.0,2009,0,0,0.4637340162321402,3.044522437723423
646,木夭丑友什63ba32ab,1.337,0.0,34.0,0.0,40.0,2011,3,11,0.2904282981198061,3.6888794541139363
647,木夭丑友什63ba32ba,1.337,33.0,121.0,19.0,32.0,2010,5,4,0.2904282981198061,3.4657359027997265
652,木夭丑友什63ba33bb,2.508,21.0,58.0,11.0,3.0,2009,0,0,0.9194856227706742,1.0986122886681098
654,木夭丑友什63ba34ab,3.423,0.0,0.0,0.0,16.0,2004,0,12,1.2305173595480483,2.772588722239781
655,木夭丑友什63ba34ba,3.423,0.0,0.0,0.0,7.0,1999,0,3,1.2305173595480483,1.9459101490553132
665,木夭丑友什63ba37aa,1.724,0.0,6.0,0.0,8.0,2000,0,0,0.5446471722415014,2.0794415416798357
666,木夭丑友什63ba37ab,1.724,0.0,0.0,0.0,2.0,2000,0,0,0.5446471722415014,0.6931471805599453
676,木夭丑友什63bb27bb,2.821,0.0,0.0,0.0,1.0,1951,0,2,1.0370914320198592,0.0
682,木夭丑友什63bb29ab,3.5,0.0,0.0,0.0,8.0,2011,0,4,1.252762968495368,2.0794415416798357
683,木夭丑友什63bb29ba,4.27,0.0,0.0,0.0,8.0,2009,0,1,1.451613827240533,2.0794415416798357
685,木夭丑友什63bb30aa,4.021,68.0,107.0,10.0,13.0,2002,1,4,1.391530627915137,2.5649493574615367
686,木夭丑友什63bb30ab,4.021,37.0,59.0,0.0,12.0,1997,0,4,1.391530627915137,2.4849066497880004
691,木夭丑友什63bb31ba,2.162,7.0,11.0,0.0,11.0,2007,0,0,0.7710337192170165,2.3978952727983707
693,木夭丑友什63bb32aa,1.074,192.0,993.0,416.0,23.0,2009,2,0,0.071389996086673,3.1354942159291497
694,木夭丑友什63bb32ab,1.337,0.0,0.0,0.0,78.0,2011,10,13,0.2904282981198061,4.356708826689592
697,木夭丑友什63bb33aa,2.291,0.0,0.0,0.0,2.0,2015,0,0,0.8289884034713584,0.6931471805599453
698,木夭丑友什63bb33ab,2.291,128.0,292.0,73.0,31.0,2013,3,7,0.8289884034713584,3.4339872044851463
699,木夭丑友什63bb33ba,2.291,115.0,238.0,60.0,19.0,2009,2,1,0.8289884034713584,2.9444389791664403
700,木夭丑友什63bb33bb,3.781,57.0,184.0,46.0,33.0,2012,1,4,1.329988524908796,3.4965075614664802
703,木夭丑友什63bb34ba,3.423,10.0,14.0,0.0,11.0,2005,0,0,1.2305173595480483,2.3978952727983707
711,木夭丑友什63bb36ba,1.452,0.0,0.0,0.0,1.0,1985,0,0,0.3729419164026043,0.0
730,木夭丑友什64aa28bb,2.389,15.0,12.0,0.0,1.0,2009,0,0,0.8708748683436724,0.0
732,木夭丑友什64aa29ab,3.5,0.0,12.0,0.0,19.0,2010,0,4,1.252762968495368,2.9444389791664403
733,木夭丑友什64aa29ba,4.27,0.0,7.0,0.0,11.0,2012,0,4,1.451613827240533,2.3978952727983707
735,木夭丑友什64aa30aa,4.021,23.0,67.0,8.0,13.0,2002,1,3,1.391530627915137,2.5649493574615367
736,木夭丑友什64aa30ab,4.021,17.0,34.0,0.0,8.0,1999,0,3,1.391530627915137,2.0794415416798357
740,木夭丑友什64aa31ab,3.272,0.0,0.0,0.0,4.0,2008,0,0,1.1854014187405006,1.3862943611198906
741,木夭丑友什64aa31ba,2.962,0.0,0.0,0.0,7.0,2003,0,0,1.0858647158456072,1.9459101490553132
743,木夭丑友什64aa32aa,2.157,49.0,615.0,352.0,5.0,2009,1,0,0.7687183674070194,1.6094379124341003
744,木夭丑友什64aa32ab,2.306,132.0,846.0,350.0,35.0,2010,2,8,0.8355144218468673,3.5553480614894135
746,木夭丑友什64aa32bb,2.849,32.0,106.0,33.0,5.0,2009,0,0,1.0469680555157712,1.6094379124341003
747,木夭丑友什64aa33aa,2.291,117.0,371.0,104.0,5.0,2009,0,0,0.8289884034713584,1.6094379124341003
748,木夭丑友什64aa33ab,2.291,187.0,692.0,252.0,28.0,2009,2,1,0.8289884034713584,3.332204510175204
749,木夭丑友什64aa33ba,6.734,55.0,211.0,54.0,40.0,2013,5,13,1.9071693207388827,3.6888794541139363
750,木夭丑友什64aa33bb,6.734,18.0,123.0,33.0,54.0,2013,15,14,1.9071693207388827,3.9889840465642745
752,木夭丑友什64aa34ab,3.781,0.0,0.0,0.0,4.0,2002,0,1,1.329988524908796,1.3862943611198906
760,木夭丑友什64aa36ab,0.525,0.0,0.0,0.0,2.0,1999,0,3,-0.6443570163905132,0.6931471805599453
761,木夭丑友什64aa36ba,0.525,68.0,394.0,114.0,41.0,2019,0,0,-0.6443570163905132,3.713572066704308
762,木夭丑友什64aa36bb,1.453,143.0,785.0,373.0,32.0,2020,0,0,0.3736303845881459,3.4657359027997265
765,木夭丑友什64aa37ba,1.825,14.0,13.0,0.0,11.0,2010,1,7,0.6015799870344548,2.3978952727983707
770,木夭丑友什64aa38bb,3.594,0.0,0.0,0.0,1.0,1970,0,0,1.2792657883613672,0.0
776,木夭丑友什64ab27ab,1.803,27.0,43.0,0.0,9.0,2006,0,4,0.5894519442211802,2.1972245773362196
777,木夭丑友什64ab27ba,3.31,15.0,38.0,6.0,7.0,2009,1,0,1.1969481893889715,1.9459101490553132
781,木夭丑友什64ab28ba,1.809,0.0,0.0,0.0,2.0,2006,0,0,0.592774206413158,0.6931471805599453
782,木夭丑友什64ab28bb,2.319,194.0,268.0,27.0,11.0,2009,1,0,0.8411360582733945,2.3978952727983707
783,木夭丑友什64ab29aa,2.319,52.0,49.0,0.0,2.0,2009,0,0,0.8411360582733945,0.6931471805599453
784,木夭丑友什64ab29ab,2.802,79.0,136.0,18.0,42.0,2002,2,11,1.0303334479148152,3.7376696182833684
785,木夭丑友什64ab29ba,3.046,49.0,52.0,8.0,8.0,2007,0,0,1.11382925447297,2.0794415416798357
786,木夭丑友什64ab29bb,3.046,0.0,0.0,0.0,3.0,2010,0,0,1.11382925447297,1.0986122886681098
787,木夭丑友什64ab30aa,3.046,64.0,154.0,25.0,26.0,2007,1,6,1.11382925447297,3.258096538021482
788,木夭丑友什64ab30ab,4.021,76.0,97.0,14.0,14.0,2000,0,0,1.391530627915137,2.6390573296152584
792,木夭丑友什64ab31ab,3.272,0.0,7.0,0.0,3.0,2000,0,0,1.1854014187405006,1.0986122886681098
793,木夭丑友什64ab31ba,2.962,0.0,0.0,0.0,1.0,2005,0,0,1.0858647158456072,0.0
794,木夭丑友什64ab31bb,2.813,0.0,13.0,0.0,7.0,2012,1,3,1.03425152950772,1.9459101490553132
795,木夭丑友什64ab32aa,2.157,19.0,221.0,121.0,36.0,2012,2,7,0.7687183674070194,3.58351893845611
796,木夭丑友什64ab32ab,27.247,90.0,600.0,245.0,30.0,2009,3,0,3.304943423305593,3.4011973816621555
797,木夭丑友什64ab32ba,27.247,98.0,488.0,189.0,46.0,2011,2,43,3.304943423305593,3.828641396489095
798,木夭丑友什64ab32bb,27.247,70.0,294.0,122.0,37.0,2009,2,5,3.304943423305593,3.6109179126442243
799,木夭丑友什64ab33aa,31.435,17.0,109.0,41.0,53.0,2013,2,14,3.4479219218350243,3.970291913552122
800,木夭丑友什64ab33ab,16.9,32.0,213.0,84.0,87.0,2013,10,24,2.8273136219290276,4.465908118654584
801,木夭丑友什64ab33ba,6.734,19.0,154.0,50.0,82.0,2013,3,17,1.9071693207388827,4.406719247264253
802,木夭丑友什64ab33bb,6.734,0.0,20.0,8.0,11.0,2014,0,1,1.9071693207388827,2.3978952727983707
804,木夭丑友什64ab34ab,2.229,0.0,0.0,0.0,27.0,2006,0,3,0.8015530544037318,3.295836866004329
805,木夭丑友什64ab34ba,2.59,40.0,63.0,0.0,44.0,1997,1,13,0.9516578757114463,3.784189633918261
806,木夭丑友什64ab34bb,2.406,34.0,169.0,18.0,41.0,2018,0,0,0.8779656175524871,3.713572066704308
810,木夭丑友什64ab35bb,1.963,6.0,0.0,0.0,3.0,1998,0,0,0.6744739152943241,1.0986122886681098
811,木夭丑友什64ab36aa,1.963,13.0,15.0,0.0,6.0,1999,0,0,0.6744739152943241,1.791759469228055
812,木夭丑友什64ab36ab,0.525,41.0,153.0,29.0,3.0,2020,0,0,-0.6443570163905132,1.0986122886681098
813,木夭丑友什64ab36ba,0.525,104.0,732.0,240.0,19.0,2018,0,0,-0.6443570163905132,2.9444389791664403
814,木夭丑友什64ab36bb,1.453,210.0,1008.0,334.0,35.0,2020,0,0,0.3736303845881459,3.5553480614894135
815,木夭丑友什64ab37aa,1.453,0.0,7.0,0.0,1.0,1994,0,1,0.3736303845881459,0.0
816,木夭丑友什64ab37ab,1.453,11.0,14.0,0.0,7.0,2005,0,6,0.3736303845881459,1.9459101490553132
817,木夭丑友什64ab37ba,1.825,25.0,37.0,9.0,21.0,2008,1,9,0.6015799870344548,3.044522437723423
822,木夭丑友什64ab38bb,14.554,6.0,11.0,0.0,6.0,2003,0,2,2.6778658699248945,1.791759469228055
823,木夭丑友什64ab39aa,14.554,17.0,36.0,6.0,14.0,2004,0,8,2.6778658699248945,2.6390573296152584
828,木夭丑友什64ba27ab,1.803,73.0,117.0,6.0,38.0,2000,3,1,0.5894519442211802,3.6375861597263857
829,木夭丑友什64ba27ba,10.222,34.0,87.0,0.0,25.0,2004,1,1,2.324542260346088,3.2188758248682006
831,木夭丑友什64ba28aa,9.545,0.0,0.0,0.0,2.0,2008,0,0,2.2560174571777107,0.6931471805599453
832,木夭丑友什64ba28ab,1.809,0.0,0.0,0.0,8.0,2006,0,0,0.592774206413158,2.0794415416798357
834,木夭丑友什64ba28bb,2.319,106.0,157.0,21.0,17.0,2007,0,1,0.8411360582733945,2.833213344056216
835,木夭丑友什64ba29aa,2.319,0.0,0.0,0.0,13.0,2002,0,0,0.8411360582733945,2.5649493574615367
836,木夭丑友什64ba29ab,7.616,27.0,46.0,0.0,14.0,2005,1,9,2.0302512974890643,2.6390573296152584
837,木夭丑友什64ba29ba,3.046,0.0,0.0,0.0,7.0,2004,0,0,1.11382925447297,1.9459101490553132
838,木夭丑友什64ba29bb,3.046,0.0,0.0,0.0,10.0,2009,0,1,1.11382925447297,2.302585092994046
839,木夭丑友什64ba30aa,3.046,166.0,382.0,49.0,43.0,2006,2,14,1.11382925447297,3.7612001156935624
840,木夭丑友什64ba30ab,6.123,79.0,215.0,35.0,35.0,2005,1,7,1.8120521724958174,3.5553480614894135
841,木夭丑友什64ba30ba,4.106,0.0,0.0,0.0,11.0,2008,0,0,1.4124493185967417,2.3978952727983707
842,木夭丑友什64ba30bb,4.106,8.0,28.0,7.0,22.0,2005,1,1,1.4124493185967417,3.091042453358316
843,木夭丑友什64ba31aa,3.437,29.0,88.0,19.0,35.0,2004,1,14,1.2345989978676968,3.5553480614894135
846,木夭丑友什64ba31bb,3.42,0.0,21.0,6.0,14.0,2009,3,5,1.2296405510745139,2.6390573296152584
847,木夭丑友什64ba32aa,3.42,13.0,90.0,32.0,38.0,2013,3,11,1.2296405510745139,3.6375861597263857
848,木夭丑友什64ba32ab,3.42,36.0,196.0,66.0,78.0,2013,11,14,1.2296405510745139,4.356708826689592
849,木夭丑友什64ba32ba,2.718,26.0,132.0,31.0,47.0,2012,6,11,0.999896315728952,3.8501476017100584
850,木夭丑友什64ba32bb,2.48,12.0,77.0,28.0,39.0,2012,4,9,0.9082585601768908,3.6635616461296463
851,木夭丑友什64ba33aa,2.418,10.0,76.0,26.0,36.0,2013,2,6,0.882940752192601,3.58351893845611
854,木夭丑友什64ba33bb,1.84,0.0,64.0,0.0,6.0,2012,2,0,0.6097655716208943,1.791759469228055
858,木夭丑友什64ba34bb,2.406,28.0,59.0,11.0,24.0,2004,0,0,0.8779656175524871,3.1780538303479458
859,木夭丑友什64ba35aa,2.202,0.0,0.0,0.0,8.0,2008,0,0,0.7893660383004882,2.0794415416798357
861,木夭丑友什64ba35ba,1.963,17.0,22.0,0.0,19.0,2006,0,0,0.6744739152943241,2.9444389791664403
862,木夭丑友什64ba35bb,1.963,16.0,28.0,0.0,27.0,2000,2,2,0.6744739152943241,3.295836866004329
863,木夭丑友什64ba36aa,1.963,58.0,207.0,58.0,48.0,2013,1,0,0.6744739152943241,3.871201010907891
864,木夭丑友什64ba36ab,1.185,51.0,207.0,61.0,17.0,2020,2,0,0.16974277458709455,2.833213344056216
865,木夭丑友什64ba36ba,0.718,75.0,319.0,65.0,21.0,2020,0,0,-0.33128570993391293,3.044522437723423
866,木夭丑友什64ba36bb,1.453,366.0,701.0,100.0,36.0,2019,0,0,0.3736303845881459,3.58351893845611
867,木夭丑友什64ba37aa,1.453,44.0,96.0,7.0,2.0,1995,0,0,0.3736303845881459,0.6931471805599453
868,木夭丑友什64ba37ab,1.453,0.0,6.0,0.0,14.0,2023,0,1,0.3736303845881459,2.6390573296152584
872,木夭丑友什64ba38ab,2.064,8.0,8.0,0.0,4.0,1998,1,9,0.7246458476193163,1.3862943611198906
873,木夭丑友什64ba38ba,2.064,0.0,0.0,0.0,1.0,1985,0,0,0.7246458476193163,0.0
874,木夭丑友什64ba38bb,2.064,18.0,39.0,9.0,13.0,2011,0,1,0.7246458476193163,2.5649493574615367
875,木夭丑友什64ba39aa,2.579,88.0,202.0,31.0,79.0,2009,1,25,0.9474017268992078,4.3694478524670215
876,木夭丑友什64ba39ab,2.579,6.0,12.0,0.0,5.0,1999,1,1,0.9474017268992078,1.6094379124341003
877,木夭丑友什64ba39ba,3.458,12.0,14.0,0.0,11.0,2008,0,3,1.2406903872610988,2.3978952727983707
883,木夭丑友什64bb27ab,1.566,0.0,0.0,0.0,2.0,2005,0,2,0.4485245975686114,0.6931471805599453
886,木夭丑友什64bb28aa,0.358,0.0,0.0,0.0,2.0,2010,0,0,-1.0272222925814367,0.6931471805599453
887,木夭丑友什64bb28ab,0.134,0.0,0.0,0.0,9.0,2010,0,0,-2.0099154790312257,2.1972245773362196
888,木夭丑友什64bb28ba,1.809,0.0,0.0,0.0,6.0,2008,0,0,0.592774206413158,1.791759469228055
889,木夭丑友什64bb28bb,2.319,0.0,0.0,0.0,7.0,2008,0,0,0.8411360582733945,1.9459101490553132
890,木夭丑友什64bb29aa,2.319,0.0,6.0,0.0,8.0,2002,0,0,0.8411360582733945,2.0794415416798357
891,木夭丑友什64bb29ab,7.616,0.0,0.0,0.0,7.0,2010,2,0,2.0302512974890643,1.9459101490553132
893,木夭丑友什64bb29bb,3.046,0.0,0.0,0.0,9.0,2008,0,0,1.11382925447297,2.1972245773362196
894,木夭丑友什64bb30aa,3.046,0.0,0.0,0.0,13.0,2007,0,0,1.11382925447297,2.5649493574615367
896,木夭丑友什64bb30ba,3.566,0.0,0.0,0.0,11.0,2004,0,0,1.2714445194409487,2.3978952727983707
898,木夭丑友什64bb31aa,3.437,0.0,0.0,0.0,4.0,2014,0,0,1.2345989978676968,1.3862943611198906
913,木夭丑友什64bb34bb,2.344,15.0,27.0,0.0,10.0,2003,0,0,0.8518588717147662,2.302585092994046
914,木夭丑友什64bb35aa,2.344,0.0,0.0,0.0,5.0,2015,0,1,0.8518588717147662,1.6094379124341003
915,木夭丑友什64bb35ab,2.202,0.0,0.0,0.0,8.0,2010,0,1,0.7893660383004882,2.0794415416798357
916,木夭丑友什64bb35ba,2.089,0.0,0.0,0.0,20.0,2008,0,2,0.7366854825744287,2.995732273553991
917,木夭丑友什64bb35bb,1.276,12.0,27.0,0.0,20.0,2002,2,2,0.24373018492259815,2.995732273553991
918,木夭丑友什64bb36aa,1.591,8.0,0.0,0.0,11.0,2007,1,2,0.4643627493556498,2.3978952727983707
919,木夭丑友什64bb36ab,1.591,15.0,16.0,0.0,15.0,2001,1,1,0.4643627493556498,2.70805020110221
920,木夭丑友什64bb36ba,1.591,84.0,169.0,23.0,71.0,2000,4,14,0.4643627493556498,4.2626798770413155
921,木夭丑友什64bb36bb,1.374,0.0,10.0,0.0,3.0,1996,0,0,0.31772619380015765,1.0986122886681098
923,木夭丑友什64bb37ab,0.786,0.0,0.0,0.0,3.0,1987,1,1,-0.24079848655293046,1.0986122886681098
929,木夭丑友什64bb38bb,2.064,14.0,40.0,7.0,7.0,2011,0,0,0.7246458476193163,1.9459101490553132
930,木夭丑友什64bb39aa,2.579,58.0,103.0,10.0,36.0,2004,1,9,0.9474017268992078,3.58351893845611
931,木夭丑友什64bb39ab,2.579,29.0,71.0,11.0,25.0,2002,2,10,0.9474017268992078,3.2188758248682006
932,木夭丑友什64bb39ba,3.458,24.0,74.0,17.0,19.0,2006,0,6,1.2406903872610988,2.9444389791664403
933,木夭丑友什64bb39bb,3.461,18.0,45.0,10.0,20.0,2008,1,9,1.241557564653207,2.995732273553991
934,木夭丑友什64bb40aa,2.499,29.0,74.0,13.0,37.0,2007,1,8,0.9158906518528154,3.6109179126442243
938,木夭丑友什65aa27aa,1.464,0.0,0.0,0.0,2.0,1996,0,0,0.3811724155391198,0.6931471805599453
939,木夭丑友什65aa27ab,1.563,150.0,355.0,22.0,1.0,1999,0,0,0.44660705143933954,0.0
940,木夭丑友什65aa27ba,0.358,33.0,141.0,23.0,5.0,1995,0,0,-1.0272222925814367,1.6094379124341003
941,木夭丑友什65aa27bb,0.358,26.0,83.0,0.0,9.0,2001,2,0,-1.0272222925814367,2.1972245773362196
942,木夭丑友什65aa28aa,0.358,765.0,2611.0,450.0,14.0,1999,1,0,-1.0272222925814367,2.6390573296152584
943,木夭丑友什65aa28ab,0.134,437.0,1611.0,456.0,16.0,1997,0,0,-2.0099154790312257,2.772588722239781
944,木夭丑友什65aa28ba,0.649,316.0,1571.0,523.0,10.0,1995,1,0,-0.43232256227804705,2.302585092994046
945,木夭丑友什65aa28bb,0.649,441.0,1531.0,419.0,22.0,1995,3,0,-0.43232256227804705,3.091042453358316
946,木夭丑友什65aa29aa,8.111,209.0,1066.0,257.0,9.0,2007,1,0,2.0932211650882078,2.1972245773362196
947,木夭丑友什65aa29ab,7.616,231.0,2204.0,104.0,13.0,2011,0,0,2.0302512974890643,2.5649493574615367
948,木夭丑友什65aa29ba,6.375,13.0,41.0,0.0,26.0,2006,1,0,1.8523840910444898,3.258096538021482
949,木夭丑友什65aa29bb,6.123,137.0,1462.0,58.0,22.0,2005,1,0,1.8120521724958174,3.091042453358316
950,木夭丑友什65aa30aa,6.123,401.0,1296.0,236.0,13.0,2004,0,0,1.8120521724958174,2.5649493574615367
951,木夭丑友什65aa30ab,6.123,585.0,2617.0,578.0,14.0,2003,1,0,1.8120521724958174,2.6390573296152584
952,木夭丑友什65aa30ba,5.873,374.0,1108.0,337.0,3.0,2004,1,0,1.7703655765403825,1.0986122886681098
953,木夭丑友什65aa30bb,5.624,188.0,576.0,169.0,14.0,2023,0,0,1.7270431545083638,2.6390573296152584
956,木夭丑友什65aa31ba,4.119,37.0,105.0,30.0,3.0,2009,0,0,1.4156104154539437,1.0986122886681098
957,木夭丑友什65aa31bb,3.42,56.0,140.0,35.0,4.0,2009,0,26,1.2296405510745139,1.3862943611198906
961,木夭丑友什65aa32bb,2.096,78.0,321.0,58.0,2.0,2015,0,0,0.7400307664587957,0.6931471805599453
964,木夭丑友什65aa33ba,1.896,0.0,0.0,0.0,3.0,2012,0,0,0.63974640383283,1.0986122886681098
965,木夭丑友什65aa33bb,1.84,0.0,15.0,0.0,6.0,2014,0,0,0.6097655716208943,1.791759469228055
971,木夭丑友什65aa35ab,1.546,0.0,0.0,0.0,14.0,2023,0,0,0.4356709501652302,2.6390573296152584
972,木夭丑友什65aa35ba,3.724,10.0,9.0,0.0,11.0,2010,0,1,1.3147983594148207,2.3978952727983707
973,木夭丑友什65aa35bb,1.276,48.0,109.0,14.0,51.0,2004,1,0,0.24373018492259815,3.9318256327243257
974,木夭丑友什65aa36aa,1.591,0.0,0.0,0.0,2.0,2013,0,5,0.4643627493556498,0.6931471805599453
975,木夭丑友什65aa36ab,1.591,0.0,7.0,0.0,1.0,2001,0,7,0.4643627493556498,0.0
976,木夭丑友什65aa36ba,1.591,19.0,32.0,11.0,7.0,2009,0,3,0.4643627493556498,1.9459101490553132
977,木夭丑友什65aa36bb,1.178,0.0,0.0,0.0,2.0,2019,0,0,0.16381808522939492,0.6931471805599453
985,木夭丑友什65aa38bb,2.064,0.0,0.0,0.0,5.0,2005,0,2,0.7246458476193163,1.6094379124341003
987,木夭丑友什65aa39ab,2.579,23.0,58.0,12.0,25.0,2004,0,5,0.9474017268992078,3.2188758248682006
988,木夭丑友什65aa39ba,3.229,78.0,135.0,18.0,59.0,2002,2,30,1.1721724917761382,4.07753744390572
989,木夭丑友什65aa39bb,3.091,14.0,36.0,0.0,15.0,2007,0,4,1.1284946631499793,2.70805020110221
990,木夭丑友什65aa40aa,2.499,97.0,176.0,29.0,81.0,2005,4,20,0.9158906518528154,4.394449154672439
993,木夭丑友什65ab26ab,2.341,70.0,198.0,13.0,2.0,2000,0,0,0.8505781885087738,0.6931471805599453
994,木夭丑友什65ab26ba,2.341,6.0,17.0,0.0,10.0,2003,2,0,0.8505781885087738,2.302585092994046
995,木夭丑友什65ab26bb,1.464,59.0,379.0,9.0,12.0,2005,1,3,0.3811724155391198,2.4849066497880004
996,木夭丑友什65ab27aa,1.464,0.0,0.0,0.0,2.0,2000,0,0,0.3811724155391198,0.6931471805599453
997,木夭丑友什65ab27ab,1.563,91.0,166.0,13.0,30.0,1996,1,0,0.44660705143933954,3.4011973816621555
998,木夭丑友什65ab27ba,0.358,191.0,687.0,89.0,58.0,1995,4,1,-1.0272222925814367,4.060443010546419
999,木夭丑友什65ab27bb,0.358,109.0,642.0,29.0,32.0,1999,3,0,-1.0272222925814367,3.4657359027997265
1000,木夭丑友什65ab28aa,0.358,265.0,772.0,97.0,17.0,1995,0,0,-1.0272222925814367,2.833213344056216
1001,木夭丑友什65ab28ab,0.134,506.0,1101.0,179.0,12.0,1994,1,0,-2.0099154790312257,2.4849066497880004
1002,木夭丑友什65ab28ba,0.649,121.0,572.0,185.0,10.0,1999,1,0,-0.43232256227804705,2.302585092994046
1003,木夭丑友什65ab28bb,0.649,134.0,347.0,80.0,2.0,1999,1,0,-0.43232256227804705,0.6931471805599453
1004,木夭丑友什65ab29aa,0.903,116.0,342.0,67.0,7.0,1997,0,0,-0.10203272556515161,1.9459101490553132
1005,木夭丑友什65ab29ab,1.144,69.0,169.0,25.0,2.0,1994,0,0,0.13453089295760606,0.6931471805599453
1006,木夭丑友什65ab29ba,1.144,38.0,169.0,48.0,6.0,2000,2,0,0.13453089295760606,1.791759469228055
1007,木夭丑友什65ab29bb,1.144,24.0,88.0,26.0,5.0,2004,2,0,0.13453089295760606,1.6094379124341003
1008,木夭丑友什65ab30aa,0.401,111.0,315.0,49.0,19.0,1996,1,4,-0.9137938516755678,2.9444389791664403
1010,木夭丑友什65ab30ba,1.59,425.0,998.0,202.0,1.0,1995,0,0,0.4637340162321402,0.0
1011,木夭丑友什65ab30bb,1.59,251.0,564.0,127.0,14.0,2023,0,0,0.4637340162321402,2.6390573296152584
1014,木夭丑友什65ab31ba,2.956,43.0,125.0,28.0,23.0,2010,1,0,1.0838370030859554,3.1354942159291497
1015,木夭丑友什65ab31bb,2.956,68.0,267.0,51.0,43.0,2013,6,13,1.0838370030859554,3.7612001156935624
1016,木夭丑友什65ab32aa,2.956,115.0,609.0,164.0,8.0,2011,1,0,1.0838370030859554,2.0794415416798357
1017,木夭丑友什65ab32ab,2.522,134.0,1152.0,227.0,7.0,2010,0,0,0.9250522375427277,1.9459101490553132
1018,木夭丑友什65ab32ba,2.096,53.0,293.0,74.0,2.0,2012,2,0,0.7400307664587957,0.6931471805599453
1019,木夭丑友什65ab32bb,2.096,141.0,531.0,66.0,9.0,2015,1,0,0.7400307664587957,2.1972245773362196
1020,木夭丑友什65ab33aa,2.096,82.0,386.0,69.0,11.0,2014,1,0,0.7400307664587957,2.3978952727983707
1023,木夭丑友什65ab33bb,1.346,12.0,179.0,0.0,18.0,2016,1,0,0.2971372312225361,2.8903717578961645
1028,木夭丑友什65ab35aa,1.573,0.0,24.0,6.0,9.0,2006,0,1,0.45298462407614076,2.1972245773362196
1029,木夭丑友什65ab35ab,1.573,0.0,8.0,0.0,12.0,2014,0,5,0.45298462407614076,2.4849066497880004
1030,木夭丑友什65ab35ba,1.573,11.0,15.0,0.0,15.0,2006,0,9,0.45298462407614076,2.70805020110221
1031,木夭丑友什65ab35bb,2.014,28.0,63.0,16.0,16.0,2008,1,0,0.7001227942963705,2.772588722239781
1032,木夭丑友什65ab36aa,1.591,0.0,0.0,0.0,14.0,2023,0,3,0.4643627493556498,2.6390573296152584
1033,木夭丑友什65ab36ab,1.591,7.0,6.0,0.0,3.0,2014,0,1,0.4643627493556498,1.0986122886681098
1047,木夭丑友什65ab39bb,2.758,0.0,0.0,0.0,1.0,2013,1,0,1.01450577937111,0.0
1048,木夭丑友什65ab40aa,2.499,6.0,12.0,0.0,9.0,2010,0,2,0.9158906518528154,2.1972245773362196
1052,木夭丑友什65ba26ba,1.387,120.0,461.0,26.0,6.0,2002,0,0,0.32714314133269456,1.791759469228055
1053,木夭丑友什65ba26bb,1.464,91.0,286.0,15.0,5.0,2000,2,6,0.3811724155391198,1.6094379124341003
1054,木夭丑友什65ba27aa,1.464,33.0,40.0,0.0,11.0,1999,0,0,0.3811724155391198,2.3978952727983707
1055,木夭丑友什65ba27ab,1.094,327.0,767.0,79.0,84.0,1996,3,16,0.08984070399978954,4.430816798843313
1056,木夭丑友什65ba27ba,0.844,303.0,1160.0,256.0,106.0,1995,1,5,-0.16960278438617998,4.663439094112067
1057,木夭丑友什65ba27bb,0.844,202.0,617.0,143.0,37.0,1995,2,1,-0.16960278438617998,3.6109179126442243
1058,木夭丑友什65ba28aa,0.844,517.0,1387.0,113.0,21.0,1995,2,0,-0.16960278438617998,3.044522437723423
1059,木夭丑友什65ba28ab,0.987,768.0,1220.0,90.0,17.0,1994,4,0,-0.01308523954865548,2.833213344056216
1060,木夭丑友什65ba28ba,1.652,101.0,278.0,64.0,9.0,1994,0,0,0.5019866750987863,2.1972245773362196
1062,木夭丑友什65ba29aa,1.184,103.0,316.0,38.0,77.0,1996,5,0,0.16889853646181388,4.343805421853684
1063,木夭丑友什65ba29ab,1.184,511.0,1413.0,279.0,35.0,1994,0,0,0.16889853646181388,3.5553480614894135
1064,木夭丑友什65ba29ba,1.184,440.0,1107.0,271.0,17.0,1995,0,0,0.16889853646181388,2.833213344056216
1065,木夭丑友什65ba29bb,1.144,371.0,1617.0,398.0,29.0,1994,3,0,0.13453089295760606,3.367295829986474
1066,木夭丑友什65ba30aa,1.45,206.0,649.0,62.0,151.0,1995,1,40,0.371563556432483,5.017279836814924
1067,木夭丑友什65ba30ab,1.59,137.0,480.0,54.0,101.0,1995,4,22,0.4637340162321402,4.61512051684126
1068,木夭丑友什65ba30ba,1.59,230.0,556.0,97.0,53.0,1995,0,0,0.4637340162321402,3.970291913552122
1069,木夭丑友什65ba30bb,1.59,620.0,1984.0,275.0,16.0,2002,1,0,0.4637340162321402,2.772588722239781
1070,木夭丑友什65ba31aa,1.917,198.0,452.0,59.0,6.0,2000,1,0,0.6507614640635074,1.791759469228055
1072,木夭丑友什65ba31ba,2.624,17.0,96.0,14.0,30.0,2010,3,9,0.9646998710818426,3.4011973816621555
1073,木夭丑友什65ba31bb,2.624,60.0,276.0,63.0,71.0,2010,5,19,0.9646998710818426,4.2626798770413155
1074,木夭丑友什65ba32aa,2.624,58.0,281.0,77.0,20.0,2009,3,1,0.9646998710818426,2.995732273553991
1075,木夭丑友什65ba32ab,1.964,163.0,1004.0,329.0,47.0,2009,1,0,0.6749832099322741,3.8501476017100584
1076,木夭丑友什65ba32ba,1.964,48.0,234.0,82.0,4.0,2010,0,0,0.6749832099322741,1.3862943611198906
1078,木夭丑友什65ba33aa,1.939,0.0,181.0,0.0,12.0,2012,3,0,0.6621723762605147,2.4849066497880004
1079,木夭丑友什65ba33ab,1.637,0.0,162.0,0.0,3.0,2012,1,0,0.49286529838899784,1.0986122886681098
1080,木夭丑友什65ba33ba,1.346,0.0,0.0,0.0,10.0,2011,1,0,0.2971372312225361,2.302585092994046
1082,木夭丑友什65ba34aa,0.476,37.0,185.0,79.0,4.0,2009,0,0,-0.7423374247507171,1.3862943611198906
1083,木夭丑友什65ba34ab,0.476,7.0,60.0,19.0,1.0,2009,0,0,-0.7423374247507171,0.0
1085,木夭丑友什65ba34bb,1.044,0.0,0.0,0.0,5.0,2008,0,8,0.04305948946044701,1.6094379124341003
1086,木夭丑友什65ba35aa,1.573,49.0,99.0,18.0,49.0,2008,0,5,0.45298462407614076,3.8918202981106265
1087,木夭丑友什65ba35ab,1.972,30.0,84.0,11.0,20.0,2008,1,3,0.6790482561804436,2.995732273553991
1088,木夭丑友什65ba35ba,1.972,7.0,11.0,0.0,4.0,2015,0,4,0.6790482561804436,1.3862943611198906
1092,木夭丑友什65ba36ba,1.777,0.0,0.0,0.0,2.0,1970,1,2,0.5749265491725142,0.6931471805599453
1109,木夭丑友什65bb26ab,0.969,328.0,911.0,217.0,18.0,1996,1,0,-0.03149066709137085,2.8903717578961645
1110,木夭丑友什65bb26ba,0.377,428.0,1474.0,370.0,30.0,1996,1,0,-0.9755100915341263,3.4011973816621555
1111,木夭丑友什65bb26bb,0.377,156.0,597.0,139.0,6.0,1996,0,0,-0.9755100915341263,1.791759469228055
1112,木夭丑友什65bb27aa,0.914,91.0,193.0,28.0,13.0,1997,0,0,-0.08992470752798701,2.5649493574615367
1113,木夭丑友什65bb27ab,1.094,596.0,963.0,55.0,22.0,1996,3,0,0.08984070399978954,3.091042453358316
1114,木夭丑友什65bb27ba,1.455,348.0,898.0,236.0,10.0,1995,2,0,0.3750059006234559,2.302585092994046
1115,木夭丑友什65bb27bb,1.508,426.0,1194.0,259.0,20.0,1995,0,0,0.41078426958576436,2.995732273553991
1116,木夭丑友什65bb28aa,1.508,389.0,1211.0,119.0,16.0,1994,0,0,0.41078426958576436,2.772588722239781
1117,木夭丑友什65bb28ab,1.508,225.0,500.0,75.0,9.0,1996,2,0,0.41078426958576436,2.1972245773362196
1120,木夭丑友什65bb29aa,1.184,127.0,526.0,135.0,67.0,1995,1,0,0.16889853646181388,4.204692619390966
1121,木夭丑友什65bb29ab,1.184,161.0,627.0,158.0,32.0,1995,2,0,0.16889853646181388,3.4657359027997265
1122,木夭丑友什65bb29ba,1.184,274.0,1168.0,313.0,33.0,1994,1,0,0.16889853646181388,3.4965075614664802
1123,木夭丑友什65bb29bb,1.153,461.0,1104.0,192.0,25.0,2000,1,0,0.142367241286922,3.2188758248682006
1124,木夭丑友什65bb30aa,1.45,289.0,544.0,36.0,81.0,1995,0,6,0.371563556432483,4.394449154672439
1125,木夭丑友什65bb30ab,1.59,161.0,533.0,40.0,135.0,1995,2,30,0.4637340162321402,4.90527477843843
1126,木夭丑友什65bb30ba,1.59,276.0,1015.0,216.0,43.0,1994,2,4,0.4637340162321402,3.7612001156935624
1127,木夭丑友什65bb30bb,1.59,310.0,961.0,151.0,39.0,1994,0,0,0.4637340162321402,3.6635616461296463
1128,木夭丑友什65bb31aa,1.83,127.0,443.0,25.0,20.0,2001,5,0,0.6043159668533296,2.995732273553991
1129,木夭丑友什65bb31ab,2.987,0.0,9.0,0.0,5.0,2000,0,0,1.0942695392339727,1.6094379124341003
1131,木夭丑友什65bb31bb,2.624,26.0,150.0,23.0,50.0,2010,3,18,0.9646998710818426,3.912023005428146
1132,木夭丑友什65bb32aa,2.624,73.0,258.0,53.0,72.0,2011,10,11,0.9646998710818426,4.276666119016055
1133,木夭丑友什65bb32ab,1.964,510.0,1451.0,411.0,15.0,2010,0,0,0.6749832099322741,2.70805020110221
1134,木夭丑友什65bb32ba,1.964,429.0,1632.0,441.0,13.0,2011,0,0,0.6749832099322741,2.5649493574615367
1135,木夭丑友什65bb32bb,1.964,202.0,1070.0,250.0,13.0,2010,2,0,0.6749832099322741,2.5649493574615367
1136,木夭丑友什65bb33aa,1.452,251.0,1134.0,289.0,18.0,2009,1,0,0.3729419164026043,2.8903717578961645
1137,木夭丑友什65bb33ab,1.346,0.0,0.0,0.0,3.0,2005,2,0,0.2971372312225361,1.0986122886681098
1138,木夭丑友什65bb33ba,1.346,615.0,1390.0,251.0,25.0,2009,1,0,0.2971372312225361,3.2188758248682006
1139,木夭丑友什65bb33bb,1.346,224.0,920.0,237.0,23.0,2009,0,0,0.2971372312225361,3.1354942159291497
1140,木夭丑友什65bb34aa,0.476,107.0,770.0,288.0,18.0,2009,2,2,-0.7423374247507171,2.8903717578961645
1141,木夭丑友什65bb34ab,0.476,100.0,587.0,197.0,10.0,2008,1,0,-0.7423374247507171,2.302585092994046
1142,木夭丑友什65bb34ba,0.476,10.0,14.0,0.0,30.0,2001,1,7,-0.7423374247507171,3.4011973816621555
1144,木夭丑友什65bb35aa,1.875,12.0,52.0,11.0,18.0,2009,1,2,0.6286086594223741,2.8903717578961645
1145,木夭丑友什65bb35ab,1.875,0.0,0.0,0.0,3.0,2002,0,0,0.6286086594223741,1.0986122886681098
1146,木夭丑友什65bb35ba,1.875,22.0,65.0,28.0,21.0,2009,0,7,0.6286086594223741,3.044522437723423
1147,木夭丑友什65bb35bb,1.972,10.0,12.0,0.0,10.0,2005,0,7,0.6790482561804436,2.302585092994046
1166,木夭丑友什66aa26aa,1.437,99.0,389.0,85.0,5.0,1996,0,0,0.3625576070968879,1.6094379124341003
1167,木夭丑友什66aa26ab,0.969,350.0,1269.0,362.0,23.0,1996,0,0,-0.03149066709137085,3.1354942159291497
1168,木夭丑友什66aa26ba,0.377,171.0,649.0,183.0,16.0,1996,4,0,-0.9755100915341263,2.772588722239781
1169,木夭丑友什66aa26bb,1.099,235.0,993.0,292.0,12.0,1995,0,0,0.0944006754214843,2.4849066497880004
1170,木夭丑友什66aa27aa,1.099,110.0,248.0,31.0,20.0,1995,0,0,0.0944006754214843,2.995732273553991
1171,木夭丑友什66aa27ab,1.099,265.0,772.0,86.0,28.0,1995,2,0,0.0944006754214843,3.332204510175204
1172,木夭丑友什66aa27ba,1.455,275.0,1267.0,254.0,16.0,1996,0,0,0.3750059006234559,2.772588722239781
1173,木夭丑友什66aa27bb,1.508,259.0,1061.0,232.0,17.0,1995,1,0,0.41078426958576436,2.833213344056216
1174,木夭丑友什66aa28aa,1.508,227.0,544.0,105.0,23.0,1994,1,0,0.41078426958576436,3.1354942159291497
1175,木夭丑友什66aa28ab,1.508,26.0,69.0,6.0,5.0,1994,0,0,0.41078426958576436,1.6094379124341003
1177,木夭丑友什66aa28bb,1.724,176.0,133.0,0.0,4.0,2003,0,0,0.5446471722415014,1.3862943611198906
1178,木夭丑友什66aa29aa,1.184,348.0,1174.0,289.0,21.0,1994,2,0,0.16889853646181388,3.044522437723423
1179,木夭丑友什66aa29ab,1.184,375.0,1202.0,245.0,30.0,1994,0,0,0.16889853646181388,3.4011973816621555
1180,木夭丑友什66aa29ba,1.184,433.0,1561.0,237.0,19.0,1994,1,0,0.16889853646181388,2.9444389791664403
1181,木夭丑友什66aa29bb,1.153,465.0,995.0,97.0,17.0,1995,1,0,0.142367241286922,2.833213344056216
1182,木夭丑友什66aa30aa,1.45,394.0,875.0,92.0,9.0,1994,5,0,0.371563556432483,2.1972245773362196
1183,木夭丑友什66aa30ab,1.543,262.0,1124.0,360.0,12.0,1992,1,0,0.4337285733810237,2.4849066497880004
1184,木夭丑友什66aa30ba,1.543,349.0,1203.0,314.0,21.0,1992,1,0,0.4337285733810237,3.044522437723423
1185,木夭丑友什66aa30bb,2.296,306.0,937.0,281.0,11.0,1993,3,0,0.8311684784573199,2.3978952727983707
1186,木夭丑友什66aa31aa,1.72,273.0,1011.0,240.0,16.0,1997,0,0,0.5423242908253617,2.772588722239781
1187,木夭丑友什66aa31ab,1.72,44.0,380.0,8.0,13.0,2001,0,0,0.5423242908253617,2.5649493574615367
1188,木夭丑友什66aa31ba,2.624,0.0,0.0,0.0,2.0,2007,1,0,0.9646998710818426,0.6931471805599453
1190,木夭丑友什66aa32aa,2.624,112.0,351.0,113.0,26.0,2011,0,0,0.9646998710818426,3.258096538021482
1191,木夭丑友什66aa32ab,1.964,621.0,1439.0,380.0,29.0,2010,2,0,0.6749832099322741,3.367295829986474
1192,木夭丑友什66aa32ba,1.964,309.0,1097.0,272.0,10.0,2010,1,0,0.6749832099322741,2.302585092994046
1193,木夭丑友什66aa32bb,1.964,27.0,102.0,33.0,17.0,2009,3,0,0.6749832099322741,2.833213344056216
1194,木夭丑友什66aa33aa,1.452,190.0,1052.0,353.0,12.0,2009,5,0,0.3729419164026043,2.4849066497880004
1195,木夭丑友什66aa33ab,2.675,39.0,179.0,57.0,4.0,2009,3,0,0.9839493803479697,1.3862943611198906
1196,木夭丑友什66aa33ba,0.489,515.0,1292.0,280.0,21.0,2011,2,0,-0.715392789507265,3.044522437723423
1197,木夭丑友什66aa33bb,0.477,264.0,1125.0,328.0,25.0,2009,1,0,-0.7402387880937958,3.2188758248682006
1198,木夭丑友什66aa34aa,0.476,89.0,630.0,241.0,16.0,2009,17,2,-0.7423374247507171,2.772588722239781
1199,木夭丑友什66aa34ab,0.476,125.0,816.0,325.0,11.0,2009,2,5,-0.7423374247507171,2.3978952727983707
1203,木夭丑友什66aa35ab,1.197,0.0,0.0,0.0,14.0,2023,0,2,0.17981842657583616,2.6390573296152584
1204,木夭丑友什66aa35ba,2.376,20.0,37.0,0.0,15.0,2006,1,3,0.8654184015003984,2.70805020110221
1225,木夭丑友什66ab26ab,0.969,182.0,813.0,193.0,9.0,1995,0,0,-0.03149066709137085,2.1972245773362196
1226,木夭丑友什66ab26ba,2.311,326.0,893.0,183.0,10.0,1995,0,0,0.8376803312922436,2.302585092994046
1227,木夭丑友什66ab26bb,1.099,237.0,638.0,169.0,25.0,1995,2,1,0.0944006754214843,3.2188758248682006
1229,木夭丑友什66ab27ab,1.087,42.0,80.0,12.0,6.0,1997,0,0,0.08342160813907236,1.791759469228055
1230,木夭丑友什66ab27ba,1.087,11.0,12.0,0.0,2.0,1997,0,0,0.08342160813907236,0.6931471805599453
1231,木夭丑友什66ab27bb,1.508,100.0,158.0,22.0,11.0,2000,0,0,0.41078426958576436,2.3978952727983707
1232,木夭丑友什66ab28aa,1.508,18.0,38.0,11.0,4.0,1998,0,0,0.41078426958576436,1.3862943611198906
1236,木夭丑友什66ab29aa,1.724,314.0,1018.0,260.0,17.0,1995,3,0,0.5446471722415014,2.833213344056216
1237,木夭丑友什66ab29ab,1.724,272.0,1022.0,319.0,32.0,1994,1,0,0.5446471722415014,3.4657359027997265
1238,木夭丑友什66ab29ba,1.153,325.0,1071.0,210.0,20.0,1994,1,0,0.142367241286922,2.995732273553991
1239,木夭丑友什66ab29bb,1.153,171.0,735.0,166.0,23.0,1993,0,0,0.142367241286922,3.1354942159291497
1240,木夭丑友什66ab30aa,1.278,195.0,829.0,240.0,15.0,1993,1,0,0.24529635595534308,2.70805020110221
1241,木夭丑友什66ab30ab,1.232,284.0,1178.0,399.0,21.0,1995,2,0,0.208638865111328,3.044522437723423
1242,木夭丑友什66ab30ba,2.296,231.0,985.0,368.0,20.0,1994,2,0,0.8311684784573199,2.995732273553991
1243,木夭丑友什66ab30bb,2.296,275.0,848.0,224.0,19.0,1992,2,0,0.8311684784573199,2.9444389791664403
1244,木夭丑友什66ab31aa,1.33,123.0,376.0,128.0,15.0,1992,0,0,0.28517894223366247,2.70805020110221
1247,木夭丑友什66ab31bb,3.157,9.0,118.0,6.0,26.0,2003,0,0,1.1496222095758546,3.258096538021482
1248,木夭丑友什66ab32aa,2.501,0.0,0.0,0.0,4.0,2005,1,0,0.9166906518954819,1.3862943611198906
1249,木夭丑友什66ab32ab,2.17,27.0,119.0,44.0,1.0,2011,0,0,0.7747271675523681,0.0
1250,木夭丑友什66ab32ba,1.452,106.0,527.0,166.0,15.0,2009,0,0,0.3729419164026043,2.70805020110221
1251,木夭丑友什66ab32bb,1.452,243.0,938.0,221.0,28.0,2006,0,0,0.3729419164026043,3.332204510175204
1252,木夭丑友什66ab33aa,1.452,276.0,997.0,303.0,20.0,1997,0,0,0.3729419164026043,2.995732273553991
1253,木夭丑友什66ab33ab,2.675,212.0,621.0,146.0,35.0,1993,0,0,0.9839493803479697,3.5553480614894135
1254,木夭丑友什66ab33ba,0.698,321.0,1075.0,294.0,18.0,1995,0,0,-0.35953617621976464,2.8903717578961645
1255,木夭丑友什66ab33bb,0.477,223.0,693.0,149.0,11.0,1992,0,0,-0.7402387880937958,2.3978952727983707
1256,木夭丑友什66ab34aa,0.477,419.0,1100.0,247.0,37.0,1992,0,0,-0.7402387880937958,3.6109179126442243
1257,木夭丑友什66ab34ab,0.477,417.0,1042.0,222.0,18.0,1993,2,0,-0.7402387880937958,2.8903717578961645
1259,木夭丑友什66ab34bb,0.649,0.0,6.0,0.0,7.0,2002,0,0,-0.43232256227804705,1.9459101490553132
1261,木夭丑友什66ab35ab,1.305,0.0,0.0,0.0,2.0,2010,0,0,0.2662030407746567,0.6931471805599453
1271,木夭丑友什66ab37bb,1.379,189.0,397.0,72.0,9.0,2004,1,0,0.32135859881116474,2.1972245773362196
1273,木夭丑友什66ab38ab,1.644,0.0,0.0,0.0,5.0,2018,0,1,0.4971322966339881,1.6094379124341003
1277,木夭丑友什66ab39ab,2.174,0.0,0.0,0.0,8.0,1991,0,0,0.7765687886990177,2.0794415416798357
1284,木夭丑友什66ba26ba,2.234,86.0,138.0,26.0,20.0,1999,0,0,0.803793700647009,2.995732273553991
1285,木夭丑友什66ba26bb,1.099,171.0,426.0,85.0,16.0,2000,2,2,0.0944006754214843,2.772588722239781
1286,木夭丑友什66ba27aa,1.087,210.0,399.0,51.0,13.0,1995,0,10,0.08342160813907236,2.5649493574615367
1288,木夭丑友什66ba27ba,1.087,266.0,185.0,0.0,1.0,2003,0,0,0.08342160813907236,0.0
1289,木夭丑友什66ba27bb,2.316,0.0,0.0,0.0,1.0,2000,0,0,0.8398415597107487,0.0
1292,木夭丑友什66ba28ba,1.965,6.0,18.0,0.0,4.0,1998,0,0,0.6754922453212246,1.3862943611198906
1293,木夭丑友什66ba28bb,1.253,179.0,656.0,110.0,117.0,1997,6,15,0.22554067591393115,4.762173934797756
1294,木夭丑友什66ba29aa,1.253,134.0,568.0,160.0,18.0,1996,0,0,0.22554067591393115,2.8903717578961645
1295,木夭丑友什66ba29ab,1.253,193.0,782.0,193.0,9.0,1994,0,0,0.22554067591393115,2.1972245773362196
1296,木夭丑友什66ba29ba,0.901,254.0,946.0,200.0,19.0,1994,0,0,-0.10425002137379911,2.9444389791664403
1297,木夭丑友什66ba29bb,0.901,199.0,1029.0,328.0,17.0,1992,4,0,-0.10425002137379911,2.833213344056216
1298,木夭丑友什66ba30aa,0.861,132.0,753.0,220.0,17.0,1992,2,0,-0.14966077455440627,2.833213344056216
1299,木夭丑友什66ba30ab,0.939,240.0,1150.0,443.0,11.0,1993,3,0,-0.0629397997738742,2.3978952727983707
1300,木夭丑友什66ba30ba,1.952,175.0,656.0,222.0,11.0,1993,0,0,0.6688544879909007,2.3978952727983707
1303,木夭丑友什66ba31ab,0.555,165.0,477.0,115.0,5.0,1992,0,0,-0.5887871652357024,1.6094379124341003
1304,木夭丑友什66ba31ba,0.555,204.0,730.0,46.0,17.0,1994,0,0,-0.5887871652357024,2.833213344056216
1305,木夭丑友什66ba31bb,2.457,8.0,43.0,0.0,24.0,1999,1,0,0.8989410935390421,3.1780538303479458
1306,木夭丑友什66ba32aa,2.261,31.0,149.0,0.0,23.0,2000,1,0,0.8158071932958328,3.1354942159291497
1307,木夭丑友什66ba32ab,2.17,403.0,1700.0,286.0,14.0,1993,0,0,0.7747271675523681,2.6390573296152584
1308,木夭丑友什66ba32ba,2.17,34.0,127.0,17.0,6.0,2000,1,0,0.7747271675523681,1.791759469228055
1309,木夭丑友什66ba32bb,2.17,311.0,635.0,92.0,18.0,1995,1,4,0.7747271675523681,2.8903717578961645
1310,木夭丑友什66ba33aa,2.442,160.0,597.0,160.0,13.0,1993,1,0,0.892817375688513,2.5649493574615367
1311,木夭丑友什66ba33ab,2.675,190.0,437.0,76.0,13.0,1994,0,11,0.9839493803479697,2.5649493574615367
1312,木夭丑友什66ba33ba,0.9,213.0,749.0,199.0,13.0,1992,2,0,-0.10536051565782628,2.5649493574615367
1313,木夭丑友什66ba33bb,0.923,300.0,901.0,218.0,10.0,1992,2,0,-0.08012604447928486,2.302585092994046
1314,木夭丑友什66ba34aa,0.923,239.0,499.0,102.0,22.0,1994,3,6,-0.08012604447928486,3.091042453358316
1315,木夭丑友什66ba34ab,0.649,373.0,704.0,128.0,37.0,1992,0,0,-0.43232256227804705,3.6109179126442243
1317,木夭丑友什66ba34bb,0.649,0.0,0.0,0.0,3.0,2005,0,0,-0.43232256227804705,1.0986122886681098
1318,木夭丑友什66ba35aa,0.757,344.0,1007.0,317.0,14.0,1994,0,43,-0.2783920255446883,2.6390573296152584
1319,木夭丑友什66ba35ab,1.407,116.0,389.0,124.0,20.0,1996,0,0,0.34145977813225203,2.995732273553991
1328,木夭丑友什66ba37ba,1.128,65.0,150.0,38.0,2.0,2002,0,0,0.12044615307586706,0.6931471805599453
1329,木夭丑友什66ba37bb,1.128,195.0,497.0,70.0,37.0,1994,1,3,0.12044615307586706,3.6109179126442243
1330,木夭丑友什66ba38aa,1.128,0.0,0.0,0.0,1.0,2013,0,0,0.12044615307586706,0.0
1335,木夭丑友什66ba39ab,3.975,19.0,46.0,0.0,11.0,1998,0,3,1.3800247481062953,2.3978952727983707
1343,木夭丑友什66bb26ba,2.234,6.0,23.0,0.0,12.0,2010,0,2,0.803793700647009,2.4849066497880004
1344,木夭丑友什66bb26bb,0.733,130.0,315.0,62.0,52.0,2001,2,12,-0.3106095770954856,3.9512437185814275
1345,木夭丑友什66bb27aa,1.087,132.0,346.0,52.0,32.0,2006,2,1,0.08342160813907236,3.4657359027997265
1346,木夭丑友什66bb27ab,1.087,136.0,181.0,21.0,12.0,1996,1,6,0.08342160813907236,2.4849066497880004
1351,木夭丑友什66bb28ba,1.804,35.0,98.0,14.0,19.0,1997,1,1,0.5900064216404319,2.9444389791664403
1352,木夭丑友什66bb28bb,1.253,139.0,493.0,70.0,91.0,1997,4,13,0.22554067591393115,4.51085950651685
1353,木夭丑友什66bb29aa,1.253,131.0,432.0,70.0,69.0,1997,3,11,0.22554067591393115,4.23410650459726
1354,木夭丑友什66bb29ab,1.253,0.0,11.0,0.0,2.0,1996,0,1,0.22554067591393115,0.6931471805599453
1355,木夭丑友什66bb29ba,0.47,195.0,756.0,120.0,116.0,1997,2,16,-0.7550225842780328,4.7535901911063645
1356,木夭丑友什66bb29bb,0.47,114.0,1007.0,385.0,26.0,1994,0,0,-0.7550225842780328,3.258096538021482
1357,木夭丑友什66bb30aa,0.234,275.0,1227.0,366.0,18.0,1994,3,0,-1.4524341636244356,2.8903717578961645
1358,木夭丑友什66bb30ab,1.083,173.0,743.0,250.0,20.0,1993,0,0,0.07973496801885352,2.995732273553991
1361,木夭丑友什66bb31aa,1.291,149.0,486.0,120.0,19.0,1991,0,0,0.2554171118645054,2.9444389791664403
1362,木夭丑友什66bb31ab,1.291,381.0,1120.0,256.0,11.0,1991,0,0,0.2554171118645054,2.3978952727983707
1363,木夭丑友什66bb31ba,1.291,285.0,1155.0,300.0,14.0,1993,4,0,0.2554171118645054,2.6390573296152584
1364,木夭丑友什66bb31bb,2.786,116.0,592.0,130.0,22.0,1995,1,0,1.024606875357614,3.091042453358316
1365,木夭丑友什66bb32aa,2.261,268.0,1055.0,234.0,27.0,1994,1,0,0.8158071932958328,3.295836866004329
1366,木夭丑友什66bb32ab,2.279,272.0,931.0,220.0,27.0,1992,1,0,0.8237367502635472,3.295836866004329
1367,木夭丑友什66bb32ba,2.279,248.0,631.0,110.0,15.0,1994,3,0,0.8237367502635472,2.70805020110221
1368,木夭丑友什66bb32bb,2.279,161.0,521.0,89.0,17.0,1993,0,4,0.8237367502635472,2.833213344056216
1369,木夭丑友什66bb33aa,1.797,119.0,459.0,129.0,11.0,1995,3,0,0.586118607801422,2.3978952727983707
1370,木夭丑友什66bb33ab,1.28,103.0,303.0,97.0,26.0,1996,2,7,0.2468600779315258,3.258096538021482
1371,木夭丑友什66bb33ba,1.28,199.0,543.0,122.0,25.0,1994,0,0,0.2468600779315258,3.2188758248682006
1372,木夭丑友什66bb33bb,2.199,176.0,607.0,145.0,13.0,1994,3,0,0.788002711572624,2.5649493574615367
1373,木夭丑友什66bb34aa,2.199,171.0,485.0,122.0,19.0,1999,0,5,0.788002711572624,2.9444389791664403
1374,木夭丑友什66bb34ab,2.199,158.0,363.0,109.0,20.0,1994,4,0,0.788002711572624,2.995732273553991
1375,木夭丑友什66bb34ba,0.649,97.0,179.0,30.0,19.0,1996,1,0,-0.43232256227804705,2.9444389791664403
1376,木夭丑友什66bb34bb,0.649,72.0,381.0,14.0,11.0,1999,2,0,-0.43232256227804705,2.3978952727983707
1377,木夭丑友什66bb35aa,1.504,330.0,969.0,252.0,66.0,1993,3,0,0.4081282255276481,4.189654742026425
1378,木夭丑友什66bb35ab,1.504,153.0,632.0,149.0,45.0,2009,6,0,0.4081282255276481,3.8066624897703196
1379,木夭丑友什66bb35ba,1.504,28.0,198.0,47.0,33.0,2011,3,0,0.4081282255276481,3.4965075614664802
1380,木夭丑友什66bb35bb,7.37,0.0,0.0,0.0,2.0,2010,0,0,1.9974177062012453,0.6931471805599453
1383,木夭丑友什66bb36ba,2.09,65.0,306.0,103.0,47.0,2017,0,12,0.7371640659767196,3.8501476017100584
1384,木夭丑友什66bb36bb,1.42,318.0,550.0,53.0,48.0,1999,1,15,0.35065687161316933,3.871201010907891
1385,木夭丑友什66bb37aa,0.762,311.0,668.0,75.0,115.0,2000,3,30,-0.2718087232954908,4.74493212836325
1386,木夭丑友什66bb37ab,0.762,66.0,184.0,27.0,31.0,1998,1,16,-0.2718087232954908,3.4339872044851463
1387,木夭丑友什66bb37ba,8.574,205.0,396.0,44.0,39.0,1994,1,8,2.1487343681757856,3.6635616461296463
1388,木夭丑友什66bb37bb,8.574,566.0,1286.0,155.0,143.0,1991,3,22,2.1487343681757856,4.962844630259907
1389,木夭丑友什66bb38aa,7.724,606.0,1161.0,95.0,222.0,1992,2,40,2.044332364566268,5.402677381872279
1390,木夭丑友什66bb38ab,0.69,331.0,595.0,57.0,189.0,1990,2,38,-0.37106368139083207,5.241747015059643
1391,木夭丑友什66bb38ba,0.69,151.0,275.0,12.0,71.0,1992,2,18,-0.37106368139083207,4.2626798770413155
1392,木夭丑友什66bb38bb,3.975,0.0,0.0,0.0,8.0,2007,0,0,1.3800247481062953,2.0794415416798357
1394,木夭丑友什66bb39ab,0.207,24.0,52.0,0.0,18.0,2001,1,8,-1.575036485716768,2.8903717578961645
1395,木夭丑友什66bb39ba,4.92,0.0,0.0,0.0,1.0,1994,0,3,1.5933085305042167,0.0
1396,木夭丑友什66bb39bb,0.904,0.0,14.0,0.0,10.0,2005,0,0,-0.10092591858996053,2.302585092994046
1397,木夭丑友什66bb40aa,0.904,0.0,8.0,0.0,15.0,2007,0,6,-0.10092591858996053,2.70805020110221
1398,木夭丑友什66bb40ab,0.904,0.0,0.0,0.0,12.0,2007,0,0,-0.10092591858996053,2.4849066497880004
1399,木夭丑友什66bb40ba,0.952,0.0,0.0,0.0,2.0,2008,0,0,-0.04919024419077178,0.6931471805599453
1400,木夭丑友什66bb40bb,1.988,0.0,0.0,0.0,13.0,2004,1,1,0.6871291082343823,2.5649493574615367
1402,木夭丑友什67aa26ba,2.713,0.0,0.0,0.0,1.0,2017,0,0,0.9980550336767947,0.0
1403,木夭丑友什67aa26bb,2.908,6.0,21.0,0.0,13.0,2005,0,1,1.067465559671273,2.5649493574615367
1404,木夭丑友什67aa27aa,0.733,20.0,49.0,6.0,19.0,2003,0,7,-0.3106095770954856,2.9444389791664403
1405,木夭丑友什67aa27ab,1.045,0.0,0.0,0.0,2.0,2008,0,0,0.04401688541677426,0.6931471805599453
1411,木夭丑友什67aa28bb,1.253,0.0,12.0,0.0,2.0,1997,0,1,0.22554067591393115,0.6931471805599453
1412,木夭丑友什67aa29aa,1.253,0.0,16.0,0.0,3.0,1997,1,0,0.22554067591393115,1.0986122886681098
1413,木夭丑友什67aa29ab,1.253,91.0,333.0,48.0,52.0,1997,1,17,0.22554067591393115,3.9512437185814275
1414,木夭丑友什67aa29ba,0.234,217.0,722.0,88.0,119.0,1996,3,20,-1.4524341636244356,4.77912349311153
1415,木夭丑友什67aa29bb,0.234,39.0,182.0,55.0,21.0,1997,1,0,-1.4524341636244356,3.044522437723423
1416,木夭丑友什67aa30aa,0.234,132.0,763.0,242.0,19.0,1992,1,0,-1.4524341636244356,2.9444389791664403
1417,木夭丑友什67aa30ab,1.083,369.0,1367.0,366.0,40.0,1992,2,0,0.07973496801885352,3.6888794541139363
1418,木夭丑友什67aa30ba,1.495,105.0,479.0,168.0,3.0,1993,0,0,0.4021262068426498,1.0986122886681098
1419,木夭丑友什67aa30bb,0.902,76.0,346.0,109.0,3.0,1991,0,0,-0.10314075891951337,1.0986122886681098
1420,木夭丑友什67aa31aa,1.291,302.0,1205.0,408.0,18.0,1991,2,0,0.2554171118645054,2.8903717578961645
1421,木夭丑友什67aa31ab,1.291,235.0,821.0,206.0,9.0,1993,0,0,0.2554171118645054,2.1972245773362196
1422,木夭丑友什67aa31ba,1.291,269.0,901.0,277.0,14.0,1992,2,0,0.2554171118645054,2.6390573296152584
1423,木夭丑友什67aa31bb,2.786,160.0,693.0,163.0,64.0,1999,2,11,1.024606875357614,4.1588830833596715
1424,木夭丑友什67aa32aa,2.786,45.0,173.0,54.0,4.0,1992,1,0,1.024606875357614,1.3862943611198906
1425,木夭丑友什67aa32ab,2.279,132.0,442.0,78.0,13.0,1992,0,6,0.8237367502635472,2.5649493574615367
1426,木夭丑友什67aa32ba,2.279,116.0,573.0,160.0,10.0,1992,0,5,0.8237367502635472,2.302585092994046
1427,木夭丑友什67aa32bb,2.279,200.0,696.0,217.0,12.0,1998,0,3,0.8237367502635472,2.4849066497880004
1428,木夭丑友什67aa33aa,1.797,124.0,631.0,217.0,16.0,1996,1,6,0.586118607801422,2.772588722239781
1429,木夭丑友什67aa33ab,2.136,95.0,447.0,150.0,28.0,1997,0,3,0.7589349210979485,3.332204510175204
1430,木夭丑友什67aa33ba,1.414,225.0,537.0,122.0,7.0,1994,0,0,0.34642256747438094,1.9459101490553132
1431,木夭丑友什67aa33bb,1.414,207.0,615.0,168.0,11.0,1993,0,0,0.34642256747438094,2.3978952727983707
1432,木夭丑友什67aa34aa,1.414,279.0,1013.0,285.0,19.0,1996,1,3,0.34642256747438094,2.9444389791664403
1433,木夭丑友什67aa34ab,2.199,406.0,1109.0,290.0,16.0,1994,1,17,0.788002711572624,2.772588722239781
1434,木夭丑友什67aa34ba,0.31,89.0,295.0,44.0,17.0,1998,1,4,-1.171182981502945,2.833213344056216
1435,木夭丑友什67aa34bb,0.31,38.0,190.0,0.0,16.0,1999,3,0,-1.171182981502945,2.772588722239781
1436,木夭丑友什67aa35aa,1.504,362.0,895.0,175.0,11.0,1993,0,0,0.4081282255276481,2.3978952727983707
1437,木夭丑友什67aa35ab,1.504,199.0,748.0,186.0,54.0,1998,0,0,0.4081282255276481,3.9889840465642745
1438,木夭丑友什67aa35ba,1.504,22.0,274.0,42.0,16.0,2013,1,0,0.4081282255276481,2.772588722239781
1442,木夭丑友什67aa36ba,1.368,9.0,164.0,0.0,3.0,2019,1,0,0.3133498192003588,1.0986122886681098
1443,木夭丑友什67aa36bb,1.368,196.0,404.0,23.0,77.0,1991,3,40,0.3133498192003588,4.343805421853684
1444,木夭丑友什67aa37aa,0.762,303.0,524.0,28.0,109.0,1995,6,23,-0.2718087232954908,4.6913478822291435
1445,木夭丑友什67aa37ab,0.762,237.0,653.0,92.0,116.0,1992,4,30,-0.2718087232954908,4.7535901911063645
1446,木夭丑友什67aa37ba,0.198,584.0,1329.0,177.0,256.0,1992,5,53,-1.6194882482876019,5.545177444479562
1447,木夭丑友什67aa37bb,0.447,388.0,849.0,94.0,127.0,1991,6,23,-0.8051966843685682,4.844187086458591
1448,木夭丑友什67aa38aa,0.447,571.0,1323.0,124.0,275.0,1990,4,41,-0.8051966843685682,5.616771097666572
1449,木夭丑友什67aa38ab,0.69,641.0,1151.0,83.0,491.0,1987,5,60,-0.37106368139083207,6.19644412779452
1450,木夭丑友什67aa38ba,0.69,356.0,694.0,76.0,250.0,1990,3,47,-0.37106368139083207,5.521460917862246
1451,木夭丑友什67aa38bb,3.975,230.0,765.0,98.0,81.0,1997,3,11,1.3800247481062953,4.394449154672439
1452,木夭丑友什67aa39aa,1.322,0.0,18.0,0.0,2.0,1998,0,0,0.2791457414294946,0.6931471805599453
1453,木夭丑友什67aa39ab,0.207,48.0,242.0,25.0,35.0,2003,2,0,-1.575036485716768,3.5553480614894135
1454,木夭丑友什67aa39ba,0.207,196.0,743.0,96.0,105.0,2002,1,5,-1.575036485716768,4.653960350157523
1455,木夭丑友什67aa39bb,3.506,102.0,398.0,54.0,50.0,2002,2,5,1.2544757864990428,3.912023005428146
1456,木夭丑友什67aa40aa,3.506,66.0,212.0,30.0,22.0,2001,0,0,1.2544757864990428,3.091042453358316
1457,木夭丑友什67aa40ab,3.506,182.0,826.0,166.0,112.0,2004,5,0,1.2544757864990428,4.718498871295094
1458,木夭丑友什67aa40ba,1.674,176.0,741.0,165.0,105.0,2006,3,0,0.5152159720672835,4.653960350157523
1459,木夭丑友什67aa40bb,1.674,129.0,392.0,90.0,60.0,2004,4,1,0.5152159720672835,4.0943445622221
1460,木夭丑友什67aa41aa,1.634,25.0,75.0,17.0,12.0,2006,3,0,0.49103099643781106,2.4849066497880004
1473,木夭丑友什67ab29ba,0.793,101.0,414.0,57.0,63.0,1998,1,12,-0.23193205734728903,4.143134726391533
1475,木夭丑友什67ab30aa,1.0,97.0,254.0,67.0,12.0,1996,0,0,0.0,2.4849066497880004
1476,木夭丑友什67ab30ab,1.0,229.0,1146.0,369.0,24.0,1992,0,0,0.0,3.1780538303479458
1477,木夭丑友什67ab30ba,1.0,293.0,1138.0,342.0,21.0,1992,2,0,0.0,3.044522437723423
1478,木夭丑友什67ab30bb,0.902,358.0,1130.0,245.0,15.0,1991,0,0,-0.10314075891951337,2.70805020110221
1479,木夭丑友什67ab31aa,1.291,269.0,851.0,190.0,12.0,1991,1,0,0.2554171118645054,2.4849066497880004
1480,木夭丑友什67ab31ab,1.291,328.0,1455.0,402.0,21.0,1991,0,0,0.2554171118645054,3.044522437723423
1481,木夭丑友什67ab31ba,1.291,124.0,505.0,146.0,19.0,1995,1,0,0.2554171118645054,2.9444389791664403
1482,木夭丑友什67ab31bb,2.786,49.0,218.0,40.0,36.0,2002,1,6,1.024606875357614,3.58351893845611
1484,木夭丑友什67ab32ab,2.279,23.0,72.0,10.0,6.0,2003,0,0,0.8237367502635472,1.791759469228055
1485,木夭丑友什67ab32ba,2.279,16.0,49.0,9.0,18.0,2003,1,4,0.8237367502635472,2.8903717578961645
1486,木夭丑友什67ab32bb,2.279,26.0,85.0,15.0,15.0,2006,2,7,0.8237367502635472,2.70805020110221
1487,木夭丑友什67ab33aa,1.797,23.0,87.0,14.0,14.0,2003,1,7,0.586118607801422,2.6390573296152584
1488,木夭丑友什67ab33ab,2.136,101.0,298.0,66.0,57.0,2004,1,17,0.7589349210979485,4.04305126783455
1489,木夭丑友什67ab33ba,1.414,0.0,12.0,0.0,7.0,2005,0,2,0.34642256747438094,1.9459101490553132
1491,木夭丑友什67ab34aa,1.414,68.0,285.0,90.0,14.0,1995,0,2,0.34642256747438094,2.6390573296152584
1492,木夭丑友什67ab34ab,0.892,535.0,1123.0,195.0,21.0,1994,3,1,-0.11428914640212766,3.044522437723423
1493,木夭丑友什67ab34ba,0.892,400.0,876.0,77.0,94.0,1997,3,17,-0.11428914640212766,4.543294782270004
1494,木夭丑友什67ab34bb,0.892,133.0,535.0,39.0,103.0,1997,3,25,-0.11428914640212766,4.634728988229636
1495,木夭丑友什67ab35aa,1.772,485.0,905.0,151.0,31.0,1993,3,1,0.5721088521828892,3.4339872044851463
1496,木夭丑友什67ab35ab,1.772,264.0,909.0,256.0,21.0,2001,1,0,0.5721088521828892,3.044522437723423
1497,木夭丑友什67ab35ba,1.504,156.0,772.0,276.0,61.0,2012,3,0,0.4081282255276481,4.110873864173311
1498,木夭丑友什67ab35bb,2.115,31.0,133.0,26.0,26.0,2010,1,2,0.7490548124982414,3.258096538021482
1501,木夭丑友什67ab36ba,1.485,140.0,362.0,26.0,43.0,2002,2,14,0.395414772254663,3.7612001156935624
1502,木夭丑友什67ab36bb,1.485,646.0,1368.0,135.0,184.0,1996,2,37,0.395414772254663,5.214935757608986
1503,木夭丑友什67ab37aa,0.762,305.0,546.0,25.0,176.0,1993,4,29,-0.2718087232954908,5.170483995038151
1504,木夭丑友什67ab37ab,0.762,140.0,249.0,16.0,107.0,1990,1,16,-0.2718087232954908,4.672828834461906
1505,木夭丑友什67ab37ba,0.198,647.0,1066.0,96.0,488.0,1989,5,82,-1.6194882482876019,6.1903154058531475
1506,木夭丑友什67ab37bb,0.447,587.0,1117.0,118.0,342.0,1989,7,58,-0.8051966843685682,5.834810737062605
1507,木夭丑友什67ab38aa,0.447,402.0,736.0,68.0,254.0,1988,4,45,-0.8051966843685682,5.537334267018537
1508,木夭丑友什67ab38ab,0.606,452.0,898.0,132.0,224.0,1990,6,42,-0.5008752929128226,5.4116460518550396
1509,木夭丑友什67ab38ba,0.606,724.0,1456.0,130.0,570.0,1989,4,84,-0.5008752929128226,6.345636360828596
1510,木夭丑友什67ab38bb,0.907,389.0,953.0,114.0,309.0,1989,3,48,-0.09761282886700041,5.733341276897746
1512,木夭丑友什67ab39ab,0.207,40.0,138.0,14.0,14.0,2004,2,1,-1.575036485716768,2.6390573296152584
1513,木夭丑友什67ab39ba,0.207,123.0,406.0,41.0,49.0,2003,1,4,-1.575036485716768,3.8918202981106265
1516,木夭丑友什67ab40ab,1.674,26.0,85.0,21.0,18.0,2001,1,2,0.5152159720672835,2.8903717578961645
1517,木夭丑友什67ab40ba,1.67,44.0,123.0,16.0,16.0,2004,1,1,0.5128236264286637,2.772588722239781
1518,木夭丑友什67ab40bb,2.316,59.0,206.0,22.0,31.0,2005,1,1,0.8398415597107487,3.4339872044851463
1534,木夭丑友什67ba29bb,1.362,10.0,24.0,8.0,5.0,1990,1,0,0.3089542077273207,1.6094379124341003
1535,木夭丑友什67ba30aa,1.373,116.0,283.0,58.0,37.0,2001,2,0,0.316998126785834,3.6109179126442243
1536,木夭丑友什67ba30ab,1.373,241.0,759.0,207.0,16.0,1995,1,0,0.316998126785834,2.772588722239781
1537,木夭丑友什67ba30ba,1.373,235.0,855.0,216.0,21.0,1992,3,0,0.316998126785834,3.044522437723423
1538,木夭丑友什67ba30bb,1.394,256.0,771.0,128.0,25.0,1994,3,0,0.3321773123383321,3.2188758248682006
1539,木夭丑友什67ba31aa,1.394,249.0,1022.0,293.0,20.0,1991,1,0,0.3321773123383321,2.995732273553991
1540,木夭丑友什67ba31ab,1.141,73.0,274.0,75.0,6.0,1998,0,0,0.1319050708799386,1.791759469228055
1541,木夭丑友什67ba31ba,1.604,10.0,18.0,0.0,7.0,1999,1,0,0.4725005094443228,1.9459101490553132
1542,木夭丑友什67ba31bb,1.836,97.0,350.0,58.0,48.0,2004,1,13,0.6075892921982987,3.871201010907891
1543,木夭丑友什67ba32aa,2.58,8.0,15.0,0.0,2.0,2002,0,0,0.9477893989335261,0.6931471805599453
1544,木夭丑友什67ba32ab,2.92,62.0,144.0,15.0,21.0,2002,0,4,1.0715836162801904,3.044522437723423
1545,木夭丑友什67ba32ba,2.92,143.0,373.0,46.0,30.0,2002,2,17,1.0715836162801904,3.4011973816621555
1546,木夭丑友什67ba32bb,2.97,42.0,91.0,20.0,12.0,2004,1,8,1.0885619528146082,2.4849066497880004
1547,木夭丑友什67ba33aa,2.97,80.0,266.0,42.0,48.0,2004,2,17,1.0885619528146082,3.871201010907891
1548,木夭丑友什67ba33ab,2.136,41.0,113.0,13.0,23.0,2002,2,14,0.7589349210979485,3.1354942159291497
1551,木夭丑友什67ba34aa,1.414,11.0,34.0,0.0,6.0,2003,0,2,0.34642256747438094,1.791759469228055
1552,木夭丑友什67ba34ab,0.892,277.0,756.0,119.0,20.0,1996,0,1,-0.11428914640212766,2.995732273553991
1553,木夭丑友什67ba34ba,0.892,250.0,617.0,89.0,74.0,1995,1,18,-0.11428914640212766,4.30406509320417
1554,木夭丑友什67ba34bb,0.892,130.0,472.0,60.0,112.0,1996,1,8,-0.11428914640212766,4.718498871295094
1555,木夭丑友什67ba35aa,1.772,553.0,1569.0,341.0,20.0,1994,0,0,0.5721088521828892,2.995732273553991
1556,木夭丑友什67ba35ab,1.772,399.0,1284.0,308.0,23.0,2003,0,0,0.5721088521828892,3.1354942159291497
1557,木夭丑友什67ba35ba,1.293,126.0,787.0,296.0,35.0,2012,3,0,0.2569650997897204,3.5553480614894135
1558,木夭丑友什67ba35bb,14.277,14.0,88.0,30.0,17.0,2012,0,0,2.658649850807083,2.833213344056216
1561,木夭丑友什67ba36ba,2.772,140.0,313.0,23.0,49.0,1998,1,10,1.0195690813276568,3.8918202981106265
1562,木夭丑友什67ba36bb,1.485,756.0,1458.0,120.0,259.0,1995,2,64,0.395414772254663,5.556828061699537
1563,木夭丑友什67ba37aa,1.203,785.0,1467.0,138.0,162.0,1995,0,49,0.18481843699254188,5.087596335232384
1564,木夭丑友什67ba37ab,1.04,242.0,693.0,66.0,163.0,1991,2,30,0.03922071315328133,5.093750200806762
1565,木夭丑友什67ba37ba,0.361,614.0,1203.0,129.0,470.0,1989,5,79,-1.018877320649256,6.152732694704104
1566,木夭丑友什67ba37bb,0.327,738.0,1114.0,68.0,587.0,1986,5,83,-1.1177951080848836,6.375024819828097
1567,木夭丑友什67ba38aa,0.362,395.0,723.0,71.0,176.0,1988,5,36,-1.016111067156366,5.170483995038151
1568,木夭丑友什67ba38ab,0.642,390.0,951.0,160.0,160.0,1993,5,45,-0.44316697529217586,5.075173815233827
1569,木夭丑友什67ba38ba,0.642,593.0,1127.0,125.0,349.0,1988,4,64,-0.44316697529217586,5.855071922202427
1570,木夭丑友什67ba38bb,1.274,637.0,1291.0,158.0,537.0,1988,3,45,0.24216155714997162,6.285998094508865
1571,木夭丑友什67ba39aa,1.322,126.0,711.0,209.0,51.0,2005,1,3,0.2791457414294946,3.9318256327243257
1575,木夭丑友什67ba40aa,1.469,0.0,0.0,0.0,6.0,2006,1,1,0.3845818971917403,1.791759469228055
1580,木夭丑友什67ba41ab,1.083,56.0,207.0,22.0,1.0,2017,0,0,0.07973496801885352,0.0
1581,木夭丑友什67ba41ba,1.083,684.0,1444.0,122.0,23.0,2017,0,0,0.07973496801885352,3.1354942159291497
1590,木夭丑友什67bb29bb,1.362,47.0,118.0,27.0,13.0,1999,0,0,0.3089542077273207,2.5649493574615367
1591,木夭丑友什67bb30aa,1.75,201.0,561.0,119.0,17.0,1996,0,0,0.5596157879354227,2.833213344056216
1592,木夭丑友什67bb30ab,1.75,426.0,1604.0,383.0,35.0,1994,2,0,0.5596157879354227,3.5553480614894135
1593,木夭丑友什67bb30ba,1.75,167.0,636.0,193.0,22.0,1997,0,0,0.5596157879354227,3.091042453358316
1594,木夭丑友什67bb30bb,1.394,289.0,1014.0,226.0,21.0,1992,0,0,0.3321773123383321,3.044522437723423
1595,木夭丑友什67bb31aa,1.394,123.0,426.0,71.0,38.0,1998,1,15,0.3321773123383321,3.6375861597263857
1596,木夭丑友什67bb31ab,1.353,0.0,6.0,0.0,3.0,1996,0,0,0.302324349188651,1.0986122886681098
1597,木夭丑友什67bb31ba,1.604,16.0,18.0,0.0,21.0,2001,1,4,0.4725005094443228,3.044522437723423
1598,木夭丑友什67bb31bb,1.604,66.0,155.0,32.0,33.0,2004,1,12,0.4725005094443228,3.4965075614664802
1600,木夭丑友什67bb32ab,2.873,61.0,192.0,36.0,22.0,2007,1,21,1.0553567799971526,3.091042453358316
1603,木夭丑友什67bb33aa,2.97,0.0,6.0,0.0,2.0,2006,0,1,1.0885619528146082,0.6931471805599453
1604,木夭丑友什67bb33ab,2.433,17.0,55.0,11.0,11.0,2007,0,5,0.8891250638013855,2.3978952727983707
1607,木夭丑友什67bb34aa,1.873,55.0,163.0,27.0,31.0,2006,1,12,0.6275414234619514,3.4339872044851463
1608,木夭丑友什67bb34ab,0.892,120.0,376.0,49.0,32.0,2003,3,15,-0.11428914640212766,3.4657359027997265
1609,木夭丑友什67bb34ba,0.892,212.0,713.0,88.0,105.0,1996,0,26,-0.11428914640212766,4.653960350157523
1610,木夭丑友什67bb34bb,0.892,198.0,698.0,118.0,117.0,1996,2,19,-0.11428914640212766,4.762173934797756
1611,木夭丑友什67bb35aa,1.772,351.0,1147.0,286.0,19.0,1994,2,0,0.5721088521828892,2.9444389791664403
1612,木夭丑友什67bb35ab,1.772,136.0,499.0,123.0,37.0,2015,0,0,0.5721088521828892,3.6109179126442243
1613,木夭丑友什67bb35ba,1.602,258.0,1206.0,456.0,15.0,2014,0,0,0.4712528486461675,2.70805020110221
1614,木夭丑友什67bb35bb,14.277,30.0,119.0,42.0,16.0,2015,0,2,2.658649850807083,2.772588722239781
1617,木夭丑友什67bb36ba,1.462,153.0,516.0,83.0,52.0,1997,3,19,0.37980536132758674,3.9512437185814275
1618,木夭丑友什67bb36bb,1.462,364.0,868.0,146.0,102.0,1995,2,26,0.37980536132758674,4.624972813284271
1619,木夭丑友什67bb37aa,0.564,71.0,186.0,21.0,12.0,2000,1,3,-0.5727010274840783,2.4849066497880004
1620,木夭丑友什67bb37ab,0.564,147.0,523.0,44.0,95.0,1993,1,16,-0.5727010274840783,4.553876891600541
1621,木夭丑友什67bb37ba,0.261,732.0,1374.0,112.0,587.0,1990,6,87,-1.3432348716594436,6.375024819828097
1622,木夭丑友什67bb37bb,0.327,763.0,1401.0,124.0,611.0,1989,5,108,-1.1177951080848836,6.415096959171596
1623,木夭丑友什67bb38aa,0.362,309.0,772.0,90.0,223.0,1987,5,63,-1.016111067156366,5.407171771460119
1624,木夭丑友什67bb38ab,0.642,574.0,1310.0,148.0,205.0,1992,4,34,-0.44316697529217586,5.3230099791384085
1625,木夭丑友什67bb38ba,0.642,603.0,1505.0,203.0,236.0,1992,5,41,-0.44316697529217586,5.4638318050256105
1626,木夭丑友什67bb38bb,0.642,738.0,1423.0,119.0,646.0,1988,4,82,-0.44316697529217586,6.470799503782602
1627,木夭丑友什67bb39aa,1.628,204.0,485.0,45.0,228.0,1989,2,27,0.4873522675803485,5.429345628954441
1628,木夭丑友什67bb39ab,1.08,0.0,0.0,0.0,1.0,1978,0,6,0.0769610411361284,0.0
1631,木夭丑友什67bb40aa,1.469,0.0,0.0,0.0,18.0,2003,0,8,0.3845818971917403,2.8903717578961645
1632,木夭丑友什67bb40ab,1.469,0.0,0.0,0.0,4.0,2012,1,7,0.3845818971917403,1.3862943611198906
1633,木夭丑友什67bb40ba,1.805,10.0,10.0,0.0,14.0,2000,2,4,0.5905605917848442,2.6390573296152584
1634,木夭丑友什67bb40bb,1.793,66.0,254.0,72.0,49.0,2015,0,3,0.5838901946229957,3.8918202981106265
1635,木夭丑友什67bb41aa,1.793,81.0,262.0,68.0,16.0,2015,0,1,0.5838901946229957,2.772588722239781
1636,木夭丑友什67bb41ab,1.083,48.0,194.0,58.0,4.0,2016,0,0,0.07973496801885352,1.3862943611198906
1637,木夭丑友什67bb41ba,1.083,533.0,1079.0,209.0,7.0,2017,0,0,0.07973496801885352,1.9459101490553132
1640,木夭丑友什68aa29ba,2.043,78.0,216.0,25.0,30.0,1997,1,11,0.7144193158354851,3.4011973816621555
1641,木夭丑友什68aa29bb,1.362,83.0,234.0,30.0,29.0,1998,0,6,0.3089542077273207,3.367295829986474
1642,木夭丑友什68aa30aa,1.75,430.0,1033.0,160.0,27.0,1993,1,0,0.5596157879354227,3.295836866004329
1643,木夭丑友什68aa30ab,1.75,148.0,358.0,48.0,13.0,1995,2,0,0.5596157879354227,2.5649493574615367
1644,木夭丑友什68aa30ba,1.75,72.0,294.0,73.0,23.0,1997,2,0,0.5596157879354227,3.1354942159291497
1645,木夭丑友什68aa30bb,1.937,172.0,640.0,113.0,73.0,1997,5,31,0.6611403844248589,4.290459441148391
1646,木夭丑友什68aa31aa,1.937,72.0,245.0,45.0,41.0,1998,2,11,0.6611403844248589,3.713572066704308
1648,木夭丑友什68aa31ba,2.295,35.0,94.0,20.0,13.0,2003,0,1,0.8307328435125084,2.5649493574615367
1649,木夭丑友什68aa31bb,2.295,33.0,107.0,28.0,13.0,2007,0,3,0.8307328435125084,2.5649493574615367
1658,木夭丑友什68aa34aa,1.844,37.0,155.0,25.0,20.0,2000,1,4,0.6119371251344021,2.995732273553991
1659,木夭丑友什68aa34ab,1.844,673.0,756.0,36.0,33.0,2003,1,13,0.6119371251344021,3.4965075614664802
1660,木夭丑友什68aa34ba,1.844,285.0,849.0,163.0,49.0,1995,0,0,0.6119371251344021,3.8918202981106265
1661,木夭丑友什68aa34bb,1.119,188.0,609.0,105.0,44.0,1995,0,0,0.11243542932978817,3.784189633918261
1662,木夭丑友什68aa35aa,1.576,171.0,527.0,89.0,12.0,1993,5,0,0.4548899914356874,2.4849066497880004
1668,木夭丑友什68aa36ba,1.462,315.0,803.0,119.0,51.0,1991,0,9,0.37980536132758674,3.9318256327243257
1669,木夭丑友什68aa36bb,1.462,172.0,423.0,94.0,17.0,1992,1,2,0.37980536132758674,2.833213344056216
1670,木夭丑友什68aa37aa,0.564,238.0,540.0,67.0,85.0,1991,1,21,-0.5727010274840783,4.442651256490317
1671,木夭丑友什68aa37ab,0.564,428.0,1950.0,280.0,114.0,1995,1,21,-0.5727010274840783,4.736198448394496
1672,木夭丑友什68aa37ba,0.387,296.0,751.0,76.0,177.0,1991,3,43,-0.9493305859523552,5.176149732573829
1673,木夭丑友什68aa37bb,0.387,629.0,1344.0,121.0,561.0,1989,6,109,-0.9493305859523552,6.329720905522696
1674,木夭丑友什68aa38aa,0.362,656.0,1286.0,131.0,534.0,1988,5,196,-1.016111067156366,6.280395838960195
1675,木夭丑友什68aa38ab,0.642,158.0,381.0,48.0,83.0,1991,5,14,-0.44316697529217586,4.418840607796598
1676,木夭丑友什68aa38ba,0.642,526.0,1300.0,204.0,183.0,1993,6,41,-0.44316697529217586,5.209486152841421
1677,木夭丑友什68aa38bb,0.642,591.0,1244.0,146.0,531.0,1988,8,82,-0.44316697529217586,6.274762021241939
1678,木夭丑友什68aa39aa,0.827,451.0,1039.0,93.0,436.0,1989,6,88,-0.1899505839584458,6.077642243349034
1682,木夭丑友什68aa40aa,1.469,28.0,27.0,0.0,14.0,2004,0,3,0.3845818971917403,2.6390573296152584
1683,木夭丑友什68aa40ab,1.42,0.0,0.0,0.0,7.0,2001,1,4,0.35065687161316933,1.9459101490553132
1684,木夭丑友什68aa40ba,1.805,32.0,526.0,28.0,12.0,2016,0,1,0.5905605917848442,2.4849066497880004
1685,木夭丑友什68aa40bb,1.899,167.0,766.0,214.0,98.0,2015,0,2,0.6413274318301488,4.584967478670572
1686,木夭丑友什68aa41aa,1.899,66.0,278.0,79.0,38.0,2016,0,0,0.6413274318301488,3.6375861597263857
1687,木夭丑友什68aa41ab,1.899,149.0,782.0,268.0,20.0,2016,0,0,0.6413274318301488,2.995732273553991
1688,木夭丑友什68aa41ba,1.255,204.0,1163.0,495.0,36.0,2017,0,0,0.22713557258374711,3.58351893845611
1692,木夭丑友什68ab29ba,2.043,76.0,236.0,25.0,35.0,1997,2,13,0.7144193158354851,3.5553480614894135
1693,木夭丑友什68ab29bb,2.342,276.0,932.0,123.0,140.0,1997,4,21,0.8510052651755257,4.941642422609304
1694,木夭丑友什68ab30aa,1.75,249.0,480.0,63.0,19.0,1998,2,0,0.5596157879354227,2.9444389791664403
1695,木夭丑友什68ab30ab,1.75,381.0,986.0,231.0,9.0,1993,2,0,0.5596157879354227,2.1972245773362196
1696,木夭丑友什68ab30ba,1.75,156.0,546.0,98.0,48.0,1995,4,3,0.5596157879354227,3.871201010907891
1697,木夭丑友什68ab30bb,1.937,74.0,245.0,24.0,40.0,1997,1,14,0.6611403844248589,3.6888794541139363
1698,木夭丑友什68ab31aa,1.937,9.0,19.0,0.0,3.0,2002,0,1,0.6611403844248589,1.0986122886681098
1700,木夭丑友什68ab31ba,2.295,0.0,0.0,0.0,4.0,2004,0,0,0.8307328435125084,1.3862943611198906
1710,木夭丑友什68ab34aa,1.844,57.0,174.0,56.0,8.0,2000,1,1,0.6119371251344021,2.0794415416798357
1711,木夭丑友什68ab34ab,1.844,433.0,838.0,134.0,17.0,1995,1,0,0.6119371251344021,2.833213344056216
1712,木夭丑友什68ab34ba,1.844,113.0,529.0,130.0,12.0,2003,1,0,0.6119371251344021,2.4849066497880004
1713,木夭丑友什68ab34bb,1.425,185.0,898.0,184.0,12.0,1995,0,0,0.3541718137206139,2.4849066497880004
1714,木夭丑友什68ab35aa,1.441,153.0,449.0,76.0,9.0,1994,0,0,0.3653373170173851,2.1972245773362196
1719,木夭丑友什68ab36ab,1.462,0.0,0.0,0.0,3.0,1994,0,3,0.37980536132758674,1.0986122886681098
1720,木夭丑友什68ab36ba,1.462,150.0,343.0,51.0,57.0,1994,5,37,0.37980536132758674,4.04305126783455
1721,木夭丑友什68ab36bb,1.462,0.0,0.0,0.0,7.0,1992,2,1,0.37980536132758674,1.9459101490553132
1722,木夭丑友什68ab37aa,0.947,238.0,507.0,57.0,98.0,1990,3,23,-0.054456185796058855,4.584967478670572
1723,木夭丑友什68ab37ab,0.564,414.0,1077.0,177.0,170.0,1992,4,36,-0.5727010274840783,5.135798437050262
1724,木夭丑友什68ab37ba,0.837,214.0,517.0,97.0,93.0,1991,2,33,-0.17793120849266178,4.532599493153256
1725,木夭丑友什68ab37bb,0.837,517.0,954.0,66.0,380.0,1989,3,110,-0.17793120849266178,5.940171252720432
1726,木夭丑友什68ab38aa,0.837,717.0,1573.0,228.0,489.0,1989,7,148,-0.17793120849266178,6.192362489474872
1727,木夭丑友什68ab38ab,0.624,304.0,968.0,197.0,116.0,1989,4,31,-0.47160491061270937,4.7535901911063645
1728,木夭丑友什68ab38ba,0.624,562.0,1391.0,232.0,199.0,1988,6,52,-0.47160491061270937,5.293304824724492
1729,木夭丑友什68ab38bb,0.376,500.0,1110.0,145.0,269.0,1990,7,51,-0.9781661355922425,5.594711379601839
1730,木夭丑友什68ab39aa,0.827,67.0,135.0,6.0,63.0,1991,1,18,-0.1899505839584458,4.143134726391533
1735,木夭丑友什68ab40ab,1.42,0.0,0.0,0.0,12.0,2008,2,4,0.35065687161316933,2.4849066497880004
1736,木夭丑友什68ab40ba,1.805,52.0,501.0,41.0,3.0,2016,0,0,0.5905605917848442,1.0986122886681098
1737,木夭丑友什68ab40bb,1.899,81.0,465.0,168.0,26.0,2017,0,0,0.6413274318301488,3.258096538021482
1738,木夭丑友什68ab41aa,1.899,35.0,175.0,55.0,8.0,2017,0,0,0.6413274318301488,2.0794415416798357
1739,木夭丑友什68ab41ab,1.899,316.0,984.0,262.0,61.0,2016,0,0,0.6413274318301488,4.110873864173311
1740,木夭丑友什68ab41ba,0.518,40.0,250.0,50.0,7.0,2016,0,0,-0.657780036722654,1.9459101490553132
1745,木夭丑友什68ba29bb,2.342,109.0,410.0,47.0,60.0,1998,3,12,0.8510052651755257,4.0943445622221
1746,木夭丑友什68ba30aa,2.342,281.0,779.0,130.0,109.0,1997,6,28,0.8510052651755257,4.6913478822291435
1747,木夭丑友什68ba30ab,2.342,147.0,505.0,110.0,44.0,1996,3,6,0.8510052651755257,3.784189633918261
1748,木夭丑友什68ba30ba,1.977,90.0,313.0,43.0,46.0,1998,1,6,0.6815805441884799,3.828641396489095
1749,木夭丑友什68ba30bb,1.977,119.0,350.0,55.0,54.0,1997,2,4,0.6815805441884799,3.9889840465642745
1762,木夭丑友什68ba34aa,1.844,146.0,392.0,78.0,17.0,1994,2,16,0.6119371251344021,2.833213344056216
1763,木夭丑友什68ba34ab,1.844,192.0,570.0,109.0,37.0,1997,2,0,0.6119371251344021,3.6109179126442243
1764,木夭丑友什68ba34ba,1.844,33.0,44.0,9.0,8.0,1998,0,0,0.6119371251344021,2.0794415416798357
1765,木夭丑友什68ba34bb,2.309,234.0,611.0,102.0,11.0,2003,1,0,0.8368145303723584,2.3978952727983707
1766,木夭丑友什68ba35aa,1.441,32.0,150.0,53.0,2.0,2010,0,0,0.3653373170173851,0.6931471805599453
1771,木夭丑友什68ba36ab,1.643,66.0,188.0,28.0,31.0,1996,0,12,0.49652383905513103,3.4339872044851463
1772,木夭丑友什68ba36ba,1.643,130.0,322.0,51.0,78.0,1994,1,19,0.49652383905513103,4.356708826689592
1773,木夭丑友什68ba36bb,1.104,234.0,766.0,200.0,49.0,1996,1,13,0.09893994785490365,3.8918202981106265
1775,木夭丑友什68ba37ab,0.803,73.0,167.0,24.0,14.0,1998,0,4,-0.21940056503537533,2.6390573296152584
1776,木夭丑友什68ba37ba,1.139,342.0,814.0,137.0,165.0,1990,5,82,0.1301506844650451,5.10594547390058
1777,木夭丑友什68ba37bb,1.139,42.0,84.0,0.0,195.0,1987,4,37,0.1301506844650451,5.272999558563747
1778,木夭丑友什68ba38aa,1.139,530.0,1019.0,85.0,459.0,1986,4,64,0.1301506844650451,6.129050210060545
1779,木夭丑友什68ba38ab,0.75,751.0,1435.0,128.0,566.0,1988,8,92,-0.2876820724517809,6.338594078203183
1780,木夭丑友什68ba38ba,0.75,141.0,390.0,72.0,67.0,1993,3,40,-0.2876820724517809,4.204692619390966
1781,木夭丑友什68ba38bb,0.75,344.0,950.0,177.0,96.0,1994,5,63,-0.2876820724517809,4.564348191467836
1782,木夭丑友什68ba39aa,0.37,49.0,151.0,41.0,9.0,1997,2,5,-0.9942522733438669,2.1972245773362196
1783,木夭丑友什68ba39ab,1.149,525.0,1888.0,472.0,22.0,2020,0,0,0.13889199886661865,3.091042453358316
1784,木夭丑友什68ba39ba,1.299,142.0,556.0,154.0,3.0,2020,0,0,0.2615947376884624,1.0986122886681098
1786,木夭丑友什68ba40aa,1.32,13.0,28.0,13.0,13.0,2002,0,9,0.27763173659827955,2.5649493574615367
1787,木夭丑友什68ba40ab,1.32,223.0,681.0,148.0,26.0,2019,0,0,0.27763173659827955,3.258096538021482
1788,木夭丑友什68ba40ba,1.32,203.0,647.0,150.0,32.0,2015,0,0,0.27763173659827955,3.4657359027997265
1789,木夭丑友什68ba40bb,1.899,237.0,1528.0,638.0,13.0,2015,0,0,0.6413274318301488,2.5649493574615367
1790,木夭丑友什68ba41aa,1.899,57.0,382.0,170.0,4.0,2015,0,1,0.6413274318301488,1.3862943611198906
1791,木夭丑友什68ba41ab,1.899,491.0,984.0,90.0,10.0,2015,0,0,0.6413274318301488,2.302585092994046
1792,木夭丑友什68ba41ba,0.518,923.0,1582.0,113.0,10.0,2016,0,0,-0.657780036722654,2.302585092994046
1797,木夭丑友什68bb30aa,2.342,41.0,157.0,13.0,28.0,1997,2,7,0.8510052651755257,3.332204510175204
1798,木夭丑友什68bb30ab,3.045,77.0,204.0,20.0,12.0,1995,0,0,1.1135009011618604,2.4849066497880004
1803,木夭丑友什68bb31ba,2.315,0.0,0.0,0.0,9.0,1996,0,2,0.8394096875381973,2.1972245773362196
1804,木夭丑友什68bb31bb,3.28,29.0,104.0,21.0,20.0,2012,0,3,1.1878434223960523,2.995732273553991
1813,木夭丑友什68bb34aa,2.013,130.0,473.0,131.0,22.0,1995,1,0,0.6996261466576544,3.091042453358316
1814,木夭丑友什68bb34ab,2.013,197.0,560.0,106.0,27.0,1994,2,0,0.6996261466576544,3.295836866004329
1815,木夭丑友什68bb34ba,2.013,12.0,18.0,0.0,8.0,1994,0,0,0.6996261466576544,2.0794415416798357
1816,木夭丑友什68bb34bb,2.309,158.0,453.0,123.0,7.0,2004,0,0,0.8368145303723584,1.9459101490553132
1817,木夭丑友什68bb35aa,1.441,182.0,797.0,226.0,53.0,2009,1,0,0.3653373170173851,3.970291913552122
1822,木夭丑友什68bb36ab,1.643,108.0,260.0,28.0,31.0,1998,1,14,0.49652383905513103,3.4339872044851463
1823,木夭丑友什68bb36ba,1.643,298.0,696.0,104.0,87.0,1994,5,22,0.49652383905513103,4.465908118654584
1824,木夭丑友什68bb36bb,1.104,254.0,480.0,51.0,117.0,1989,3,22,0.09893994785490365,4.762173934797756
1826,木夭丑友什68bb37ab,2.016,212.0,747.0,217.0,36.0,2000,0,2,0.7011153502091222,3.58351893845611
1827,木夭丑友什68bb37ba,1.383,142.0,590.0,182.0,14.0,2013,4,71,0.32425505268262117,2.6390573296152584
1828,木夭丑友什68bb37bb,1.383,13.0,22.0,0.0,213.0,1988,2,83,0.32425505268262117,5.3612921657094255
1829,木夭丑友什68bb38aa,1.383,271.0,754.0,80.0,185.0,1991,3,20,0.32425505268262117,5.220355825078324
1830,木夭丑友什68bb38ab,1.027,611.0,1242.0,128.0,308.0,1989,3,47,0.026641930946421092,5.730099782973574
1831,木夭丑友什68bb38ba,0.75,36.0,83.0,16.0,3.0,2001,3,57,-0.2876820724517809,1.0986122886681098
1833,木夭丑友什68bb39aa,0.458,269.0,871.0,192.0,27.0,2000,1,45,-0.780886094867952,3.295836866004329
1834,木夭丑友什68bb39ab,0.458,563.0,2019.0,531.0,14.0,2020,0,0,-0.780886094867952,2.6390573296152584
1835,木夭丑友什68bb39ba,1.299,212.0,692.0,166.0,6.0,2020,0,0,0.2615947376884624,1.791759469228055
1838,木夭丑友什68bb40ab,1.32,22.0,76.0,16.0,1.0,2019,0,0,0.27763173659827955,0.0
1839,木夭丑友什68bb40ba,1.32,26.0,140.0,40.0,60.0,2017,0,0,0.27763173659827955,4.0943445622221
1840,木夭丑友什68bb40bb,0.453,105.0,903.0,476.0,58.0,2017,0,0,-0.791863153499103,4.060443010546419
1841,木夭丑友什68bb41aa,0.453,53.0,404.0,182.0,31.0,2016,0,0,-0.791863153499103,3.4339872044851463
1845,木夭丑友什69aa29ab,3.73,0.0,0.0,0.0,1.0,1993,0,0,1.3164082336557241,0.0
1851,木夭丑友什69aa30bb,2.788,0.0,0.0,0.0,1.0,1970,0,0,1.0253244928982774,0.0
1853,木夭丑友什69aa31ab,2.678,0.0,0.0,0.0,7.0,1999,1,0,0.9850702472689807,1.9459101490553132
1854,木夭丑友什69aa31ba,2.678,56.0,143.0,42.0,54.0,1999,5,8,0.9850702472689807,3.9889840465642745
1855,木夭丑友什69aa31bb,3.37,0.0,0.0,0.0,2.0,2007,0,0,1.2149127443642704,0.6931471805599453
1856,木夭丑友什69aa32aa,3.37,0.0,57.0,30.0,14.0,2023,0,0,1.2149127443642704,2.6390573296152584
1857,木夭丑友什69aa32ab,3.37,13.0,145.0,54.0,14.0,2023,0,0,1.2149127443642704,2.6390573296152584
1863,木夭丑友什69aa33bb,3.524,0.0,7.0,0.0,6.0,1994,0,0,1.259596708073933,1.791759469228055
1864,木夭丑友什69aa34aa,2.715,0.0,17.0,0.0,13.0,2005,0,0,0.9987919533858987,2.5649493574615367
1865,木夭丑友什69aa34ab,2.715,102.0,269.0,46.0,20.0,1994,0,0,0.9987919533858987,2.995732273553991
1866,木夭丑友什69aa34ba,2.715,16.0,34.0,0.0,1.0,1994,0,0,0.9987919533858987,0.0
1867,木夭丑友什69aa34bb,2.309,246.0,503.0,43.0,4.0,2008,0,0,0.8368145303723584,1.3862943611198906
1868,木夭丑友什69aa35aa,0.249,135.0,377.0,47.0,50.0,2009,5,0,-1.3903023825174294,3.912023005428146
1869,木夭丑友什69aa35ab,0.249,66.0,244.0,45.0,47.0,2009,2,0,-1.3903023825174294,3.8501476017100584
1870,木夭丑友什69aa35ba,0.249,0.0,0.0,0.0,5.0,2012,1,0,-1.3903023825174294,1.6094379124341003
1873,木夭丑友什69aa36ab,1.643,56.0,90.0,12.0,9.0,1996,1,5,0.49652383905513103,2.1972245773362196
1874,木夭丑友什69aa36ba,1.643,704.0,1915.0,403.0,73.0,1994,3,15,0.49652383905513103,4.290459441148391
1875,木夭丑友什69aa36bb,1.104,188.0,453.0,82.0,78.0,1993,3,18,0.09893994785490365,4.356708826689592
1876,木夭丑友什69aa37aa,0.929,222.0,700.0,181.0,21.0,1998,1,8,-0.07364654016829848,3.044522437723423
1877,木夭丑友什69aa37ab,2.016,26.0,101.0,29.0,1.0,2012,1,6,0.7011153502091222,0.0
1878,木夭丑友什69aa37ba,1.383,73.0,341.0,114.0,17.0,2012,1,9,0.32425505268262117,2.833213344056216
1879,木夭丑友什69aa37bb,1.338,0.0,0.0,0.0,8.0,1992,3,57,0.29117596170603677,2.0794415416798357
1880,木夭丑友什69aa38aa,1.338,88.0,228.0,39.0,202.0,1989,5,46,0.29117596170603677,5.308267697401205
1881,木夭丑友什69aa38ab,1.338,804.0,1891.0,316.0,37.0,1991,0,7,0.29117596170603677,3.6109179126442243
1882,木夭丑友什69aa38ba,0.515,155.0,391.0,74.0,7.0,1991,2,0,-0.6635883783184009,1.9459101490553132
1884,木夭丑友什69aa39aa,0.854,60.0,88.0,9.0,34.0,1990,7,29,-0.15782408519356722,3.5263605246161616
1885,木夭丑友什69aa39ab,0.854,29.0,87.0,10.0,390.0,1989,6,58,-0.15782408519356722,5.966146739123692
1886,木夭丑友什69aa39ba,0.587,19.0,47.0,0.0,398.0,1987,5,56,-0.5327304591540407,5.986452005284438
1887,木夭丑友什69aa39bb,2.285,0.0,0.0,0.0,58.0,1986,0,7,0.8263660243461681,4.060443010546419
1890,木夭丑友什69aa40ba,1.32,0.0,15.0,0.0,5.0,2018,0,0,0.27763173659827955,1.6094379124341003
1891,木夭丑友什69aa40bb,0.453,85.0,303.0,98.0,30.0,2017,0,0,-0.791863153499103,3.4011973816621555
1892,木夭丑友什69aa41aa,0.453,148.0,535.0,173.0,37.0,2015,0,0,-0.791863153499103,3.6109179126442243
1893,木夭丑友什69aa41ab,0.453,172.0,898.0,366.0,12.0,2016,0,0,-0.791863153499103,2.4849066497880004
1894,木夭丑友什69aa41ba,0.808,91.0,625.0,259.0,17.0,2016,0,0,-0.2131932204610416,2.833213344056216
1905,木夭丑友什69ab31bb,3.546,0.0,0.0,0.0,2.0,1919,0,52,1.2658202076520162,0.6931471805599453
1906,木夭丑友什69ab32aa,3.546,14.0,25.0,0.0,12.0,2008,0,3,1.2658202076520162,2.4849066497880004
1913,木夭丑友什69ab33bb,3.37,10.0,21.0,0.0,15.0,2004,0,2,1.2149127443642704,2.70805020110221
1914,木夭丑友什69ab34aa,3.37,164.0,415.0,69.0,11.0,1997,1,0,1.2149127443642704,2.3978952727983707
1917,木夭丑友什69ab34bb,2.704,10.0,132.0,56.0,8.0,2019,0,0,0.9947321581807177,2.0794415416798357
1918,木夭丑友什69ab35aa,0.249,234.0,718.0,220.0,30.0,2013,1,0,-1.3903023825174294,3.4011973816621555
1919,木夭丑友什69ab35ab,2.338,0.0,38.0,18.0,6.0,2008,3,0,0.8492958630498767,1.791759469228055
1924,木夭丑友什69ab36ba,1.933,182.0,503.0,94.0,6.0,1999,0,0,0.6590732002261939,1.791759469228055
1925,木夭丑友什69ab36bb,2.157,76.0,227.0,42.0,23.0,1999,1,6,0.7687183674070194,3.1354942159291497
1926,木夭丑友什69ab37aa,1.787,31.0,111.0,31.0,1.0,2007,0,1,0.580538236177291,0.0
1927,木夭丑友什69ab37ab,2.016,67.0,171.0,26.0,87.0,1988,2,18,0.7011153502091222,4.465908118654584
1928,木夭丑友什69ab37ba,1.383,239.0,464.0,56.0,438.0,1988,4,94,0.32425505268262117,6.082218910376446
1929,木夭丑友什69ab37bb,1.332,35.0,61.0,0.0,54.0,1987,4,19,0.28668157211819745,3.9889840465642745
1930,木夭丑友什69ab38aa,1.332,443.0,612.0,37.0,301.0,1985,5,86,0.28668157211819745,5.707110264748875
1931,木夭丑友什69ab38ab,1.332,238.0,506.0,72.0,55.0,1989,1,8,0.28668157211819745,4.007333185232471
1932,木夭丑友什69ab38ba,0.92,0.0,0.0,0.0,2.0,1985,0,1,-0.08338160893905101,0.6931471805599453
1933,木夭丑友什69ab38bb,0.854,78.0,195.0,45.0,25.0,1992,0,22,-0.15782408519356722,3.2188758248682006
1934,木夭丑友什69ab39aa,0.854,91.0,214.0,46.0,35.0,1990,2,9,-0.15782408519356722,3.5553480614894135
1935,木夭丑友什69ab39ab,0.854,0.0,8.0,0.0,240.0,1988,2,37,-0.15782408519356722,5.480638923341991
1936,木夭丑友什69ab39ba,0.203,630.0,1350.0,238.0,397.0,1992,4,69,-1.5945492999403497,5.983936280687191
1937,木夭丑友什69ab39bb,0.88,285.0,691.0,128.0,322.0,1991,3,48,-0.12783337150988489,5.7745515455444085
1938,木夭丑友什69ab40aa,1.067,0.0,0.0,0.0,1.0,2019,0,0,0.06485097231961627,0.0
1941,木夭丑友什69ab40bb,0.453,79.0,260.0,90.0,12.0,2017,0,0,-0.791863153499103,2.4849066497880004
1942,木夭丑友什69ab41aa,0.453,260.0,715.0,215.0,9.0,2015,0,0,-0.791863153499103,2.1972245773362196
1943,木夭丑友什69ab41ab,0.761,229.0,1079.0,414.0,20.0,2015,0,0,-0.2731219211204512,2.995732273553991
1944,木夭丑友什69ab41ba,0.915,130.0,720.0,263.0,17.0,2016,0,0,-0.0888312137066157,2.833213344056216
1947,木夭丑友什69ba30ab,5.537,0.0,0.0,0.0,2.0,1960,0,0,1.71145283784083,0.6931471805599453
1954,木夭丑友什69ba32aa,3.546,0.0,26.0,12.0,1.0,1983,0,0,1.2658202076520162,0.0
1961,木夭丑友什69ba33bb,3.37,20.0,71.0,13.0,11.0,2001,1,13,1.2149127443642704,2.3978952727983707
1962,木夭丑友什69ba34aa,3.37,0.0,11.0,0.0,11.0,2004,1,4,1.2149127443642704,2.3978952727983707
1966,木夭丑友什69ba35aa,0.682,286.0,840.0,178.0,32.0,2013,2,0,-0.38272562113867487,3.4657359027997265
1967,木夭丑友什69ba35ab,2.338,192.0,669.0,215.0,7.0,2010,0,0,0.8492958630498767,1.9459101490553132
1968,木夭丑友什69ba35ba,3.156,0.0,9.0,0.0,6.0,2003,0,8,1.1493054029836278,1.791759469228055
1969,木夭丑友什69ba35bb,3.232,0.0,0.0,0.0,5.0,2004,0,3,1.173101140658849,1.6094379124341003
1973,木夭丑友什69ba36bb,2.157,8.0,11.0,0.0,5.0,1994,1,3,0.7687183674070194,1.6094379124341003
1974,木夭丑友什69ba37aa,0.925,428.0,1312.0,238.0,114.0,1990,1,30,-0.0779615414697118,4.736198448394496
1975,木夭丑友什69ba37ab,0.925,372.0,691.0,95.0,566.0,1987,5,91,-0.0779615414697118,6.338594078203183
1976,木夭丑友什69ba37ba,1.307,288.0,468.0,46.0,449.0,1987,3,78,0.26773443464208485,6.1070228877422545
1977,木夭丑友什69ba37bb,1.332,320.0,590.0,54.0,372.0,1988,2,79,0.28668157211819745,5.918893854273146
1978,木夭丑友什69ba38aa,1.332,773.0,1539.0,185.0,343.0,1991,6,76,0.28668157211819745,5.8377304471659395
1979,木夭丑友什69ba38ab,1.332,297.0,504.0,85.0,121.0,1989,3,24,0.28668157211819745,4.795790545596741
1980,木夭丑友什69ba38ba,0.92,292.0,614.0,85.0,77.0,1993,1,20,-0.08338160893905101,4.343805421853684
1981,木夭丑友什69ba38bb,0.293,525.0,1263.0,224.0,109.0,1998,5,32,-1.2275826699650698,4.6913478822291435
1982,木夭丑友什69ba39aa,0.293,576.0,1791.0,475.0,37.0,2008,0,3,-1.2275826699650698,3.6109179126442243
1983,木夭丑友什69ba39ab,0.854,140.0,486.0,125.0,9.0,2005,3,7,-0.15782408519356722,2.1972245773362196
1984,木夭丑友什69ba39ba,0.756,32.0,82.0,13.0,7.0,1996,1,1,-0.27971390280260405,1.9459101490553132
1985,木夭丑友什69ba39bb,0.939,228.0,582.0,58.0,84.0,1993,5,18,-0.0629397997738742,4.430816798843313
1986,木夭丑友什69ba40aa,0.939,170.0,438.0,53.0,64.0,1993,2,16,-0.0629397997738742,4.1588830833596715
1987,木夭丑友什69ba40ab,1.499,202.0,369.0,28.0,27.0,1995,1,0,0.4047982191204607,3.295836866004329
1988,木夭丑友什69ba40ba,0.899,0.0,0.0,0.0,1.0,2017,0,0,-0.10647224451051676,0.0
1990,木夭丑友什69ba41aa,1.235,112.0,262.0,68.0,3.0,2015,0,0,0.2110709700799406,1.0986122886681098
1991,木夭丑友什69ba41ab,1.235,147.0,428.0,119.0,4.0,2015,0,0,0.2110709700799406,1.3862943611198906
2005,木夭丑友什69bb33ba,3.37,7.0,28.0,0.0,3.0,1995,0,7,1.2149127443642704,1.0986122886681098
2007,木夭丑友什69bb34aa,3.37,7.0,13.0,0.0,16.0,2002,0,2,1.2149127443642704,2.772588722239781
2010,木夭丑友什69bb34bb,3.095,489.0,1001.0,168.0,24.0,2008,1,0,1.1297879061365594,3.1780538303479458
2011,木夭丑友什69bb35aa,1.556,147.0,478.0,126.0,29.0,2011,1,0,0.4421184257561999,3.367295829986474
2014,木夭丑友什69bb35bb,3.232,0.0,0.0,0.0,1.0,2004,0,0,1.173101140658849,0.0
2019,木夭丑友什69bb37aa,1.108,41.0,128.0,13.0,41.0,1990,1,9,0.10255658832509215,3.713572066704308
2020,木夭丑友什69bb37ab,1.108,546.0,1191.0,128.0,313.0,1989,6,83,0.10255658832509215,5.746203190540153
2021,木夭丑友什69bb37ba,0.415,429.0,1005.0,114.0,262.0,1990,4,66,-0.8794767587514388,5.568344503761097
2022,木夭丑友什69bb37bb,1.332,405.0,840.0,117.0,219.0,1988,5,41,0.28668157211819745,5.389071729816501
2023,木夭丑友什69bb38aa,1.332,433.0,1100.0,178.0,101.0,1996,3,24,0.28668157211819745,4.61512051684126
2024,木夭丑友什69bb38ab,1.332,170.0,346.0,43.0,54.0,1992,6,40,0.28668157211819745,3.9889840465642745
2025,木夭丑友什69bb38ba,0.92,839.0,1671.0,180.0,283.0,1993,3,70,-0.08338160893905101,5.645446897643238
2026,木夭丑友什69bb38bb,0.293,566.0,1223.0,138.0,272.0,1992,4,56,-1.2275826699650698,5.605802066295998
2027,木夭丑友什69bb39aa,0.679,332.0,812.0,131.0,164.0,1994,2,31,-0.3871341514234409,5.099866427824199
2028,木夭丑友什69bb39ab,0.51,117.0,283.0,38.0,57.0,1994,2,13,-0.6733445532637656,4.04305126783455
2029,木夭丑友什69bb39ba,0.51,257.0,461.0,56.0,121.0,1990,2,20,-0.6733445532637656,4.795790545596741
2030,木夭丑友什69bb39bb,0.51,424.0,1154.0,199.0,118.0,1993,4,27,-0.6733445532637656,4.770684624465665
2031,木夭丑友什69bb40aa,1.837,128.0,241.0,16.0,30.0,1993,0,4,0.6081338062329886,3.4011973816621555
2032,木夭丑友什69bb40ab,1.542,70.0,196.0,25.0,27.0,1995,1,5,0.4330802751411378,3.295836866004329
2048,木夭丑友什70aa33ba,4.239,0.0,0.0,0.0,1.0,2006,0,0,1.4443273923705,0.0
2049,木夭丑友什70aa33bb,4.239,0.0,0.0,0.0,3.0,2008,0,4,1.4443273923705,1.0986122886681098
2052,木夭丑友什70aa34ba,3.461,42.0,85.0,10.0,1.0,2008,0,0,1.241557564653207,0.0
2053,木夭丑友什70aa34bb,3.465,210.0,541.0,120.0,24.0,2008,1,0,1.2427126326418665,3.1780538303479458
2056,木夭丑友什70aa35ba,1.56,0.0,0.0,0.0,2.0,2004,0,2,0.44468582126144574,0.6931471805599453
2062,木夭丑友什70aa37aa,0.663,131.0,389.0,68.0,70.0,1993,2,20,-0.4109802887962745,4.248495242049359
2063,木夭丑友什70aa37ab,0.637,568.0,1473.0,242.0,253.0,1992,2,64,-0.45098562340997367,5.53338948872752
2064,木夭丑友什70aa37ba,0.637,585.0,1402.0,202.0,436.0,1989,5,93,-0.45098562340997367,6.077642243349034
2065,木夭丑友什70aa37bb,0.39,528.0,1313.0,187.0,314.0,1989,6,51,-0.941608539858445,5.749392985908253
2066,木夭丑友什70aa38aa,0.39,257.0,654.0,120.0,125.0,1991,8,59,-0.941608539858445,4.8283137373023015
2067,木夭丑友什70aa38ab,0.39,45.0,71.0,0.0,15.0,1994,3,90,-0.941608539858445,2.70805020110221
2068,木夭丑友什70aa38ba,0.427,580.0,1303.0,161.0,236.0,1991,4,51,-0.8509712657535126,5.4638318050256105
2069,木夭丑友什70aa38bb,0.672,388.0,964.0,117.0,154.0,1990,6,40,-0.3974969384589874,5.0369526024136295
2070,木夭丑友什70aa39aa,0.49,577.0,1454.0,220.0,132.0,1989,2,22,-0.7133498878774648,4.882801922586371
2071,木夭丑友什70aa39ab,0.49,423.0,1014.0,165.0,136.0,1991,3,43,-0.7133498878774648,4.912654885736052
2072,木夭丑友什70aa39ba,0.49,490.0,1053.0,108.0,172.0,1992,5,39,-0.7133498878774648,5.147494476813453
2073,木夭丑友什70aa39bb,0.51,687.0,1555.0,236.0,242.0,1993,5,41,-0.6733445532637656,5.488937726156687
2074,木夭丑友什70aa40aa,0.517,283.0,693.0,113.0,102.0,1991,4,25,-0.6597124044737079,4.624972813284271
2075,木夭丑友什70aa40ab,1.837,0.0,0.0,0.0,1.0,1999,0,0,0.6081338062329886,0.0
2089,木夭丑友什70ab33ab,5.322,0.0,0.0,0.0,3.0,2019,0,0,1.6718491725554974,1.0986122886681098
2094,木夭丑友什70ab34ba,1.349,232.0,597.0,111.0,6.0,2008,0,0,0.2993635772256188,1.791759469228055
2095,木夭丑友什70ab34bb,3.465,115.0,239.0,25.0,2.0,2008,0,0,1.2427126326418665,0.6931471805599453
2099,木夭丑友什70ab35bb,1.28,0.0,0.0,0.0,5.0,2005,0,0,0.2468600779315258,1.6094379124341003
2104,木夭丑友什70ab37aa,0.514,145.0,384.0,61.0,92.0,1991,2,18,-0.6655320135269719,4.5217885770490405
2105,木夭丑友什70ab37ab,0.637,370.0,1042.0,204.0,185.0,1992,3,44,-0.45098562340997367,5.220355825078324
2106,木夭丑友什70ab37ba,0.637,477.0,1256.0,215.0,402.0,1988,2,92,-0.45098562340997367,5.996452088619021
2107,木夭丑友什70ab37bb,0.345,535.0,1096.0,150.0,381.0,1987,6,76,-1.0642108619507773,5.942799375126701
2108,木夭丑友什70ab38aa,0.345,432.0,935.0,116.0,214.0,1991,6,53,-1.0642108619507773,5.365976015021851
2110,木夭丑友什70ab38ba,0.427,332.0,936.0,135.0,157.0,1994,9,60,-0.8509712657535126,5.056245805348308
2111,木夭丑友什70ab38bb,0.672,477.0,1220.0,176.0,192.0,1991,3,43,-0.3974969384589874,5.2574953720277815
2112,木夭丑友什70ab39aa,0.49,397.0,1002.0,158.0,169.0,1991,6,36,-0.7133498878774648,5.1298987149230735
2113,木夭丑友什70ab39ab,0.49,330.0,905.0,144.0,60.0,1994,2,7,-0.7133498878774648,4.0943445622221
2114,木夭丑友什70ab39ba,0.49,765.0,1820.0,251.0,164.0,1993,5,21,-0.7133498878774648,5.099866427824199
2115,木夭丑友什70ab39bb,0.502,493.0,1005.0,142.0,187.0,1993,2,32,-0.6891551592904078,5.231108616854587
2116,木夭丑友什70ab40aa,0.517,184.0,448.0,74.0,67.0,1996,2,11,-0.6597124044737079,4.204692619390966
2117,木夭丑友什70ab40ab,0.931,80.0,183.0,15.0,42.0,1992,2,12,-0.07149600170506992,3.7376696182833684
2135,木夭丑友什70ba34ba,10.051,132.0,179.0,10.0,6.0,1992,1,0,2.307672132042603,1.791759469228055
2136,木夭丑友什70ba34bb,3.465,0.0,0.0,0.0,1.0,1991,1,0,1.2427126326418665,0.0
2138,木夭丑友什70ba35ab,1.56,0.0,0.0,0.0,1.0,1998,0,0,0.44468582126144574,0.0
2140,木夭丑友什70ba35bb,3.016,0.0,0.0,0.0,14.0,2023,0,1,1.1039314501457096,2.6390573296152584
2144,木夭丑友什70ba36bb,0.944,0.0,0.0,0.0,10.0,1993,2,1,-0.057629112836636416,2.302585092994046
2145,木夭丑友什70ba37aa,0.944,0.0,0.0,0.0,8.0,1995,0,1,-0.057629112836636416,2.0794415416798357
2147,木夭丑友什70ba37ba,0.637,154.0,327.0,37.0,77.0,1987,3,16,-0.45098562340997367,4.343805421853684
2148,木夭丑友什70ba37bb,0.345,614.0,1378.0,284.0,125.0,1989,3,28,-1.0642108619507773,4.8283137373023015
2149,木夭丑友什70ba38aa,0.345,640.0,1186.0,197.0,190.0,1988,3,54,-1.0642108619507773,5.247024072160486
2150,木夭丑友什70ba38ab,0.345,68.0,173.0,28.0,3.0,1993,3,71,-1.0642108619507773,1.0986122886681098
2151,木夭丑友什70ba38ba,0.831,208.0,521.0,65.0,105.0,1992,3,26,-0.18512548412668892,4.653960350157523
2152,木夭丑友什70ba38bb,0.672,34.0,95.0,17.0,18.0,1989,0,2,-0.3974969384589874,2.8903717578961645
2153,木夭丑友什70ba39aa,0.49,540.0,1315.0,177.0,276.0,1993,5,45,-0.7133498878774648,5.62040086571715
2154,木夭丑友什70ba39ab,0.49,308.0,888.0,130.0,124.0,1994,7,29,-0.7133498878774648,4.820281565605037
2155,木夭丑友什70ba39ba,0.49,444.0,1140.0,139.0,154.0,1993,1,16,-0.7133498878774648,5.0369526024136295
2156,木夭丑友什70ba39bb,0.502,499.0,1145.0,186.0,119.0,1992,3,20,-0.6891551592904078,4.77912349311153
2157,木夭丑友什70ba40aa,1.106,589.0,1163.0,154.0,136.0,1993,4,39,0.10074990310014315,4.912654885736052
2158,木夭丑友什70ba40ab,1.106,339.0,748.0,85.0,140.0,1991,3,26,0.10074990310014315,4.941642422609304
2159,木夭丑友什70ba40ba,1.282,165.0,422.0,75.0,30.0,1993,0,3,0.24842135849847832,3.4011973816621555
2174,木夭丑友什70bb34ba,10.051,0.0,0.0,0.0,1.0,1999,0,0,2.307672132042603,0.0
2180,木夭丑友什70bb36aa,2.303,18.0,22.0,0.0,4.0,2002,0,2,0.8342126208385481,1.3862943611198906
2184,木夭丑友什70bb37aa,0.944,0.0,0.0,0.0,18.0,1982,1,0,-0.057629112836636416,2.8903717578961645
2185,木夭丑友什70bb37ab,0.944,0.0,0.0,0.0,9.0,2006,0,4,-0.057629112836636416,2.1972245773362196
2186,木夭丑友什70bb37ba,0.914,0.0,0.0,0.0,1.0,2010,0,0,-0.08992470752798701,0.0
2187,木夭丑友什70bb37bb,0.345,410.0,931.0,166.0,9.0,2002,1,0,-1.0642108619507773,2.1972245773362196
2188,木夭丑友什70bb38aa,0.345,260.0,600.0,113.0,8.0,1996,1,1,-1.0642108619507773,2.0794415416798357
2189,木夭丑友什70bb38ab,0.345,350.0,894.0,175.0,10.0,1994,0,0,-1.0642108619507773,2.302585092994046
2190,木夭丑友什70bb38ba,0.358,30.0,112.0,23.0,9.0,1998,1,5,-1.0272222925814367,2.1972245773362196
2191,木夭丑友什70bb38bb,1.578,111.0,601.0,61.0,15.0,1998,2,20,0.45615822242368254,2.70805020110221
2192,木夭丑友什70bb39aa,0.587,102.0,306.0,55.0,18.0,1994,2,6,-0.5327304591540407,2.8903717578961645
2193,木夭丑友什70bb39ab,0.502,358.0,1006.0,166.0,167.0,1992,5,36,-0.6891551592904078,5.117993812416755
2194,木夭丑友什70bb39ba,0.502,203.0,468.0,54.0,64.0,1994,1,20,-0.6891551592904078,4.1588830833596715
2195,木夭丑友什70bb39bb,0.502,439.0,1230.0,169.0,81.0,1992,2,7,-0.6891551592904078,4.394449154672439
2196,木夭丑友什70bb40aa,1.357,332.0,1027.0,191.0,12.0,1988,2,9,0.30527638085273207,2.4849066497880004
2197,木夭丑友什70bb40ab,1.357,486.0,1062.0,157.0,140.0,1994,1,25,0.30527638085273207,4.941642422609304
2198,木夭丑友什70bb40ba,1.357,34.0,57.0,0.0,5.0,1995,0,0,0.30527638085273207,1.6094379124341003
2215,木夭丑友什71aa35bb,4.253,8.0,19.0,0.0,9.0,2001,0,3,1.4476246162714965,2.1972245773362196
2216,木夭丑友什71aa36aa,4.005,44.0,102.0,23.0,25.0,2003,1,14,1.3875435805203225,3.2188758248682006
2219,木夭丑友什71aa36bb,0.944,0.0,0.0,0.0,9.0,2000,0,4,-0.057629112836636416,2.1972245773362196
2220,木夭丑友什71aa37aa,0.944,6.0,20.0,0.0,20.0,2002,0,0,-0.057629112836636416,2.995732273553991
2221,木夭丑友什71aa37ab,0.944,0.0,0.0,0.0,5.0,1990,0,0,-0.057629112836636416,1.6094379124341003
2223,木夭丑友什71aa37bb,0.994,0.0,25.0,0.0,20.0,2002,0,3,-0.006018072325563021,2.995732273553991
2224,木夭丑友什71aa38aa,0.994,0.0,11.0,0.0,3.0,1989,0,9,-0.006018072325563021,1.0986122886681098
2227,木夭丑友什71aa38bb,1.189,131.0,422.0,97.0,2.0,2006,1,11,0.17311261770864483,0.6931471805599453
2228,木夭丑友什71aa39aa,1.621,305.0,1059.0,287.0,16.0,2006,0,0,0.48304324275353905,2.772588722239781
2249,木夭丑友什71ab36aa,4.005,62.0,109.0,13.0,30.0,2010,1,13,1.3875435805203225,3.4011973816621555
2252,木夭丑友什71ab36bb,1.93,0.0,0.0,0.0,11.0,1997,0,0,0.6575200029167941,2.3978952727983707
2253,木夭丑友什71ab37aa,1.087,0.0,0.0,0.0,26.0,1980,0,1,0.08342160813907236,3.258096538021482
2255,木夭丑友什71ab37ba,0.994,0.0,0.0,0.0,21.0,1993,0,1,-0.006018072325563021,3.044522437723423
2256,木夭丑友什71ab37bb,0.994,0.0,0.0,0.0,7.0,1996,0,0,-0.006018072325563021,1.9459101490553132
2257,木夭丑友什71ab38aa,0.994,0.0,0.0,0.0,8.0,1998,0,1,-0.006018072325563021,2.0794415416798357
2258,木夭丑友什71ab38ab,0.358,0.0,0.0,0.0,3.0,1987,0,0,-1.0272222925814367,1.0986122886681098
2269,木夭丑友什71ab41aa,2.241,0.0,0.0,0.0,2.0,1997,0,0,0.80692219481879,0.6931471805599453
2276,木夭丑友什71ba36aa,4.005,12.0,20.0,0.0,14.0,2004,0,4,1.3875435805203225,2.6390573296152584
2279,木夭丑友什71ba36bb,1.93,0.0,0.0,0.0,8.0,2000,0,0,0.6575200029167941,2.0794415416798357
2280,木夭丑友什71ba37aa,2.254,0.0,0.0,0.0,15.0,1984,0,1,0.8127064156175846,2.70805020110221
2281,木夭丑友什71ba37ab,0.953,234.0,505.0,75.0,60.0,2000,4,25,-0.048140375327934984,4.0943445622221
2282,木夭丑友什71ba37ba,0.994,0.0,0.0,0.0,11.0,1993,0,0,-0.006018072325563021,2.3978952727983707
2283,木夭丑友什71ba37bb,0.994,199.0,615.0,74.0,22.0,1989,0,1,-0.006018072325563021,3.091042453358316
2284,木夭丑友什71ba38aa,0.994,364.0,846.0,152.0,24.0,1996,0,10,-0.006018072325563021,3.1780538303479458
2285,木夭丑友什71ba38ab,1.668,42.0,103.0,8.0,27.0,2003,2,10,0.5116253039365549,3.295836866004329
2286,木夭丑友什71ba38ba,1.387,73.0,147.0,16.0,16.0,2001,0,5,0.32714314133269456,2.772588722239781
2295,木夭丑友什71ba40bb,1.882,0.0,0.0,0.0,1.0,1967,0,0,0.6323350411631878,0.0
2309,木夭丑友什71bb37ab,1.959,80.0,132.0,11.0,21.0,1999,0,10,0.6724341389624038,3.044522437723423
2310,木夭丑友什71bb37ba,2.05,0.0,0.0,0.0,1.0,2002,0,0,0.7178397931503168,0.0
2312,木夭丑友什71bb38aa,2.05,82.0,230.0,54.0,4.0,2002,2,3,0.7178397931503168,1.3862943611198906
2313,木夭丑友什71bb38ab,1.668,51.0,93.0,14.0,17.0,2000,0,7,0.5116253039365549,2.833213344056216
2314,木夭丑友什71bb38ba,1.434,19.0,50.0,8.0,7.0,2002,4,2,0.36046774217742855,1.9459101490553132
2341,木夭丑友什72aa38ba,1.434,0.0,0.0,0.0,2.0,2008,0,7,0.36046774217742855,0.6931471805599453
